model,dataset,variant,n_classes,prauc,brier,ece
CatBoost (Optuna),abalone-3class,raw,3,0.722803,0.430246,0.026004
CatBoost (Optuna),abalone-3class,isotonic,3,0.719878,0.432993,0.023708
CatBoost (Optuna),abalone-3class,venn_abers,3,0.721996,0.432637,0.025938
CatBoost (Optuna),abalone-7class,raw,7,0.332173,0.750206,0.017941
CatBoost (Optuna),abalone-7class,isotonic,7,0.326882,0.755838,0.029124
CatBoost (Optuna),abalone-7class,venn_abers,7,0.328103,0.755228,0.023262
CatBoost (Optuna),appendicitis,raw,2,0.718758,0.257083,0.117562
CatBoost (Optuna),appendicitis,isotonic,2,0.444743,0.295252,0.130767
CatBoost (Optuna),appendicitis,venn_abers,2,0.515754,0.286887,0.12651
CatBoost (Optuna),led7digit,raw,10,0.766144,0.479919,0.266857
CatBoost (Optuna),led7digit,isotonic,10,0.749784,0.405524,0.04706
CatBoost (Optuna),led7digit,venn_abers,10,0.757285,0.416446,0.112695
CatBoost (Optuna),thyroid-newthyroid,raw,3,0.99226,0.138888,0.109964
CatBoost (Optuna),thyroid-newthyroid,isotonic,3,0.968956,0.127592,0.102606
CatBoost (Optuna),thyroid-newthyroid,venn_abers,3,0.984249,0.148777,0.146113
CatBoost (Optuna),robot-failure-lp1,raw,4,0.93379,0.340635,0.231109
CatBoost (Optuna),robot-failure-lp1,isotonic,4,0.90302,0.323937,0.122825
CatBoost (Optuna),robot-failure-lp1,venn_abers,4,0.946462,0.300664,0.18701
CatBoost (Optuna),leukemia-haslinger,raw,2,0.92213,0.235708,0.097916
CatBoost (Optuna),leukemia-haslinger,isotonic,2,0.832703,0.257179,0.162214
CatBoost (Optuna),leukemia-haslinger,venn_abers,2,0.900358,0.26311,0.129129
CatBoost (Optuna),teaching-assistant-evaluation,raw,3,0.658579,0.627994,0.267144
CatBoost (Optuna),teaching-assistant-evaluation,isotonic,3,0.614199,0.577134,0.116525
CatBoost (Optuna),teaching-assistant-evaluation,venn_abers,3,0.639129,0.560359,0.097133
CatBoost (Optuna),planning-relax,raw,2,0.319414,0.504691,0.175562
CatBoost (Optuna),planning-relax,isotonic,2,0.303606,0.424073,0.041026
CatBoost (Optuna),planning-relax,venn_abers,2,0.29794,0.415387,0.064867
CatBoost (Optuna),molecular-promotor-gene,raw,2,0.949826,0.260548,0.195125
CatBoost (Optuna),molecular-promotor-gene,isotonic,2,0.906213,0.231038,0.129736
CatBoost (Optuna),molecular-promotor-gene,venn_abers,2,0.946633,0.232377,0.114742
CatBoost (Optuna),colon32,raw,2,0.880804,0.303721,0.208126
CatBoost (Optuna),colon32,isotonic,2,0.834623,0.283422,0.190435
CatBoost (Optuna),colon32,venn_abers,2,0.827331,0.301021,0.18951
CatBoost (Optuna),hill-valley-without-noise,raw,2,0.632342,0.611547,0.251582
CatBoost (Optuna),hill-valley-without-noise,isotonic,2,0.602721,0.481566,0.067134
CatBoost (Optuna),hill-valley-without-noise,venn_abers,2,0.607772,0.478416,0.071652
CatBoost (Optuna),artificial-characters,raw,10,0.94714,0.16062,0.039893
CatBoost (Optuna),artificial-characters,isotonic,10,0.944782,0.157156,0.013021
CatBoost (Optuna),artificial-characters,venn_abers,10,0.94742,0.157403,0.018884
CatBoost (Optuna),autoUniv-au1-1000,raw,2,0.845487,0.360553,0.099217
CatBoost (Optuna),autoUniv-au1-1000,isotonic,2,0.838958,0.345356,0.046486
CatBoost (Optuna),autoUniv-au1-1000,venn_abers,2,0.842518,0.344922,0.049829
CatBoost (Optuna),autoUniv-au4-2500,raw,3,0.701121,0.449962,0.036226
CatBoost (Optuna),autoUniv-au4-2500,isotonic,3,0.695108,0.453045,0.033506
CatBoost (Optuna),autoUniv-au4-2500,venn_abers,3,0.698092,0.45276,0.040317
CatBoost (Optuna),autoUniv-au6-1000,raw,8,0.231877,0.850794,0.046908
CatBoost (Optuna),autoUniv-au6-1000,isotonic,8,0.219159,0.864348,0.060792
CatBoost (Optuna),autoUniv-au6-1000,venn_abers,8,0.224406,0.849251,0.048307
CatBoost (Optuna),autoUniv-au6-250-drift-au6-cd1-500,raw,8,0.227432,0.851652,0.053241
CatBoost (Optuna),autoUniv-au6-250-drift-au6-cd1-500,isotonic,8,0.21178,0.861147,0.056656
CatBoost (Optuna),autoUniv-au6-250-drift-au6-cd1-500,venn_abers,8,0.219487,0.857196,0.058352
CatBoost (Optuna),autoUniv-au6-cd1-400,raw,8,0.329339,0.804577,0.106368
CatBoost (Optuna),autoUniv-au6-cd1-400,isotonic,8,0.317758,0.807377,0.071518
CatBoost (Optuna),autoUniv-au6-cd1-400,venn_abers,8,0.320785,0.805878,0.088223
CatBoost (Optuna),autoUniv-au7-300-drift-au7-cpd1-800,raw,5,0.399274,0.718526,0.082239
CatBoost (Optuna),autoUniv-au7-300-drift-au7-cpd1-800,isotonic,5,0.401288,0.713734,0.048619
CatBoost (Optuna),autoUniv-au7-300-drift-au7-cpd1-800,venn_abers,5,0.402908,0.711063,0.057615
CatBoost (Optuna),autoUniv-au7-700,raw,3,0.53931,0.589449,0.081575
CatBoost (Optuna),autoUniv-au7-700,isotonic,3,0.544127,0.576151,0.054986
CatBoost (Optuna),autoUniv-au7-700,venn_abers,3,0.547214,0.57356,0.079504
CatBoost (Optuna),autoUniv-au7-cpd1-500,raw,5,0.460439,0.683852,0.095178
CatBoost (Optuna),autoUniv-au7-cpd1-500,isotonic,5,0.463024,0.679419,0.052942
CatBoost (Optuna),autoUniv-au7-cpd1-500,venn_abers,5,0.471151,0.675429,0.049203
CatBoost (Optuna),balance-scale,raw,3,0.954436,0.117474,0.045539
CatBoost (Optuna),balance-scale,isotonic,3,0.945839,0.112923,0.062094
CatBoost (Optuna),balance-scale,venn_abers,3,0.962074,0.11507,0.061522
CatBoost (Optuna),banana,raw,2,0.967328,0.134746,0.01401
CatBoost (Optuna),banana,isotonic,2,0.962331,0.136492,0.008558
CatBoost (Optuna),banana,venn_abers,2,0.964153,0.136175,0.012304
CatBoost (Optuna),bank-marketing,raw,2,0.537324,0.146773,0.028497
CatBoost (Optuna),bank-marketing,isotonic,2,0.510535,0.142963,0.013581
CatBoost (Optuna),bank-marketing,venn_abers,2,0.515756,0.143079,0.015715
CatBoost (Optuna),bank-marketing-full,raw,2,0.582498,0.130645,0.01615
CatBoost (Optuna),bank-marketing-full,isotonic,2,0.562427,0.129681,0.01027
CatBoost (Optuna),bank-marketing-full,venn_abers,2,0.567146,0.129588,0.008815
CatBoost (Optuna),blogger,raw,2,0.906722,0.433967,0.1912
CatBoost (Optuna),blogger,isotonic,2,0.850817,0.438553,0.172132
CatBoost (Optuna),blogger,venn_abers,2,0.876576,0.41319,0.172677
CatBoost (Optuna),blood-transfusion-service,raw,2,0.488284,0.330989,0.08479
CatBoost (Optuna),blood-transfusion-service,isotonic,2,0.421591,0.332861,0.070196
CatBoost (Optuna),blood-transfusion-service,venn_abers,2,0.430899,0.331348,0.071448
CatBoost (Optuna),breast-cancer-wisconsin,raw,2,0.987336,0.04899,0.015421
CatBoost (Optuna),breast-cancer-wisconsin,isotonic,2,0.975312,0.053372,0.025836
CatBoost (Optuna),breast-cancer-wisconsin,venn_abers,2,0.985828,0.054285,0.034201
CatBoost (Optuna),bupa,raw,2,0.807345,0.361884,0.074264
CatBoost (Optuna),bupa,isotonic,2,0.784343,0.3783,0.055001
CatBoost (Optuna),bupa,venn_abers,2,0.792941,0.374003,0.059417
CatBoost (Optuna),cardiotocography-3class,raw,3,0.996443,0.02121,0.005163
CatBoost (Optuna),cardiotocography-3class,isotonic,3,0.993977,0.025294,0.007492
CatBoost (Optuna),cardiotocography-3class,venn_abers,3,0.996413,0.026896,0.02108
CatBoost (Optuna),car-evaluation,raw,4,0.99943,0.009125,0.0073
CatBoost (Optuna),car-evaluation,isotonic,4,0.997389,0.010361,0.00624
CatBoost (Optuna),car-evaluation,venn_abers,4,0.999422,0.011169,0.021721
CatBoost (Optuna),climate-simulation-craches,raw,2,0.983236,0.155852,0.063398
CatBoost (Optuna),climate-simulation-craches,isotonic,2,0.978136,0.155283,0.071264
CatBoost (Optuna),climate-simulation-craches,venn_abers,2,0.981482,0.156386,0.05693
CatBoost (Optuna),connectionist-mines-vs-rocks,raw,2,0.949898,0.220251,0.068864
CatBoost (Optuna),connectionist-mines-vs-rocks,isotonic,2,0.919045,0.252829,0.120736
CatBoost (Optuna),connectionist-mines-vs-rocks,venn_abers,2,0.942112,0.249669,0.103341
CatBoost (Optuna),contraceptive-method-choice,raw,3,0.616026,0.537546,0.043425
CatBoost (Optuna),contraceptive-method-choice,isotonic,3,0.61159,0.541598,0.038895
CatBoost (Optuna),contraceptive-method-choice,venn_abers,3,0.612629,0.540404,0.036101
CatBoost (Optuna),dermatology,raw,6,0.993185,0.053231,0.065528
CatBoost (Optuna),dermatology,isotonic,6,0.982571,0.053909,0.029551
CatBoost (Optuna),dermatology,venn_abers,6,0.990968,0.077411,0.093319
CatBoost (Optuna),eeg-eye-state,raw,2,0.984923,0.085733,0.008196
CatBoost (Optuna),eeg-eye-state,isotonic,2,0.982687,0.086007,0.006695
CatBoost (Optuna),eeg-eye-state,venn_abers,2,0.983726,0.085971,0.007675
CatBoost (Optuna),flare,raw,6,0.731768,0.33152,0.038443
CatBoost (Optuna),flare,isotonic,6,0.729179,0.33606,0.028586
CatBoost (Optuna),flare,venn_abers,6,0.725693,0.340968,0.051138
CatBoost (Optuna),glioma16,raw,2,0.90419,0.241078,0.181633
CatBoost (Optuna),glioma16,isotonic,2,0.902195,0.248496,0.129751
CatBoost (Optuna),glioma16,venn_abers,2,0.88697,0.261042,0.113434
CatBoost (Optuna),habermans-survival,raw,2,0.495177,0.369565,0.08251
CatBoost (Optuna),habermans-survival,isotonic,2,0.386009,0.372005,0.092131
CatBoost (Optuna),habermans-survival,venn_abers,2,0.419746,0.369276,0.087566
CatBoost (Optuna),hayes-roth,raw,3,0.934727,0.240467,0.071345
CatBoost (Optuna),hayes-roth,isotonic,3,0.902288,0.238423,0.10927
CatBoost (Optuna),hayes-roth,venn_abers,3,0.931493,0.24558,0.107168
CatBoost (Optuna),heart-disease-processed-hungarian,raw,2,0.849216,0.311431,0.120606
CatBoost (Optuna),heart-disease-processed-hungarian,isotonic,2,0.756955,0.308728,0.134983
CatBoost (Optuna),heart-disease-processed-hungarian,venn_abers,2,0.781108,0.308966,0.128887
CatBoost (Optuna),hepatitis,raw,2,0.957074,0.279684,0.13156
CatBoost (Optuna),hepatitis,isotonic,2,0.930535,0.287751,0.155754
CatBoost (Optuna),hepatitis,venn_abers,2,0.934829,0.286342,0.139641
CatBoost (Optuna),hill-valley-with-noise,raw,2,0.590922,0.620146,0.219629
CatBoost (Optuna),hill-valley-with-noise,isotonic,2,0.554882,0.503558,0.048324
CatBoost (Optuna),hill-valley-with-noise,venn_abers,2,0.56391,0.498333,0.045254
CatBoost (Optuna),indian-liver-patient,raw,2,0.483035,0.386042,0.097809
CatBoost (Optuna),indian-liver-patient,isotonic,2,0.42435,0.383102,0.063661
CatBoost (Optuna),indian-liver-patient,venn_abers,2,0.431506,0.378402,0.063467
CatBoost (Optuna),ionosphere,raw,2,0.972293,0.116521,0.077497
CatBoost (Optuna),ionosphere,isotonic,2,0.943822,0.120284,0.084222
CatBoost (Optuna),ionosphere,venn_abers,2,0.958345,0.130289,0.096258
CatBoost (Optuna),iris,raw,3,0.989985,0.178671,0.202649
CatBoost (Optuna),iris,isotonic,3,0.9664,0.111656,0.110351
CatBoost (Optuna),iris,venn_abers,3,0.962369,0.197761,0.108961
CatBoost (Optuna),lsvt-voice-rehabilitation,raw,2,0.907881,0.328375,0.152541
CatBoost (Optuna),lsvt-voice-rehabilitation,isotonic,2,0.871589,0.379362,0.190539
CatBoost (Optuna),lsvt-voice-rehabilitation,venn_abers,2,0.885543,0.363339,0.162945
CatBoost (Optuna),magic,raw,2,0.912438,0.175988,0.011763
CatBoost (Optuna),magic,isotonic,2,0.904457,0.176789,0.009903
CatBoost (Optuna),magic,venn_abers,2,0.906776,0.176639,0.00941
CatBoost (Optuna),mammographic-mass,raw,2,0.881737,0.297074,0.137875
CatBoost (Optuna),mammographic-mass,isotonic,2,0.853748,0.255589,0.054335
CatBoost (Optuna),mammographic-mass,venn_abers,2,0.862429,0.254619,0.048261
CatBoost (Optuna),mfeat-fourier,raw,10,0.881783,0.223408,0.030672
CatBoost (Optuna),mfeat-fourier,isotonic,10,0.876172,0.221045,0.025518
CatBoost (Optuna),mfeat-fourier,venn_abers,10,0.881114,0.223479,0.037955
CatBoost (Optuna),molecular-splice-junction,raw,3,0.988847,0.06337,0.012252
CatBoost (Optuna),molecular-splice-junction,isotonic,3,0.986415,0.061974,0.011181
CatBoost (Optuna),molecular-splice-junction,venn_abers,3,0.988735,0.062997,0.019317
CatBoost (Optuna),monks1,raw,2,1.0,0.001037,0.015243
CatBoost (Optuna),monks1,isotonic,2,1.0,7e-06,0.000193
CatBoost (Optuna),monks1,venn_abers,2,0.999504,0.009486,0.023076
CatBoost (Optuna),monks3,raw,2,0.993467,0.054368,0.068072
CatBoost (Optuna),monks3,isotonic,2,0.974931,0.049191,0.012775
CatBoost (Optuna),monks3,venn_abers,2,0.991706,0.045362,0.028464
CatBoost (Optuna),mushroom,raw,2,1.0,2e-06,0.00033
CatBoost (Optuna),mushroom,isotonic,2,1.0,0.0,1e-06
CatBoost (Optuna),mushroom,venn_abers,2,1.0,0.000531,0.002464
CatBoost (Optuna),mushroom-expanded,raw,2,1.0,3e-06,0.000283
CatBoost (Optuna),mushroom-expanded,isotonic,2,1.0,1e-06,1.9e-05
CatBoost (Optuna),mushroom-expanded,venn_abers,2,1.0,0.000611,0.002449
CatBoost (Optuna),nursery-4class,raw,4,1.0,0.000267,0.003814
CatBoost (Optuna),nursery-4class,isotonic,4,1.0,2e-06,2.4e-05
CatBoost (Optuna),nursery-4class,venn_abers,4,1.0,0.000675,0.004389
CatBoost (Optuna),optdigits,raw,10,0.998513,0.022256,0.006403
CatBoost (Optuna),optdigits,isotonic,10,0.996031,0.022806,0.005912
CatBoost (Optuna),optdigits,venn_abers,10,0.998536,0.024514,0.021087
CatBoost (Optuna),ozone-eighthr,raw,2,0.513867,0.09165,0.031271
CatBoost (Optuna),ozone-eighthr,isotonic,2,0.472897,0.088307,0.017283
CatBoost (Optuna),ozone-eighthr,venn_abers,2,0.484647,0.087754,0.01573
CatBoost (Optuna),ozone-onehr,raw,2,0.269836,0.051181,0.015145
CatBoost (Optuna),ozone-onehr,isotonic,2,0.191617,0.052822,0.012216
CatBoost (Optuna),ozone-onehr,venn_abers,2,0.231834,0.05164,0.0134
CatBoost (Optuna),page-blocks,raw,5,0.989552,0.060269,0.032103
CatBoost (Optuna),page-blocks,isotonic,5,0.987481,0.053123,0.014532
CatBoost (Optuna),page-blocks,venn_abers,5,0.988879,0.055523,0.030331
CatBoost (Optuna),parkinsons,raw,2,0.991612,0.10384,0.050433
CatBoost (Optuna),parkinsons,isotonic,2,0.976479,0.108831,0.058241
CatBoost (Optuna),parkinsons,venn_abers,2,0.991338,0.114669,0.083137
CatBoost (Optuna),pendigits,raw,10,0.999074,0.009301,0.003066
CatBoost (Optuna),pendigits,isotonic,10,0.998198,0.008472,0.00147
CatBoost (Optuna),pendigits,venn_abers,10,0.999083,0.009639,0.012135
CatBoost (Optuna),phoneme,raw,2,0.918102,0.136314,0.030238
CatBoost (Optuna),phoneme,isotonic,2,0.908747,0.135283,0.01536
CatBoost (Optuna),phoneme,venn_abers,2,0.911908,0.135206,0.013169
CatBoost (Optuna),pima-indians-diabetes,raw,2,0.714045,0.319193,0.042301
CatBoost (Optuna),pima-indians-diabetes,isotonic,2,0.689976,0.328422,0.056112
CatBoost (Optuna),pima-indians-diabetes,venn_abers,2,0.694361,0.325432,0.043644
CatBoost (Optuna),qsar-biodegradation,raw,2,0.885162,0.207519,0.043399
CatBoost (Optuna),qsar-biodegradation,isotonic,2,0.853285,0.216364,0.04632
CatBoost (Optuna),qsar-biodegradation,venn_abers,2,0.86153,0.216235,0.049463
CatBoost (Optuna),ringnorm,raw,2,0.996162,0.044127,0.017077
CatBoost (Optuna),ringnorm,isotonic,2,0.995063,0.041558,0.005528
CatBoost (Optuna),ringnorm,venn_abers,2,0.995698,0.041583,0.006876
CatBoost (Optuna),robot-failure-lp4,raw,3,0.97686,0.181544,0.079705
CatBoost (Optuna),robot-failure-lp4,isotonic,3,0.964913,0.105437,0.035032
CatBoost (Optuna),robot-failure-lp4,venn_abers,3,0.976172,0.132034,0.132533
CatBoost (Optuna),robot-failure-lp5,raw,5,0.73125,0.475719,0.152528
CatBoost (Optuna),robot-failure-lp5,isotonic,5,0.724188,0.438186,0.130858
CatBoost (Optuna),robot-failure-lp5,venn_abers,5,0.732349,0.435249,0.116655
CatBoost (Optuna),robot-nav-sensor-readings-24,raw,4,0.999936,0.005661,0.002486
CatBoost (Optuna),robot-nav-sensor-readings-24,isotonic,4,0.999246,0.00559,0.002936
CatBoost (Optuna),robot-nav-sensor-readings-24,venn_abers,4,0.999941,0.006454,0.010319
CatBoost (Optuna),robot-nav-sensor-readings-2,raw,4,0.999984,0.002475,0.001993
CatBoost (Optuna),robot-nav-sensor-readings-2,isotonic,4,0.999279,0.002392,0.001118
CatBoost (Optuna),robot-nav-sensor-readings-2,venn_abers,4,0.999985,0.005341,0.014215
CatBoost (Optuna),robot-nav-sensor-readings-4,raw,4,0.999977,0.003363,0.001461
CatBoost (Optuna),robot-nav-sensor-readings-4,isotonic,4,0.999737,0.003064,0.002356
CatBoost (Optuna),robot-nav-sensor-readings-4,venn_abers,4,0.999981,0.008624,0.031252
CatBoost (Optuna),saheart,raw,2,0.651354,0.400704,0.110192
CatBoost (Optuna),saheart,isotonic,2,0.596353,0.405794,0.09583
CatBoost (Optuna),saheart,venn_abers,2,0.614991,0.396732,0.076524
CatBoost (Optuna),seeds,raw,3,0.986227,0.178857,0.136958
CatBoost (Optuna),seeds,isotonic,3,0.93277,0.166849,0.10769
CatBoost (Optuna),seeds,venn_abers,3,0.97556,0.184228,0.146449
CatBoost (Optuna),seismic-bumps,raw,2,0.975579,0.119454,0.04267
CatBoost (Optuna),seismic-bumps,isotonic,2,0.970297,0.115059,0.018525
CatBoost (Optuna),seismic-bumps,venn_abers,2,0.972924,0.123729,0.02699
CatBoost (Optuna),semeion,raw,10,0.987704,0.074052,0.01314
CatBoost (Optuna),semeion,isotonic,10,0.985082,0.078109,0.016409
CatBoost (Optuna),semeion,venn_abers,10,0.988072,0.079705,0.044459
CatBoost (Optuna),skin-segmentation,raw,2,0.999969,0.003027,0.001202
CatBoost (Optuna),skin-segmentation,isotonic,2,0.999798,0.001902,0.000794
CatBoost (Optuna),skin-segmentation,venn_abers,2,0.999968,0.002138,0.002303
CatBoost (Optuna),spambase,raw,2,0.982874,0.064792,0.012375
CatBoost (Optuna),spambase,isotonic,2,0.979279,0.066003,0.011942
CatBoost (Optuna),spambase,venn_abers,2,0.980862,0.066065,0.010676
CatBoost (Optuna),spectf-heart,raw,2,0.98232,0.207573,0.080386
CatBoost (Optuna),spectf-heart,isotonic,2,0.962249,0.180824,0.072797
CatBoost (Optuna),spectf-heart,venn_abers,2,0.977517,0.176982,0.072118
CatBoost (Optuna),statlog-australian-credit,raw,2,0.924097,0.196431,0.039762
CatBoost (Optuna),statlog-australian-credit,isotonic,2,0.907473,0.203119,0.024735
CatBoost (Optuna),statlog-australian-credit,venn_abers,2,0.914543,0.204084,0.028427
CatBoost (Optuna),statlog-german-credit,raw,2,0.652872,0.324623,0.06412
CatBoost (Optuna),statlog-german-credit,isotonic,2,0.608954,0.33242,0.042085
CatBoost (Optuna),statlog-german-credit,venn_abers,2,0.629478,0.327273,0.04364
CatBoost (Optuna),statlog-heart,raw,2,0.897726,0.406889,0.203959
CatBoost (Optuna),statlog-heart,isotonic,2,0.849126,0.297391,0.077313
CatBoost (Optuna),statlog-heart,venn_abers,2,0.87345,0.296829,0.082157
CatBoost (Optuna),statlog-image-segmentation,raw,7,0.997181,0.026617,0.007509
CatBoost (Optuna),statlog-image-segmentation,isotonic,7,0.994464,0.02647,0.007124
CatBoost (Optuna),statlog-image-segmentation,venn_abers,7,0.997073,0.029931,0.032057
CatBoost (Optuna),statlog-landsat-satellite,raw,6,0.965038,0.132358,0.039513
CatBoost (Optuna),statlog-landsat-satellite,isotonic,6,0.960498,0.134118,0.022793
CatBoost (Optuna),statlog-landsat-satellite,venn_abers,6,0.96392,0.136386,0.030342
CatBoost (Optuna),statlog-vehicle-silhouettes,raw,4,0.834245,0.289839,0.051047
CatBoost (Optuna),statlog-vehicle-silhouettes,isotonic,4,0.824337,0.288188,0.047073
CatBoost (Optuna),statlog-vehicle-silhouettes,venn_abers,4,0.833317,0.288643,0.048356
CatBoost (Optuna),systhetic-control,raw,6,0.999292,0.037238,0.076405
CatBoost (Optuna),systhetic-control,isotonic,6,0.99122,0.016297,0.011745
CatBoost (Optuna),systhetic-control,venn_abers,6,0.998809,0.036417,0.076272
CatBoost (Optuna),thoracic-surgery,raw,2,0.903091,0.253849,0.044937
CatBoost (Optuna),thoracic-surgery,isotonic,2,0.869625,0.262312,0.070596
CatBoost (Optuna),thoracic-surgery,venn_abers,2,0.87694,0.274601,0.087642
CatBoost (Optuna),thyroid-allbp,raw,5,0.774646,0.392648,0.034622
CatBoost (Optuna),thyroid-allbp,isotonic,5,0.774466,0.390727,0.022425
CatBoost (Optuna),thyroid-allbp,venn_abers,5,0.774622,0.391214,0.021272
CatBoost (Optuna),thyroid-ann,raw,3,0.999211,0.003665,0.002351
CatBoost (Optuna),thyroid-ann,isotonic,3,0.997975,0.003972,0.001966
CatBoost (Optuna),thyroid-ann,venn_abers,3,0.999123,0.00723,0.015436
CatBoost (Optuna),thyroid-sick,raw,5,0.771298,0.398624,0.03429
CatBoost (Optuna),thyroid-sick,isotonic,5,0.76685,0.399706,0.024602
CatBoost (Optuna),thyroid-sick,venn_abers,5,0.768559,0.399845,0.02958
CatBoost (Optuna),thyroid-sick-euthyroid,raw,2,0.909595,0.038528,0.011071
CatBoost (Optuna),thyroid-sick-euthyroid,isotonic,2,0.879645,0.038522,0.008557
CatBoost (Optuna),thyroid-sick-euthyroid,venn_abers,2,0.896063,0.038933,0.013758
CatBoost (Optuna),user-knowledge,raw,5,0.959921,0.132494,0.039228
CatBoost (Optuna),user-knowledge,isotonic,5,0.936245,0.135228,0.050634
CatBoost (Optuna),user-knowledge,venn_abers,5,0.956136,0.140967,0.078521
CatBoost (Optuna),vertebra-column-2c,raw,2,0.867044,0.234208,0.082928
CatBoost (Optuna),vertebra-column-2c,isotonic,2,0.82152,0.24011,0.068054
CatBoost (Optuna),vertebra-column-2c,venn_abers,2,0.848074,0.237856,0.054399
CatBoost (Optuna),vertebra-column-3c,raw,3,0.907257,0.221942,0.082674
CatBoost (Optuna),vertebra-column-3c,isotonic,3,0.893487,0.22048,0.067382
CatBoost (Optuna),vertebra-column-3c,venn_abers,3,0.908762,0.227695,0.080058
CatBoost (Optuna),volcanoes-a1,raw,5,0.986878,0.037382,0.014615
CatBoost (Optuna),volcanoes-a1,isotonic,5,0.985062,0.043612,0.01175
CatBoost (Optuna),volcanoes-a1,venn_abers,5,0.986323,0.046803,0.02776
CatBoost (Optuna),volcanoes-a2,raw,5,0.927239,0.143102,0.07066
CatBoost (Optuna),volcanoes-a2,isotonic,5,0.9209,0.134012,0.023029
CatBoost (Optuna),volcanoes-a2,venn_abers,5,0.925042,0.133974,0.040085
CatBoost (Optuna),volcanoes-a4,raw,5,0.919123,0.155198,0.073745
CatBoost (Optuna),volcanoes-a4,isotonic,5,0.908405,0.146798,0.022888
CatBoost (Optuna),volcanoes-a4,venn_abers,5,0.913724,0.145743,0.033899
CatBoost (Optuna),volcanoes-b1,raw,5,0.96454,0.062446,0.022349
CatBoost (Optuna),volcanoes-b1,isotonic,5,0.961201,0.061744,0.009034
CatBoost (Optuna),volcanoes-b1,venn_abers,5,0.963048,0.061477,0.013544
CatBoost (Optuna),volcanoes-b2,raw,5,0.966676,0.056161,0.013861
CatBoost (Optuna),volcanoes-b2,isotonic,5,0.964574,0.055918,0.005329
CatBoost (Optuna),volcanoes-b2,venn_abers,5,0.964971,0.055738,0.009505
CatBoost (Optuna),volcanoes-c1,raw,5,0.975829,0.045053,0.014262
CatBoost (Optuna),volcanoes-c1,isotonic,5,0.973571,0.046193,0.007462
CatBoost (Optuna),volcanoes-c1,venn_abers,5,0.974619,0.046264,0.014212
CatBoost (Optuna),volcanoes-d1,raw,5,0.934125,0.098718,0.014015
CatBoost (Optuna),volcanoes-d1,isotonic,5,0.93247,0.102764,0.007283
CatBoost (Optuna),volcanoes-d1,venn_abers,5,0.934036,0.100896,0.01035
CatBoost (Optuna),volcanoes-d2,raw,5,0.937697,0.095315,0.010685
CatBoost (Optuna),volcanoes-d2,isotonic,5,0.935849,0.097047,0.006045
CatBoost (Optuna),volcanoes-d2,venn_abers,5,0.936936,0.096529,0.011376
CatBoost (Optuna),waveform-v1,raw,3,0.944867,0.195128,0.034627
CatBoost (Optuna),waveform-v1,isotonic,3,0.941016,0.193927,0.01724
CatBoost (Optuna),waveform-v1,venn_abers,3,0.944064,0.19412,0.0154
CatBoost (Optuna),wdbc,raw,2,0.992178,0.05381,0.025336
CatBoost (Optuna),wdbc,isotonic,2,0.97526,0.062197,0.028947
CatBoost (Optuna),wdbc,venn_abers,2,0.990591,0.065447,0.042752
CatBoost (Optuna),wholesale-channel,raw,2,0.930291,0.197316,0.105492
CatBoost (Optuna),wholesale-channel,isotonic,2,0.821044,0.179447,0.056883
CatBoost (Optuna),wholesale-channel,venn_abers,2,0.894163,0.189083,0.082024
CatBoost (Optuna),wholesale-region,raw,3,0.570406,0.465963,0.096762
CatBoost (Optuna),wholesale-region,isotonic,3,0.560965,0.452926,0.07273
CatBoost (Optuna),wholesale-region,venn_abers,3,0.561385,0.451857,0.07604
CatBoost (Optuna),wilt,raw,2,0.93469,0.020598,0.003847
CatBoost (Optuna),wilt,isotonic,2,0.914952,0.020775,0.003982
CatBoost (Optuna),wilt,venn_abers,2,0.925998,0.020774,0.00738
CatBoost (Optuna),wine-quality-5class,raw,5,0.733636,0.479519,0.143467
CatBoost (Optuna),wine-quality-5class,isotonic,5,0.735358,0.448836,0.033551
CatBoost (Optuna),wine-quality-5class,venn_abers,5,0.735958,0.448482,0.028855
CatBoost (Optuna),yeast-4class,raw,4,0.690069,0.472936,0.041256
CatBoost (Optuna),yeast-4class,isotonic,4,0.681113,0.477111,0.039443
CatBoost (Optuna),yeast-4class,venn_abers,4,0.684128,0.476458,0.028259
HistGradientBoosting (Optuna),abalone-3class,raw,3,0.711044,0.4433,0.018621
HistGradientBoosting (Optuna),abalone-3class,isotonic,3,0.708207,0.444269,0.023965
HistGradientBoosting (Optuna),abalone-3class,venn_abers,3,0.71037,0.444244,0.019633
HistGradientBoosting (Optuna),abalone-7class,raw,7,0.316978,0.785458,0.055112
HistGradientBoosting (Optuna),abalone-7class,isotonic,7,0.306549,0.787713,0.043918
HistGradientBoosting (Optuna),abalone-7class,venn_abers,7,0.304881,0.789343,0.050693
HistGradientBoosting (Optuna),appendicitis,raw,2,0.656007,0.282826,0.138017
HistGradientBoosting (Optuna),appendicitis,isotonic,2,0.564155,0.263981,0.118428
HistGradientBoosting (Optuna),appendicitis,venn_abers,2,0.584543,0.270878,0.134797
HistGradientBoosting (Optuna),artificial-characters,raw,10,0.973842,0.118974,0.045973
HistGradientBoosting (Optuna),artificial-characters,isotonic,10,0.969981,0.112661,0.01175
HistGradientBoosting (Optuna),artificial-characters,venn_abers,10,0.973832,0.112711,0.011714
HistGradientBoosting (Optuna),autoUniv-au1-1000,raw,2,0.831146,0.400282,0.064686
HistGradientBoosting (Optuna),autoUniv-au1-1000,isotonic,2,0.812647,0.356794,0.093488
HistGradientBoosting (Optuna),autoUniv-au1-1000,venn_abers,2,0.813552,0.356031,0.097029
HistGradientBoosting (Optuna),autoUniv-au4-2500,raw,3,0.677729,0.52554,0.149562
HistGradientBoosting (Optuna),autoUniv-au4-2500,isotonic,3,0.654089,0.500126,0.069581
HistGradientBoosting (Optuna),autoUniv-au4-2500,venn_abers,3,0.663275,0.501631,0.073075
HistGradientBoosting (Optuna),autoUniv-au6-1000,raw,8,0.234433,0.858562,0.072587
HistGradientBoosting (Optuna),autoUniv-au6-1000,isotonic,8,0.243366,0.83468,0.030696
HistGradientBoosting (Optuna),autoUniv-au6-1000,venn_abers,8,0.239562,0.833954,0.030346
HistGradientBoosting (Optuna),autoUniv-au6-250-drift-au6-cd1-500,raw,8,0.241731,0.906942,0.151647
HistGradientBoosting (Optuna),autoUniv-au6-250-drift-au6-cd1-500,isotonic,8,0.243122,0.845081,0.071206
HistGradientBoosting (Optuna),autoUniv-au6-250-drift-au6-cd1-500,venn_abers,8,0.240538,0.842216,0.053764
HistGradientBoosting (Optuna),autoUniv-au6-cd1-400,raw,8,0.333105,0.976213,0.310667
HistGradientBoosting (Optuna),autoUniv-au6-cd1-400,isotonic,8,0.332576,0.797782,0.061462
HistGradientBoosting (Optuna),autoUniv-au6-cd1-400,venn_abers,8,0.33317,0.800249,0.071475
HistGradientBoosting (Optuna),autoUniv-au7-300-drift-au7-cpd1-800,raw,5,0.3965,0.728149,0.061893
HistGradientBoosting (Optuna),autoUniv-au7-300-drift-au7-cpd1-800,isotonic,5,0.399644,0.716154,0.051504
HistGradientBoosting (Optuna),autoUniv-au7-300-drift-au7-cpd1-800,venn_abers,5,0.398835,0.715229,0.058062
HistGradientBoosting (Optuna),autoUniv-au7-700,raw,3,0.528501,0.701706,0.22561
HistGradientBoosting (Optuna),autoUniv-au7-700,isotonic,3,0.517689,0.617524,0.108985
HistGradientBoosting (Optuna),autoUniv-au7-700,venn_abers,3,0.52426,0.606468,0.087611
HistGradientBoosting (Optuna),autoUniv-au7-cpd1-500,raw,5,0.458059,0.707693,0.085626
HistGradientBoosting (Optuna),autoUniv-au7-cpd1-500,isotonic,5,0.434536,0.742295,0.106802
HistGradientBoosting (Optuna),autoUniv-au7-cpd1-500,venn_abers,5,0.440321,0.724515,0.06175
HistGradientBoosting (Optuna),balance-scale,raw,3,0.960783,0.123822,0.051551
HistGradientBoosting (Optuna),balance-scale,isotonic,3,0.957513,0.116917,0.025186
HistGradientBoosting (Optuna),balance-scale,venn_abers,3,0.95705,0.117964,0.044529
HistGradientBoosting (Optuna),banana,raw,2,0.963806,0.142981,0.011856
HistGradientBoosting (Optuna),banana,isotonic,2,0.957925,0.143042,0.012766
HistGradientBoosting (Optuna),banana,venn_abers,2,0.9607,0.142896,0.013957
HistGradientBoosting (Optuna),bank-marketing,raw,2,0.548647,0.171658,0.026207
HistGradientBoosting (Optuna),bank-marketing,isotonic,2,0.517381,0.149153,0.018191
HistGradientBoosting (Optuna),bank-marketing,venn_abers,2,0.527789,0.148827,0.017797
HistGradientBoosting (Optuna),bank-marketing-full,raw,2,0.587536,0.161579,0.021775
HistGradientBoosting (Optuna),bank-marketing-full,isotonic,2,0.548303,0.151456,0.036488
HistGradientBoosting (Optuna),bank-marketing-full,venn_abers,2,0.552844,0.150947,0.028637
HistGradientBoosting (Optuna),blogger,raw,2,0.787451,0.390349,0.139754
HistGradientBoosting (Optuna),blogger,isotonic,2,0.757705,0.37652,0.138787
HistGradientBoosting (Optuna),blogger,venn_abers,2,0.750788,0.364334,0.085856
HistGradientBoosting (Optuna),blood-transfusion-service,raw,2,0.491874,0.391055,0.051469
HistGradientBoosting (Optuna),blood-transfusion-service,isotonic,2,0.466983,0.332665,0.06704
HistGradientBoosting (Optuna),blood-transfusion-service,venn_abers,2,0.473638,0.329092,0.054088
HistGradientBoosting (Optuna),breast-cancer-wisconsin,raw,2,0.968813,0.065211,0.022027
HistGradientBoosting (Optuna),breast-cancer-wisconsin,isotonic,2,0.957049,0.066104,0.019645
HistGradientBoosting (Optuna),breast-cancer-wisconsin,venn_abers,2,0.969646,0.067113,0.03021
HistGradientBoosting (Optuna),bupa,raw,2,0.81545,0.381201,0.084508
HistGradientBoosting (Optuna),bupa,isotonic,2,0.791512,0.380603,0.086612
HistGradientBoosting (Optuna),bupa,venn_abers,2,0.804482,0.379101,0.087629
HistGradientBoosting (Optuna),cardiotocography-3class,raw,3,0.997922,0.019707,0.005326
HistGradientBoosting (Optuna),cardiotocography-3class,isotonic,3,0.99287,0.020222,0.008075
HistGradientBoosting (Optuna),cardiotocography-3class,venn_abers,3,0.997498,0.025999,0.034077
HistGradientBoosting (Optuna),car-evaluation,raw,4,0.999976,0.004725,0.004337
HistGradientBoosting (Optuna),car-evaluation,isotonic,4,0.997744,0.008364,0.004956
HistGradientBoosting (Optuna),car-evaluation,venn_abers,4,0.999911,0.007987,0.019624
HistGradientBoosting (Optuna),climate-simulation-craches,raw,2,0.983359,0.211835,0.073504
HistGradientBoosting (Optuna),climate-simulation-craches,isotonic,2,0.9757,0.143539,0.040387
HistGradientBoosting (Optuna),climate-simulation-craches,venn_abers,2,0.97841,0.144688,0.047592
HistGradientBoosting (Optuna),colon32,raw,2,0.821086,0.345617,0.197713
HistGradientBoosting (Optuna),colon32,isotonic,2,0.722202,0.372221,0.199403
HistGradientBoosting (Optuna),colon32,venn_abers,2,0.722077,0.365265,0.151974
HistGradientBoosting (Optuna),connectionist-mines-vs-rocks,raw,2,0.909375,0.278286,0.114566
HistGradientBoosting (Optuna),connectionist-mines-vs-rocks,isotonic,2,0.866793,0.304462,0.088245
HistGradientBoosting (Optuna),connectionist-mines-vs-rocks,venn_abers,2,0.88471,0.296826,0.075636
HistGradientBoosting (Optuna),contraceptive-method-choice,raw,3,0.599135,0.561279,0.029526
HistGradientBoosting (Optuna),contraceptive-method-choice,isotonic,3,0.589203,0.563227,0.04747
HistGradientBoosting (Optuna),contraceptive-method-choice,venn_abers,3,0.590057,0.561175,0.027788
HistGradientBoosting (Optuna),dermatology,raw,6,0.989287,0.070337,0.035874
HistGradientBoosting (Optuna),dermatology,isotonic,6,0.97596,0.085917,0.049564
HistGradientBoosting (Optuna),dermatology,venn_abers,6,0.988842,0.114496,0.121044
HistGradientBoosting (Optuna),eeg-eye-state,raw,2,0.985667,0.091504,0.035505
HistGradientBoosting (Optuna),eeg-eye-state,isotonic,2,0.983511,0.084158,0.007478
HistGradientBoosting (Optuna),eeg-eye-state,venn_abers,2,0.984332,0.084103,0.00786
HistGradientBoosting (Optuna),flare,raw,6,0.737612,0.347135,0.072172
HistGradientBoosting (Optuna),flare,isotonic,6,0.735697,0.347215,0.04493
HistGradientBoosting (Optuna),flare,venn_abers,6,0.735566,0.368684,0.096227
HistGradientBoosting (Optuna),glioma16,raw,2,0.910445,0.371744,0.23193
HistGradientBoosting (Optuna),glioma16,isotonic,2,0.792829,0.398424,0.150995
HistGradientBoosting (Optuna),glioma16,venn_abers,2,0.82398,0.378921,0.169013
HistGradientBoosting (Optuna),habermans-survival,raw,2,0.394022,0.45061,0.11105
HistGradientBoosting (Optuna),habermans-survival,isotonic,2,0.373429,0.376958,0.104848
HistGradientBoosting (Optuna),habermans-survival,venn_abers,2,0.381208,0.376044,0.109542
HistGradientBoosting (Optuna),hayes-roth,raw,3,0.936425,0.236616,0.12158
HistGradientBoosting (Optuna),hayes-roth,isotonic,3,0.874241,0.246601,0.129496
HistGradientBoosting (Optuna),hayes-roth,venn_abers,3,0.929256,0.257133,0.146546
HistGradientBoosting (Optuna),heart-disease-processed-hungarian,raw,2,0.83893,0.260978,0.07279
HistGradientBoosting (Optuna),heart-disease-processed-hungarian,isotonic,2,0.794607,0.264578,0.067766
HistGradientBoosting (Optuna),heart-disease-processed-hungarian,venn_abers,2,0.809534,0.266876,0.099205
HistGradientBoosting (Optuna),hepatitis,raw,2,0.951928,0.256232,0.09605
HistGradientBoosting (Optuna),hepatitis,isotonic,2,0.913649,0.269657,0.098343
HistGradientBoosting (Optuna),hepatitis,venn_abers,2,0.917744,0.262277,0.10595
HistGradientBoosting (Optuna),hill-valley-with-noise,raw,2,0.639969,0.649508,0.273264
HistGradientBoosting (Optuna),hill-valley-with-noise,isotonic,2,0.593759,0.482178,0.066013
HistGradientBoosting (Optuna),hill-valley-with-noise,venn_abers,2,0.607777,0.47799,0.054596
HistGradientBoosting (Optuna),hill-valley-without-noise,raw,2,0.634176,0.722863,0.342242
HistGradientBoosting (Optuna),hill-valley-without-noise,isotonic,2,0.610138,0.476662,0.041086
HistGradientBoosting (Optuna),hill-valley-without-noise,venn_abers,2,0.613353,0.475463,0.046468
HistGradientBoosting (Optuna),indian-liver-patient,raw,2,0.517478,0.422325,0.165716
HistGradientBoosting (Optuna),indian-liver-patient,isotonic,2,0.473169,0.366088,0.06187
HistGradientBoosting (Optuna),indian-liver-patient,venn_abers,2,0.478529,0.364437,0.05833
HistGradientBoosting (Optuna),ionosphere,raw,2,0.949869,0.132165,0.050033
HistGradientBoosting (Optuna),ionosphere,isotonic,2,0.951909,0.143133,0.062145
HistGradientBoosting (Optuna),ionosphere,venn_abers,2,0.946626,0.148125,0.063706
HistGradientBoosting (Optuna),iris,raw,3,0.98632,0.11709,0.087549
HistGradientBoosting (Optuna),iris,isotonic,3,0.943076,0.146104,0.117519
HistGradientBoosting (Optuna),iris,venn_abers,3,0.963676,0.237186,0.20053
HistGradientBoosting (Optuna),led7digit,raw,10,0.738819,0.426119,0.074415
HistGradientBoosting (Optuna),led7digit,isotonic,10,0.729481,0.434831,0.08094
HistGradientBoosting (Optuna),led7digit,venn_abers,10,0.73549,0.447885,0.120375
HistGradientBoosting (Optuna),leukemia-haslinger,raw,2,0.906814,0.31002,0.168621
HistGradientBoosting (Optuna),leukemia-haslinger,isotonic,2,0.882304,0.258884,0.131641
HistGradientBoosting (Optuna),leukemia-haslinger,venn_abers,2,0.895218,0.265717,0.151116
HistGradientBoosting (Optuna),lsvt-voice-rehabilitation,raw,2,0.892013,0.287059,0.107919
HistGradientBoosting (Optuna),lsvt-voice-rehabilitation,isotonic,2,0.880786,0.268323,0.075417
HistGradientBoosting (Optuna),lsvt-voice-rehabilitation,venn_abers,2,0.86948,0.275563,0.093752
HistGradientBoosting (Optuna),magic,raw,2,0.908164,0.190092,0.044047
HistGradientBoosting (Optuna),magic,isotonic,2,0.89679,0.188171,0.02196
HistGradientBoosting (Optuna),magic,venn_abers,2,0.901455,0.188099,0.021458
HistGradientBoosting (Optuna),mammographic-mass,raw,2,0.865953,0.246818,0.041626
HistGradientBoosting (Optuna),mammographic-mass,isotonic,2,0.855904,0.251236,0.042659
HistGradientBoosting (Optuna),mammographic-mass,venn_abers,2,0.862893,0.249671,0.040528
HistGradientBoosting (Optuna),mfeat-fourier,raw,10,0.87205,0.256742,0.1002
HistGradientBoosting (Optuna),mfeat-fourier,isotonic,10,0.870632,0.232001,0.042353
HistGradientBoosting (Optuna),mfeat-fourier,venn_abers,10,0.874209,0.23486,0.036331
HistGradientBoosting (Optuna),molecular-promotor-gene,raw,2,0.951761,0.226075,0.125665
HistGradientBoosting (Optuna),molecular-promotor-gene,isotonic,2,0.888215,0.239029,0.125952
HistGradientBoosting (Optuna),molecular-promotor-gene,venn_abers,2,0.93494,0.242354,0.116593
HistGradientBoosting (Optuna),molecular-splice-junction,raw,3,0.990151,0.061629,0.024544
HistGradientBoosting (Optuna),molecular-splice-junction,isotonic,3,0.987618,0.063436,0.01417
HistGradientBoosting (Optuna),molecular-splice-junction,venn_abers,3,0.989533,0.064051,0.020772
HistGradientBoosting (Optuna),monks1,raw,2,1.0,0.0,1.5e-05
HistGradientBoosting (Optuna),monks1,isotonic,2,1.0,0.0,0.0
HistGradientBoosting (Optuna),monks1,venn_abers,2,0.99995,0.006855,0.022829
HistGradientBoosting (Optuna),monks3,raw,2,0.985218,0.032594,0.016526
HistGradientBoosting (Optuna),monks3,isotonic,2,0.975962,0.039971,0.013814
HistGradientBoosting (Optuna),monks3,venn_abers,2,0.98486,0.040572,0.027405
HistGradientBoosting (Optuna),mushroom,raw,2,1.0,0.0,0.000106
HistGradientBoosting (Optuna),mushroom,isotonic,2,1.0,0.0,4e-06
HistGradientBoosting (Optuna),mushroom,venn_abers,2,0.999899,0.002823,0.002783
HistGradientBoosting (Optuna),mushroom-expanded,raw,2,1.0,0.0,0.000124
HistGradientBoosting (Optuna),mushroom-expanded,isotonic,2,1.0,0.0,3e-06
HistGradientBoosting (Optuna),mushroom-expanded,venn_abers,2,1.0,0.000859,0.002161
HistGradientBoosting (Optuna),nursery-4class,raw,4,1.0,0.000157,0.000348
HistGradientBoosting (Optuna),nursery-4class,isotonic,4,1.0,5.2e-05,5.9e-05
HistGradientBoosting (Optuna),nursery-4class,venn_abers,4,1.0,0.00324,0.012096
HistGradientBoosting (Optuna),optdigits,raw,10,0.998128,0.026379,0.01048
HistGradientBoosting (Optuna),optdigits,isotonic,10,0.995503,0.025992,0.005847
HistGradientBoosting (Optuna),optdigits,venn_abers,10,0.998126,0.026474,0.01666
HistGradientBoosting (Optuna),ozone-eighthr,raw,2,0.484123,0.093488,0.03538
HistGradientBoosting (Optuna),ozone-eighthr,isotonic,2,0.452017,0.096806,0.030278
HistGradientBoosting (Optuna),ozone-eighthr,venn_abers,2,0.464489,0.096449,0.028742
HistGradientBoosting (Optuna),ozone-onehr,raw,2,0.31101,0.056413,0.011759
HistGradientBoosting (Optuna),ozone-onehr,isotonic,2,0.220861,0.056652,0.01629
HistGradientBoosting (Optuna),ozone-onehr,venn_abers,2,0.27698,0.056242,0.01693
HistGradientBoosting (Optuna),page-blocks,raw,5,0.989499,0.042305,0.013794
HistGradientBoosting (Optuna),page-blocks,isotonic,5,0.987266,0.041017,0.004821
HistGradientBoosting (Optuna),page-blocks,venn_abers,5,0.98895,0.041042,0.013185
HistGradientBoosting (Optuna),parkinsons,raw,2,0.988739,0.141892,0.080113
HistGradientBoosting (Optuna),parkinsons,isotonic,2,0.962524,0.14061,0.05057
HistGradientBoosting (Optuna),parkinsons,venn_abers,2,0.986857,0.136814,0.058343
HistGradientBoosting (Optuna),pendigits,raw,10,0.999032,0.011495,0.004582
HistGradientBoosting (Optuna),pendigits,isotonic,10,0.998253,0.011929,0.002679
HistGradientBoosting (Optuna),pendigits,venn_abers,10,0.999031,0.01215,0.009715
HistGradientBoosting (Optuna),phoneme,raw,2,0.927723,0.154366,0.069203
HistGradientBoosting (Optuna),phoneme,isotonic,2,0.918398,0.131271,0.010672
HistGradientBoosting (Optuna),phoneme,venn_abers,2,0.921516,0.131183,0.013064
HistGradientBoosting (Optuna),pima-indians-diabetes,raw,2,0.713275,0.322484,0.036939
HistGradientBoosting (Optuna),pima-indians-diabetes,isotonic,2,0.684037,0.334847,0.057397
HistGradientBoosting (Optuna),pima-indians-diabetes,venn_abers,2,0.693851,0.332846,0.046045
HistGradientBoosting (Optuna),planning-relax,raw,2,0.315074,0.539633,0.229915
HistGradientBoosting (Optuna),planning-relax,isotonic,2,0.315327,0.421178,0.052616
HistGradientBoosting (Optuna),planning-relax,venn_abers,2,0.32727,0.407181,0.053571
HistGradientBoosting (Optuna),qsar-biodegradation,raw,2,0.889399,0.217916,0.075768
HistGradientBoosting (Optuna),qsar-biodegradation,isotonic,2,0.858759,0.225702,0.074848
HistGradientBoosting (Optuna),qsar-biodegradation,venn_abers,2,0.868148,0.226254,0.064376
HistGradientBoosting (Optuna),ringnorm,raw,2,0.996303,0.044628,0.008284
HistGradientBoosting (Optuna),ringnorm,isotonic,2,0.995113,0.04536,0.009129
HistGradientBoosting (Optuna),ringnorm,venn_abers,2,0.995744,0.045462,0.012918
HistGradientBoosting (Optuna),robot-failure-lp1,raw,4,0.871121,0.377448,0.168478
HistGradientBoosting (Optuna),robot-failure-lp1,isotonic,4,0.821057,0.405842,0.144839
HistGradientBoosting (Optuna),robot-failure-lp1,venn_abers,4,0.81745,0.405086,0.186399
HistGradientBoosting (Optuna),robot-failure-lp4,raw,3,0.955888,0.132648,0.07603
HistGradientBoosting (Optuna),robot-failure-lp4,isotonic,3,0.953944,0.133975,0.073388
HistGradientBoosting (Optuna),robot-failure-lp4,venn_abers,3,0.955144,0.143229,0.116434
HistGradientBoosting (Optuna),robot-failure-lp5,raw,5,0.724642,0.546154,0.245257
HistGradientBoosting (Optuna),robot-failure-lp5,isotonic,5,0.707052,0.477249,0.137321
HistGradientBoosting (Optuna),robot-failure-lp5,venn_abers,5,0.72454,0.475639,0.145078
HistGradientBoosting (Optuna),robot-nav-sensor-readings-24,raw,4,0.999951,0.004228,0.002403
HistGradientBoosting (Optuna),robot-nav-sensor-readings-24,isotonic,4,0.999696,0.003963,0.001532
HistGradientBoosting (Optuna),robot-nav-sensor-readings-24,venn_abers,4,0.999949,0.004716,0.008059
HistGradientBoosting (Optuna),robot-nav-sensor-readings-2,raw,4,0.999917,0.002396,0.01304
HistGradientBoosting (Optuna),robot-nav-sensor-readings-2,isotonic,4,0.999285,0.002224,0.007137
HistGradientBoosting (Optuna),robot-nav-sensor-readings-2,venn_abers,4,0.999654,0.138484,0.160946
HistGradientBoosting (Optuna),robot-nav-sensor-readings-4,raw,4,0.99999,0.001951,0.001761
HistGradientBoosting (Optuna),robot-nav-sensor-readings-4,isotonic,4,0.999408,0.006439,0.023935
HistGradientBoosting (Optuna),robot-nav-sensor-readings-4,venn_abers,4,0.999986,0.133907,0.1592
HistGradientBoosting (Optuna),saheart,raw,2,0.636797,0.383974,0.06764
HistGradientBoosting (Optuna),saheart,isotonic,2,0.581126,0.401624,0.081325
HistGradientBoosting (Optuna),saheart,venn_abers,2,0.589078,0.398836,0.101391
HistGradientBoosting (Optuna),seeds,raw,3,0.974729,0.150839,0.081691
HistGradientBoosting (Optuna),seeds,isotonic,3,0.91956,0.198931,0.080066
HistGradientBoosting (Optuna),seeds,venn_abers,3,0.953745,0.226609,0.172696
HistGradientBoosting (Optuna),seismic-bumps,raw,2,0.970238,0.163728,0.026679
HistGradientBoosting (Optuna),seismic-bumps,isotonic,2,0.955977,0.129549,0.054488
HistGradientBoosting (Optuna),seismic-bumps,venn_abers,2,0.961272,0.131199,0.053885
HistGradientBoosting (Optuna),semeion,raw,10,0.981133,0.102958,0.041119
HistGradientBoosting (Optuna),semeion,isotonic,10,0.978197,0.093452,0.017541
HistGradientBoosting (Optuna),semeion,venn_abers,10,0.982444,0.095669,0.046387
HistGradientBoosting (Optuna),skin-segmentation,raw,2,0.999938,0.003917,0.002138
HistGradientBoosting (Optuna),skin-segmentation,isotonic,2,0.999598,0.00343,0.000945
HistGradientBoosting (Optuna),skin-segmentation,venn_abers,2,0.999937,0.003858,0.005089
HistGradientBoosting (Optuna),spambase,raw,2,0.984627,0.069872,0.024269
HistGradientBoosting (Optuna),spambase,isotonic,2,0.979982,0.073734,0.024027
HistGradientBoosting (Optuna),spambase,venn_abers,2,0.982533,0.075307,0.025219
HistGradientBoosting (Optuna),spectf-heart,raw,2,0.979066,0.19133,0.08124
HistGradientBoosting (Optuna),spectf-heart,isotonic,2,0.953796,0.20115,0.083847
HistGradientBoosting (Optuna),spectf-heart,venn_abers,2,0.96875,0.199599,0.102731
HistGradientBoosting (Optuna),statlog-australian-credit,raw,2,0.918469,0.199526,0.035835
HistGradientBoosting (Optuna),statlog-australian-credit,isotonic,2,0.899292,0.205425,0.050767
HistGradientBoosting (Optuna),statlog-australian-credit,venn_abers,2,0.910579,0.204122,0.040142
HistGradientBoosting (Optuna),statlog-german-credit,raw,2,0.617642,0.367818,0.097936
HistGradientBoosting (Optuna),statlog-german-credit,isotonic,2,0.575301,0.354754,0.0766
HistGradientBoosting (Optuna),statlog-german-credit,venn_abers,2,0.587312,0.351025,0.057552
HistGradientBoosting (Optuna),statlog-heart,raw,2,0.893224,0.261593,0.04696
HistGradientBoosting (Optuna),statlog-heart,isotonic,2,0.87353,0.273328,0.092207
HistGradientBoosting (Optuna),statlog-heart,venn_abers,2,0.88331,0.273354,0.071356
HistGradientBoosting (Optuna),statlog-image-segmentation,raw,7,0.997443,0.029113,0.013193
HistGradientBoosting (Optuna),statlog-image-segmentation,isotonic,7,0.994888,0.028408,0.008428
HistGradientBoosting (Optuna),statlog-image-segmentation,venn_abers,7,0.997303,0.030024,0.025835
HistGradientBoosting (Optuna),statlog-landsat-satellite,raw,6,0.961848,0.136528,0.058418
HistGradientBoosting (Optuna),statlog-landsat-satellite,isotonic,6,0.959589,0.124941,0.014618
HistGradientBoosting (Optuna),statlog-landsat-satellite,venn_abers,6,0.961629,0.124392,0.021622
HistGradientBoosting (Optuna),statlog-vehicle-silhouettes,raw,4,0.824257,0.337789,0.113234
HistGradientBoosting (Optuna),statlog-vehicle-silhouettes,isotonic,4,0.803367,0.338378,0.066317
HistGradientBoosting (Optuna),statlog-vehicle-silhouettes,venn_abers,4,0.819489,0.340795,0.091314
HistGradientBoosting (Optuna),systhetic-control,raw,6,0.997566,0.035937,0.016077
HistGradientBoosting (Optuna),systhetic-control,isotonic,6,0.992927,0.037292,0.017199
HistGradientBoosting (Optuna),systhetic-control,venn_abers,6,0.997322,0.049949,0.071617
HistGradientBoosting (Optuna),teaching-assistant-evaluation,raw,3,0.738647,0.573995,0.284342
HistGradientBoosting (Optuna),teaching-assistant-evaluation,isotonic,3,0.725876,0.487902,0.154875
HistGradientBoosting (Optuna),teaching-assistant-evaluation,venn_abers,3,0.736998,0.479118,0.148083
HistGradientBoosting (Optuna),thoracic-surgery,raw,2,0.893275,0.336481,0.12405
HistGradientBoosting (Optuna),thoracic-surgery,isotonic,2,0.870774,0.261031,0.068494
HistGradientBoosting (Optuna),thoracic-surgery,venn_abers,2,0.874743,0.262471,0.054365
HistGradientBoosting (Optuna),thyroid-allbp,raw,5,0.753298,0.410675,0.028187
HistGradientBoosting (Optuna),thyroid-allbp,isotonic,5,0.750451,0.413033,0.026086
HistGradientBoosting (Optuna),thyroid-allbp,venn_abers,5,0.750137,0.413296,0.03084
HistGradientBoosting (Optuna),thyroid-ann,raw,3,0.999583,0.006554,0.003513
HistGradientBoosting (Optuna),thyroid-ann,isotonic,3,0.998528,0.008416,0.004332
HistGradientBoosting (Optuna),thyroid-ann,venn_abers,3,0.99949,0.012834,0.027003
HistGradientBoosting (Optuna),thyroid-newthyroid,raw,3,0.989977,0.086179,0.056428
HistGradientBoosting (Optuna),thyroid-newthyroid,isotonic,3,0.961472,0.142509,0.115958
HistGradientBoosting (Optuna),thyroid-newthyroid,venn_abers,3,0.982574,0.201027,0.176813
HistGradientBoosting (Optuna),thyroid-sick,raw,5,0.756469,0.409007,0.033278
HistGradientBoosting (Optuna),thyroid-sick,isotonic,5,0.757788,0.406826,0.024713
HistGradientBoosting (Optuna),thyroid-sick,venn_abers,5,0.758674,0.406956,0.024993
HistGradientBoosting (Optuna),thyroid-sick-euthyroid,raw,2,0.914353,0.04032,0.012522
HistGradientBoosting (Optuna),thyroid-sick-euthyroid,isotonic,2,0.886788,0.041549,0.007041
HistGradientBoosting (Optuna),thyroid-sick-euthyroid,venn_abers,2,0.899039,0.042053,0.012882
HistGradientBoosting (Optuna),user-knowledge,raw,5,0.928374,0.183325,0.070649
HistGradientBoosting (Optuna),user-knowledge,isotonic,5,0.912379,0.192422,0.057817
HistGradientBoosting (Optuna),user-knowledge,venn_abers,5,0.927813,0.205906,0.083625
HistGradientBoosting (Optuna),vertebra-column-2c,raw,2,0.854122,0.244388,0.083158
HistGradientBoosting (Optuna),vertebra-column-2c,isotonic,2,0.821295,0.243867,0.074464
HistGradientBoosting (Optuna),vertebra-column-2c,venn_abers,2,0.830537,0.244553,0.077488
HistGradientBoosting (Optuna),vertebra-column-3c,raw,3,0.878125,0.278024,0.119251
HistGradientBoosting (Optuna),vertebra-column-3c,isotonic,3,0.863815,0.285635,0.078665
HistGradientBoosting (Optuna),vertebra-column-3c,venn_abers,3,0.868969,0.288882,0.067398
HistGradientBoosting (Optuna),volcanoes-a1,raw,5,0.988929,0.03912,0.019331
HistGradientBoosting (Optuna),volcanoes-a1,isotonic,5,0.983763,0.041331,0.014813
HistGradientBoosting (Optuna),volcanoes-a1,venn_abers,5,0.988446,0.041157,0.023333
HistGradientBoosting (Optuna),volcanoes-a2,raw,5,0.922996,0.129867,0.036233
HistGradientBoosting (Optuna),volcanoes-a2,isotonic,5,0.919229,0.128757,0.022199
HistGradientBoosting (Optuna),volcanoes-a2,venn_abers,5,0.918649,0.130186,0.04023
HistGradientBoosting (Optuna),volcanoes-a4,raw,5,0.911108,0.148618,0.045089
HistGradientBoosting (Optuna),volcanoes-a4,isotonic,5,0.901094,0.150353,0.03457
HistGradientBoosting (Optuna),volcanoes-a4,venn_abers,5,0.903651,0.149177,0.060617
HistGradientBoosting (Optuna),volcanoes-b1,raw,5,0.96321,0.057714,0.005758
HistGradientBoosting (Optuna),volcanoes-b1,isotonic,5,0.9627,0.05805,0.003406
HistGradientBoosting (Optuna),volcanoes-b1,venn_abers,5,0.962788,0.058066,0.008618
HistGradientBoosting (Optuna),volcanoes-b2,raw,5,0.963428,0.054609,0.004009
HistGradientBoosting (Optuna),volcanoes-b2,isotonic,5,0.962442,0.055528,0.001746
HistGradientBoosting (Optuna),volcanoes-b2,venn_abers,5,0.963026,0.055541,0.007548
HistGradientBoosting (Optuna),volcanoes-c1,raw,5,0.974921,0.042954,0.007638
HistGradientBoosting (Optuna),volcanoes-c1,isotonic,5,0.973299,0.043642,0.009634
HistGradientBoosting (Optuna),volcanoes-c1,venn_abers,5,0.974475,0.044006,0.012853
HistGradientBoosting (Optuna),volcanoes-d1,raw,5,0.93231,0.100967,0.024774
HistGradientBoosting (Optuna),volcanoes-d1,isotonic,5,0.931446,0.103645,0.015023
HistGradientBoosting (Optuna),volcanoes-d1,venn_abers,5,0.93164,0.105641,0.01539
HistGradientBoosting (Optuna),volcanoes-d2,raw,5,0.933785,0.095845,0.012443
HistGradientBoosting (Optuna),volcanoes-d2,isotonic,5,0.933196,0.09686,0.00533
HistGradientBoosting (Optuna),volcanoes-d2,venn_abers,5,0.933787,0.097496,0.009183
HistGradientBoosting (Optuna),waveform-v1,raw,3,0.937328,0.214829,0.043224
HistGradientBoosting (Optuna),waveform-v1,isotonic,3,0.932215,0.214936,0.026824
HistGradientBoosting (Optuna),waveform-v1,venn_abers,3,0.935322,0.215437,0.027006
HistGradientBoosting (Optuna),wdbc,raw,2,0.991645,0.055336,0.028921
HistGradientBoosting (Optuna),wdbc,isotonic,2,0.97267,0.061275,0.030165
HistGradientBoosting (Optuna),wdbc,venn_abers,2,0.990952,0.060913,0.031035
HistGradientBoosting (Optuna),wholesale-channel,raw,2,0.919089,0.135967,0.06503
HistGradientBoosting (Optuna),wholesale-channel,isotonic,2,0.89647,0.142623,0.035391
HistGradientBoosting (Optuna),wholesale-channel,venn_abers,2,0.905187,0.139812,0.054711
HistGradientBoosting (Optuna),wholesale-region,raw,3,0.591836,0.586737,0.200617
HistGradientBoosting (Optuna),wholesale-region,isotonic,3,0.587089,0.449203,0.084386
HistGradientBoosting (Optuna),wholesale-region,venn_abers,3,0.592645,0.450626,0.074883
HistGradientBoosting (Optuna),wilt,raw,2,0.915675,0.028043,0.007736
HistGradientBoosting (Optuna),wilt,isotonic,2,0.89163,0.033454,0.011786
HistGradientBoosting (Optuna),wilt,venn_abers,2,0.909175,0.033618,0.016266
HistGradientBoosting (Optuna),wine-quality-5class,raw,5,0.748543,0.529406,0.22168
HistGradientBoosting (Optuna),wine-quality-5class,isotonic,5,0.750597,0.43505,0.028098
HistGradientBoosting (Optuna),wine-quality-5class,venn_abers,5,0.750927,0.434778,0.02601
HistGradientBoosting (Optuna),yeast-4class,raw,4,0.67632,0.49209,0.044068
HistGradientBoosting (Optuna),yeast-4class,isotonic,4,0.668476,0.490723,0.04666
HistGradientBoosting (Optuna),yeast-4class,venn_abers,4,0.673613,0.490574,0.051913
LightGBM (Optuna),abalone-3class,raw,3,0.716664,0.437089,0.02217
LightGBM (Optuna),abalone-3class,isotonic,3,0.715893,0.43593,0.016467
LightGBM (Optuna),abalone-3class,venn_abers,3,0.717453,0.435713,0.019906
LightGBM (Optuna),abalone-7class,raw,7,0.326503,0.781761,0.070452
LightGBM (Optuna),abalone-7class,isotonic,7,0.315915,0.770213,0.041493
LightGBM (Optuna),abalone-7class,venn_abers,7,0.320307,0.767337,0.041881
LightGBM (Optuna),appendicitis,raw,2,0.70473,0.23102,0.077793
LightGBM (Optuna),appendicitis,isotonic,2,0.64445,0.213082,0.102014
LightGBM (Optuna),appendicitis,venn_abers,2,0.689395,0.222456,0.098801
LightGBM (Optuna),artificial-characters,raw,10,0.974647,0.121755,0.045392
LightGBM (Optuna),artificial-characters,isotonic,10,0.973504,0.109831,0.012023
LightGBM (Optuna),artificial-characters,venn_abers,10,0.974296,0.109813,0.018792
LightGBM (Optuna),autoUniv-au1-1000,raw,2,0.839991,0.354987,0.078283
LightGBM (Optuna),autoUniv-au1-1000,isotonic,2,0.835364,0.338816,0.063951
LightGBM (Optuna),autoUniv-au1-1000,venn_abers,2,0.836523,0.333406,0.047526
LightGBM (Optuna),autoUniv-au4-2500,raw,3,0.678561,0.488874,0.071446
LightGBM (Optuna),autoUniv-au4-2500,isotonic,3,0.662914,0.497097,0.07771
LightGBM (Optuna),autoUniv-au4-2500,venn_abers,3,0.669152,0.492796,0.061957
LightGBM (Optuna),autoUniv-au6-1000,raw,8,0.23086,0.84319,0.047653
LightGBM (Optuna),autoUniv-au6-1000,isotonic,8,0.229669,0.854402,0.057468
LightGBM (Optuna),autoUniv-au6-1000,venn_abers,8,0.234803,0.849446,0.05836
LightGBM (Optuna),autoUniv-au6-250-drift-au6-cd1-500,raw,8,0.242833,0.8671,0.090757
LightGBM (Optuna),autoUniv-au6-250-drift-au6-cd1-500,isotonic,8,0.235767,0.876961,0.090281
LightGBM (Optuna),autoUniv-au6-250-drift-au6-cd1-500,venn_abers,8,0.236244,0.852703,0.057876
LightGBM (Optuna),autoUniv-au6-cd1-400,raw,8,0.338334,0.831887,0.091081
LightGBM (Optuna),autoUniv-au6-cd1-400,isotonic,8,0.326801,0.814044,0.090607
LightGBM (Optuna),autoUniv-au6-cd1-400,venn_abers,8,0.332784,0.804632,0.094933
LightGBM (Optuna),autoUniv-au7-300-drift-au7-cpd1-800,raw,5,0.412471,0.733223,0.0502
LightGBM (Optuna),autoUniv-au7-300-drift-au7-cpd1-800,isotonic,5,0.408184,0.730283,0.066297
LightGBM (Optuna),autoUniv-au7-300-drift-au7-cpd1-800,venn_abers,5,0.4081,0.726921,0.059005
LightGBM (Optuna),autoUniv-au7-700,raw,3,0.553438,0.588777,0.051847
LightGBM (Optuna),autoUniv-au7-700,isotonic,3,0.542917,0.599245,0.081359
LightGBM (Optuna),autoUniv-au7-700,venn_abers,3,0.551396,0.590142,0.064661
LightGBM (Optuna),autoUniv-au7-cpd1-500,raw,5,0.454096,0.704524,0.109251
LightGBM (Optuna),autoUniv-au7-cpd1-500,isotonic,5,0.445977,0.729647,0.084453
LightGBM (Optuna),autoUniv-au7-cpd1-500,venn_abers,5,0.453543,0.716787,0.065772
LightGBM (Optuna),balance-scale,raw,3,0.956024,0.103582,0.042131
LightGBM (Optuna),balance-scale,isotonic,3,0.960715,0.101493,0.032887
LightGBM (Optuna),balance-scale,venn_abers,3,0.961677,0.105403,0.059432
LightGBM (Optuna),banana,raw,2,0.965289,0.141223,0.016421
LightGBM (Optuna),banana,isotonic,2,0.959969,0.140498,0.014297
LightGBM (Optuna),banana,venn_abers,2,0.961949,0.140582,0.014057
LightGBM (Optuna),bank-marketing,raw,2,0.551594,0.141745,0.018046
LightGBM (Optuna),bank-marketing,isotonic,2,0.522482,0.143241,0.013593
LightGBM (Optuna),bank-marketing,venn_abers,2,0.532177,0.142844,0.013025
LightGBM (Optuna),bank-marketing-full,raw,2,0.593056,0.161027,0.02876
LightGBM (Optuna),bank-marketing-full,isotonic,2,0.568701,0.142565,0.023935
LightGBM (Optuna),bank-marketing-full,venn_abers,2,0.577913,0.142423,0.022861
LightGBM (Optuna),blogger,raw,2,0.83872,0.367222,0.211916
LightGBM (Optuna),blogger,isotonic,2,0.841659,0.318495,0.168471
LightGBM (Optuna),blogger,venn_abers,2,0.831182,0.308038,0.135058
LightGBM (Optuna),blood-transfusion-service,raw,2,0.486514,0.373029,0.082802
LightGBM (Optuna),blood-transfusion-service,isotonic,2,0.370235,0.358826,0.099723
LightGBM (Optuna),blood-transfusion-service,venn_abers,2,0.381312,0.356979,0.102809
LightGBM (Optuna),breast-cancer-wisconsin,raw,2,0.976042,0.066542,0.02847
LightGBM (Optuna),breast-cancer-wisconsin,isotonic,2,0.960395,0.072201,0.026078
LightGBM (Optuna),breast-cancer-wisconsin,venn_abers,2,0.962426,0.074957,0.049566
LightGBM (Optuna),bupa,raw,2,0.824257,0.366168,0.079161
LightGBM (Optuna),bupa,isotonic,2,0.811444,0.369967,0.10053
LightGBM (Optuna),bupa,venn_abers,2,0.818504,0.364099,0.085773
LightGBM (Optuna),cardiotocography-3class,raw,3,0.997386,0.022522,0.014486
LightGBM (Optuna),cardiotocography-3class,isotonic,3,0.992262,0.027586,0.025828
LightGBM (Optuna),cardiotocography-3class,venn_abers,3,0.996226,0.039649,0.049903
LightGBM (Optuna),car-evaluation,raw,4,0.999992,0.00269,0.002236
LightGBM (Optuna),car-evaluation,isotonic,4,0.999986,0.003547,0.002352
LightGBM (Optuna),car-evaluation,venn_abers,4,0.999992,0.005507,0.021051
LightGBM (Optuna),climate-simulation-craches,raw,2,0.983953,0.157242,0.055705
LightGBM (Optuna),climate-simulation-craches,isotonic,2,0.972768,0.152713,0.041385
LightGBM (Optuna),climate-simulation-craches,venn_abers,2,0.976263,0.153207,0.042285
LightGBM (Optuna),colon32,raw,2,0.821864,0.428604,0.237699
LightGBM (Optuna),colon32,isotonic,2,0.490675,0.494966,0.180804
LightGBM (Optuna),colon32,venn_abers,2,0.494229,0.44161,0.1144
LightGBM (Optuna),connectionist-mines-vs-rocks,raw,2,0.924647,0.213761,0.070119
LightGBM (Optuna),connectionist-mines-vs-rocks,isotonic,2,0.886748,0.208106,0.063897
LightGBM (Optuna),connectionist-mines-vs-rocks,venn_abers,2,0.912865,0.202266,0.067171
LightGBM (Optuna),contraceptive-method-choice,raw,3,0.614577,0.551349,0.046224
LightGBM (Optuna),contraceptive-method-choice,isotonic,3,0.609715,0.548455,0.04072
LightGBM (Optuna),contraceptive-method-choice,venn_abers,3,0.611026,0.547524,0.040336
LightGBM (Optuna),dermatology,raw,6,0.992798,0.055806,0.022094
LightGBM (Optuna),dermatology,isotonic,6,0.972732,0.111381,0.039005
LightGBM (Optuna),dermatology,venn_abers,6,0.98727,0.137337,0.130478
LightGBM (Optuna),eeg-eye-state,raw,2,0.985786,0.087695,0.028549
LightGBM (Optuna),eeg-eye-state,isotonic,2,0.983491,0.08371,0.006949
LightGBM (Optuna),eeg-eye-state,venn_abers,2,0.984418,0.083694,0.006695
LightGBM (Optuna),flare,raw,6,0.738356,0.333414,0.0407
LightGBM (Optuna),flare,isotonic,6,0.734206,0.334079,0.036879
LightGBM (Optuna),flare,venn_abers,6,0.739111,0.336461,0.044346
LightGBM (Optuna),glioma16,raw,2,0.882653,0.347504,0.150638
LightGBM (Optuna),glioma16,isotonic,2,0.825579,0.473946,0.285685
LightGBM (Optuna),glioma16,venn_abers,2,0.837343,0.431112,0.214939
LightGBM (Optuna),habermans-survival,raw,2,0.438078,0.447866,0.142243
LightGBM (Optuna),habermans-survival,isotonic,2,0.350708,0.411701,0.101781
LightGBM (Optuna),habermans-survival,venn_abers,2,0.393818,0.3949,0.069564
LightGBM (Optuna),hayes-roth,raw,3,0.954618,0.176064,0.081432
LightGBM (Optuna),hayes-roth,isotonic,3,0.923584,0.195213,0.104269
LightGBM (Optuna),hayes-roth,venn_abers,3,0.934865,0.223239,0.088335
LightGBM (Optuna),heart-disease-processed-hungarian,raw,2,0.84002,0.269817,0.058601
LightGBM (Optuna),heart-disease-processed-hungarian,isotonic,2,0.80284,0.265697,0.061983
LightGBM (Optuna),heart-disease-processed-hungarian,venn_abers,2,0.813979,0.270635,0.062122
LightGBM (Optuna),hepatitis,raw,2,0.953521,0.30068,0.094912
LightGBM (Optuna),hepatitis,isotonic,2,0.917021,0.337352,0.153861
LightGBM (Optuna),hepatitis,venn_abers,2,0.945229,0.31329,0.109333
LightGBM (Optuna),hill-valley-with-noise,raw,2,0.66311,0.578337,0.230569
LightGBM (Optuna),hill-valley-with-noise,isotonic,2,0.630725,0.480919,0.043695
LightGBM (Optuna),hill-valley-with-noise,venn_abers,2,0.635966,0.475469,0.045004
LightGBM (Optuna),hill-valley-without-noise,raw,2,0.676237,0.567135,0.228822
LightGBM (Optuna),hill-valley-without-noise,isotonic,2,0.652323,0.468542,0.055918
LightGBM (Optuna),hill-valley-without-noise,venn_abers,2,0.66282,0.461682,0.04776
LightGBM (Optuna),indian-liver-patient,raw,2,0.459759,0.409841,0.084237
LightGBM (Optuna),indian-liver-patient,isotonic,2,0.43291,0.394955,0.095114
LightGBM (Optuna),indian-liver-patient,venn_abers,2,0.437532,0.391266,0.088942
LightGBM (Optuna),ionosphere,raw,2,0.968383,0.119129,0.046198
LightGBM (Optuna),ionosphere,isotonic,2,0.93935,0.126227,0.055988
LightGBM (Optuna),ionosphere,venn_abers,2,0.959562,0.128968,0.051827
LightGBM (Optuna),iris,raw,3,0.980336,0.104988,0.118593
LightGBM (Optuna),iris,isotonic,3,0.961311,0.082603,0.068822
LightGBM (Optuna),iris,venn_abers,3,0.970824,0.147767,0.123348
LightGBM (Optuna),led7digit,raw,10,0.764498,0.391854,0.087985
LightGBM (Optuna),led7digit,isotonic,10,0.750755,0.401015,0.069437
LightGBM (Optuna),led7digit,venn_abers,10,0.76177,0.410973,0.085418
LightGBM (Optuna),leukemia-haslinger,raw,2,0.926518,0.294859,0.141616
LightGBM (Optuna),leukemia-haslinger,isotonic,2,0.850646,0.34675,0.147199
LightGBM (Optuna),leukemia-haslinger,venn_abers,2,0.919389,0.333142,0.183779
LightGBM (Optuna),lsvt-voice-rehabilitation,raw,2,0.920751,0.267179,0.102068
LightGBM (Optuna),lsvt-voice-rehabilitation,isotonic,2,0.898501,0.286842,0.121732
LightGBM (Optuna),lsvt-voice-rehabilitation,venn_abers,2,0.908479,0.282431,0.091552
LightGBM (Optuna),magic,raw,2,0.911473,0.179305,0.015064
LightGBM (Optuna),magic,isotonic,2,0.902886,0.179895,0.009491
LightGBM (Optuna),magic,venn_abers,2,0.905288,0.179713,0.01041
LightGBM (Optuna),mammographic-mass,raw,2,0.877869,0.273874,0.122626
LightGBM (Optuna),mammographic-mass,isotonic,2,0.869807,0.246222,0.044568
LightGBM (Optuna),mammographic-mass,venn_abers,2,0.871116,0.246137,0.051149
LightGBM (Optuna),mfeat-fourier,raw,10,0.879122,0.247695,0.048629
LightGBM (Optuna),mfeat-fourier,isotonic,10,0.865696,0.249962,0.051882
LightGBM (Optuna),mfeat-fourier,venn_abers,10,0.876597,0.262308,0.079748
LightGBM (Optuna),molecular-promotor-gene,raw,2,0.956069,0.202196,0.092245
LightGBM (Optuna),molecular-promotor-gene,isotonic,2,0.916842,0.246523,0.15538
LightGBM (Optuna),molecular-promotor-gene,venn_abers,2,0.925841,0.240435,0.106426
LightGBM (Optuna),molecular-splice-junction,raw,3,0.99191,0.053598,0.013753
LightGBM (Optuna),molecular-splice-junction,isotonic,3,0.989179,0.056449,0.011366
LightGBM (Optuna),molecular-splice-junction,venn_abers,3,0.991649,0.057224,0.013989
LightGBM (Optuna),monks1,raw,2,1.0,0.034673,0.063438
LightGBM (Optuna),monks1,isotonic,2,1.0,0.03011,0.050704
LightGBM (Optuna),monks1,venn_abers,2,0.875899,0.125104,0.006804
LightGBM (Optuna),monks3,raw,2,0.989514,0.084953,0.112674
LightGBM (Optuna),monks3,isotonic,2,0.977438,0.140722,0.087105
LightGBM (Optuna),monks3,venn_abers,2,0.977747,0.126215,0.092374
LightGBM (Optuna),mushroom,raw,2,1.0,9.3e-05,0.001812
LightGBM (Optuna),mushroom,isotonic,2,1.0,2e-06,2.3e-05
LightGBM (Optuna),mushroom,venn_abers,2,1.0,0.000684,0.002578
LightGBM (Optuna),mushroom-expanded,raw,2,1.0,0.002695,0.018407
LightGBM (Optuna),mushroom-expanded,isotonic,2,1.0,0.001037,0.007115
LightGBM (Optuna),mushroom-expanded,venn_abers,2,1.0,0.06843,0.075782
LightGBM (Optuna),nursery-4class,raw,4,1.0,0.000314,0.001649
LightGBM (Optuna),nursery-4class,isotonic,4,1.0,0.000127,0.000179
LightGBM (Optuna),nursery-4class,venn_abers,4,1.0,0.008669,0.019967
LightGBM (Optuna),optdigits,raw,10,0.998635,0.022953,0.007362
LightGBM (Optuna),optdigits,isotonic,10,0.996042,0.023302,0.005221
LightGBM (Optuna),optdigits,venn_abers,10,0.998593,0.023977,0.01682
LightGBM (Optuna),ozone-eighthr,raw,2,0.521174,0.094403,0.034713
LightGBM (Optuna),ozone-eighthr,isotonic,2,0.454474,0.096668,0.014113
LightGBM (Optuna),ozone-eighthr,venn_abers,2,0.47829,0.096088,0.019803
LightGBM (Optuna),ozone-onehr,raw,2,0.31377,0.063198,0.023728
LightGBM (Optuna),ozone-onehr,isotonic,2,0.230035,0.054348,0.025829
LightGBM (Optuna),ozone-onehr,venn_abers,2,0.268378,0.054382,0.028562
LightGBM (Optuna),page-blocks,raw,5,0.989146,0.041339,0.004517
LightGBM (Optuna),page-blocks,isotonic,5,0.988488,0.043665,0.007539
LightGBM (Optuna),page-blocks,venn_abers,5,0.989665,0.043222,0.013456
LightGBM (Optuna),parkinsons,raw,2,0.985859,0.126594,0.065714
LightGBM (Optuna),parkinsons,isotonic,2,0.97547,0.13878,0.090898
LightGBM (Optuna),parkinsons,venn_abers,2,0.984326,0.134801,0.084694
LightGBM (Optuna),pendigits,raw,10,0.9991,0.009699,0.003472
LightGBM (Optuna),pendigits,isotonic,10,0.998672,0.00945,0.002219
LightGBM (Optuna),pendigits,venn_abers,10,0.999135,0.010117,0.010684
LightGBM (Optuna),phoneme,raw,2,0.928344,0.139954,0.045177
LightGBM (Optuna),phoneme,isotonic,2,0.916277,0.137227,0.020583
LightGBM (Optuna),phoneme,venn_abers,2,0.919699,0.137337,0.024256
LightGBM (Optuna),pima-indians-diabetes,raw,2,0.713511,0.334941,0.064364
LightGBM (Optuna),pima-indians-diabetes,isotonic,2,0.683679,0.35338,0.07171
LightGBM (Optuna),pima-indians-diabetes,venn_abers,2,0.686246,0.350402,0.077264
LightGBM (Optuna),planning-relax,raw,2,0.247809,0.533364,0.204263
LightGBM (Optuna),planning-relax,isotonic,2,0.27405,0.440708,0.058938
LightGBM (Optuna),planning-relax,venn_abers,2,0.269884,0.446765,0.068512
LightGBM (Optuna),qsar-biodegradation,raw,2,0.882246,0.203895,0.045922
LightGBM (Optuna),qsar-biodegradation,isotonic,2,0.849295,0.208602,0.044382
LightGBM (Optuna),qsar-biodegradation,venn_abers,2,0.864563,0.209585,0.037159
LightGBM (Optuna),ringnorm,raw,2,0.99631,0.042376,0.007323
LightGBM (Optuna),ringnorm,isotonic,2,0.995118,0.042817,0.008562
LightGBM (Optuna),ringnorm,venn_abers,2,0.995911,0.043051,0.011308
LightGBM (Optuna),robot-failure-lp1,raw,4,0.92631,0.283989,0.136457
LightGBM (Optuna),robot-failure-lp1,isotonic,4,0.8871,0.331899,0.09988
LightGBM (Optuna),robot-failure-lp1,venn_abers,4,0.92201,0.338511,0.142372
LightGBM (Optuna),robot-failure-lp4,raw,3,0.97582,0.157621,0.084654
LightGBM (Optuna),robot-failure-lp4,isotonic,3,0.928065,0.228166,0.13727
LightGBM (Optuna),robot-failure-lp4,venn_abers,3,0.971547,0.239722,0.155278
LightGBM (Optuna),robot-failure-lp5,raw,5,0.736509,0.463083,0.177375
LightGBM (Optuna),robot-failure-lp5,isotonic,5,0.71738,0.422567,0.138832
LightGBM (Optuna),robot-failure-lp5,venn_abers,5,0.74773,0.432979,0.126588
LightGBM (Optuna),robot-nav-sensor-readings-24,raw,4,0.99996,0.005967,0.002577
LightGBM (Optuna),robot-nav-sensor-readings-24,isotonic,4,0.999381,0.006292,0.00245
LightGBM (Optuna),robot-nav-sensor-readings-24,venn_abers,4,0.999963,0.00684,0.009783
LightGBM (Optuna),robot-nav-sensor-readings-2,raw,4,0.999938,0.004084,0.002368
LightGBM (Optuna),robot-nav-sensor-readings-2,isotonic,4,0.99961,0.003932,0.002654
LightGBM (Optuna),robot-nav-sensor-readings-2,venn_abers,4,0.999922,0.024469,0.053883
LightGBM (Optuna),robot-nav-sensor-readings-4,raw,4,0.999912,0.004531,0.002171
LightGBM (Optuna),robot-nav-sensor-readings-4,isotonic,4,0.999075,0.004529,0.002347
LightGBM (Optuna),robot-nav-sensor-readings-4,venn_abers,4,0.999911,0.010876,0.028631
LightGBM (Optuna),saheart,raw,2,0.619129,0.409962,0.085036
LightGBM (Optuna),saheart,isotonic,2,0.549424,0.40842,0.083362
LightGBM (Optuna),saheart,venn_abers,2,0.558775,0.403553,0.07921
LightGBM (Optuna),seeds,raw,3,0.978097,0.133469,0.068169
LightGBM (Optuna),seeds,isotonic,3,0.949477,0.153836,0.082579
LightGBM (Optuna),seeds,venn_abers,3,0.974942,0.171353,0.091684
LightGBM (Optuna),seismic-bumps,raw,2,0.974382,0.251664,0.093525
LightGBM (Optuna),seismic-bumps,isotonic,2,0.962269,0.123057,0.04135
LightGBM (Optuna),seismic-bumps,venn_abers,2,0.96619,0.133068,0.053602
LightGBM (Optuna),semeion,raw,10,0.984453,0.091308,0.029486
LightGBM (Optuna),semeion,isotonic,10,0.981609,0.089462,0.018985
LightGBM (Optuna),semeion,venn_abers,10,0.984418,0.09152,0.042741
LightGBM (Optuna),skin-segmentation,raw,2,0.999948,0.003678,0.001917
LightGBM (Optuna),skin-segmentation,isotonic,2,0.99967,0.003441,0.00094
LightGBM (Optuna),skin-segmentation,venn_abers,2,0.999948,0.003472,0.00361
LightGBM (Optuna),spambase,raw,2,0.982302,0.066965,0.019235
LightGBM (Optuna),spambase,isotonic,2,0.981303,0.067889,0.012091
LightGBM (Optuna),spambase,venn_abers,2,0.981375,0.06798,0.010631
LightGBM (Optuna),spectf-heart,raw,2,0.983535,0.168428,0.077709
LightGBM (Optuna),spectf-heart,isotonic,2,0.979139,0.141566,0.063031
LightGBM (Optuna),spectf-heart,venn_abers,2,0.981058,0.14257,0.070211
LightGBM (Optuna),statlog-australian-credit,raw,2,0.921326,0.205099,0.04552
LightGBM (Optuna),statlog-australian-credit,isotonic,2,0.901922,0.20621,0.057714
LightGBM (Optuna),statlog-australian-credit,venn_abers,2,0.913088,0.207047,0.045316
LightGBM (Optuna),statlog-german-credit,raw,2,0.64758,0.343173,0.0683
LightGBM (Optuna),statlog-german-credit,isotonic,2,0.593842,0.355186,0.091604
LightGBM (Optuna),statlog-german-credit,venn_abers,2,0.610248,0.351491,0.073246
LightGBM (Optuna),statlog-heart,raw,2,0.910387,0.278005,0.112288
LightGBM (Optuna),statlog-heart,isotonic,2,0.87502,0.280578,0.135917
LightGBM (Optuna),statlog-heart,venn_abers,2,0.882562,0.279089,0.125656
LightGBM (Optuna),statlog-image-segmentation,raw,7,0.997831,0.026566,0.011871
LightGBM (Optuna),statlog-image-segmentation,isotonic,7,0.995788,0.025807,0.006239
LightGBM (Optuna),statlog-image-segmentation,venn_abers,7,0.997823,0.027315,0.024136
LightGBM (Optuna),statlog-landsat-satellite,raw,6,0.966934,0.1266,0.048699
LightGBM (Optuna),statlog-landsat-satellite,isotonic,6,0.964848,0.119531,0.016897
LightGBM (Optuna),statlog-landsat-satellite,venn_abers,6,0.966955,0.120053,0.017308
LightGBM (Optuna),statlog-vehicle-silhouettes,raw,4,0.840627,0.333281,0.135537
LightGBM (Optuna),statlog-vehicle-silhouettes,isotonic,4,0.82045,0.289321,0.049383
LightGBM (Optuna),statlog-vehicle-silhouettes,venn_abers,4,0.837075,0.287935,0.049771
LightGBM (Optuna),systhetic-control,raw,6,0.998625,0.029829,0.010841
LightGBM (Optuna),systhetic-control,isotonic,6,0.99349,0.033941,0.015447
LightGBM (Optuna),systhetic-control,venn_abers,6,0.999009,0.046006,0.063193
LightGBM (Optuna),teaching-assistant-evaluation,raw,3,0.570335,0.64275,0.193794
LightGBM (Optuna),teaching-assistant-evaluation,isotonic,3,0.516091,0.670433,0.191359
LightGBM (Optuna),teaching-assistant-evaluation,venn_abers,3,0.556789,0.623696,0.165161
LightGBM (Optuna),thoracic-surgery,raw,2,0.88381,0.29848,0.072902
LightGBM (Optuna),thoracic-surgery,isotonic,2,0.881285,0.259585,0.067543
LightGBM (Optuna),thoracic-surgery,venn_abers,2,0.879479,0.261979,0.06643
LightGBM (Optuna),thyroid-allbp,raw,5,0.760556,0.417957,0.039223
LightGBM (Optuna),thyroid-allbp,isotonic,5,0.755927,0.417357,0.039172
LightGBM (Optuna),thyroid-allbp,venn_abers,5,0.755928,0.418027,0.036242
LightGBM (Optuna),thyroid-ann,raw,3,0.999821,0.004656,0.002494
LightGBM (Optuna),thyroid-ann,isotonic,3,0.998456,0.005424,0.002299
LightGBM (Optuna),thyroid-ann,venn_abers,3,0.999586,0.007023,0.01402
LightGBM (Optuna),thyroid-newthyroid,raw,3,0.987732,0.176455,0.14501
LightGBM (Optuna),thyroid-newthyroid,isotonic,3,0.971941,0.217244,0.100323
LightGBM (Optuna),thyroid-newthyroid,venn_abers,3,0.912231,0.231696,0.085792
LightGBM (Optuna),thyroid-sick,raw,5,0.763707,0.418357,0.055691
LightGBM (Optuna),thyroid-sick,isotonic,5,0.760536,0.409894,0.032583
LightGBM (Optuna),thyroid-sick,venn_abers,5,0.760208,0.410015,0.035111
LightGBM (Optuna),thyroid-sick-euthyroid,raw,2,0.923553,0.039881,0.009248
LightGBM (Optuna),thyroid-sick-euthyroid,isotonic,2,0.89264,0.045244,0.011021
LightGBM (Optuna),thyroid-sick-euthyroid,venn_abers,2,0.90515,0.044966,0.012529
LightGBM (Optuna),user-knowledge,raw,5,0.949791,0.165669,0.061137
LightGBM (Optuna),user-knowledge,isotonic,5,0.932875,0.166378,0.073571
LightGBM (Optuna),user-knowledge,venn_abers,5,0.951737,0.168345,0.063431
LightGBM (Optuna),vertebra-column-2c,raw,2,0.855631,0.272251,0.108803
LightGBM (Optuna),vertebra-column-2c,isotonic,2,0.772407,0.286495,0.108746
LightGBM (Optuna),vertebra-column-2c,venn_abers,2,0.801097,0.29061,0.095131
LightGBM (Optuna),vertebra-column-3c,raw,3,0.885938,0.276006,0.09665
LightGBM (Optuna),vertebra-column-3c,isotonic,3,0.854932,0.298508,0.134181
LightGBM (Optuna),vertebra-column-3c,venn_abers,3,0.871605,0.306164,0.128555
LightGBM (Optuna),volcanoes-a1,raw,5,0.988765,0.034979,0.016743
LightGBM (Optuna),volcanoes-a1,isotonic,5,0.988226,0.034995,0.00572
LightGBM (Optuna),volcanoes-a1,venn_abers,5,0.988718,0.035112,0.019253
LightGBM (Optuna),volcanoes-a2,raw,5,0.925313,0.138651,0.048883
LightGBM (Optuna),volcanoes-a2,isotonic,5,0.918902,0.135329,0.022199
LightGBM (Optuna),volcanoes-a2,venn_abers,5,0.920158,0.136183,0.038101
LightGBM (Optuna),volcanoes-a4,raw,5,0.915283,0.144381,0.044614
LightGBM (Optuna),volcanoes-a4,isotonic,5,0.912734,0.142565,0.021484
LightGBM (Optuna),volcanoes-a4,venn_abers,5,0.913879,0.143618,0.039572
LightGBM (Optuna),volcanoes-b1,raw,5,0.963359,0.05748,0.007493
LightGBM (Optuna),volcanoes-b1,isotonic,5,0.962153,0.057881,0.005161
LightGBM (Optuna),volcanoes-b1,venn_abers,5,0.962755,0.057898,0.01072
LightGBM (Optuna),volcanoes-b2,raw,5,0.963954,0.056952,0.01202
LightGBM (Optuna),volcanoes-b2,isotonic,5,0.962181,0.058592,0.006576
LightGBM (Optuna),volcanoes-b2,venn_abers,5,0.963033,0.058652,0.011019
LightGBM (Optuna),volcanoes-c1,raw,5,0.975612,0.043627,0.012284
LightGBM (Optuna),volcanoes-c1,isotonic,5,0.973838,0.044612,0.006918
LightGBM (Optuna),volcanoes-c1,venn_abers,5,0.974295,0.044399,0.010333
LightGBM (Optuna),volcanoes-d1,raw,5,0.931413,0.10204,0.026737
LightGBM (Optuna),volcanoes-d1,isotonic,5,0.931481,0.112752,0.013815
LightGBM (Optuna),volcanoes-d1,venn_abers,5,0.931695,0.106777,0.011765
LightGBM (Optuna),volcanoes-d2,raw,5,0.934905,0.098924,0.02713
LightGBM (Optuna),volcanoes-d2,isotonic,5,0.933095,0.106161,0.009552
LightGBM (Optuna),volcanoes-d2,venn_abers,5,0.933613,0.105243,0.011073
LightGBM (Optuna),waveform-v1,raw,3,0.94418,0.194869,0.022588
LightGBM (Optuna),waveform-v1,isotonic,3,0.941227,0.195622,0.017227
LightGBM (Optuna),waveform-v1,venn_abers,3,0.943829,0.195486,0.017618
LightGBM (Optuna),wdbc,raw,2,0.993152,0.056341,0.029932
LightGBM (Optuna),wdbc,isotonic,2,0.981035,0.059515,0.034558
LightGBM (Optuna),wdbc,venn_abers,2,0.992183,0.064385,0.042846
LightGBM (Optuna),wholesale-channel,raw,2,0.919128,0.226891,0.152699
LightGBM (Optuna),wholesale-channel,isotonic,2,0.864646,0.326632,0.179081
LightGBM (Optuna),wholesale-channel,venn_abers,2,0.87185,0.30212,0.167052
LightGBM (Optuna),wholesale-region,raw,3,0.580777,0.518298,0.110771
LightGBM (Optuna),wholesale-region,isotonic,3,0.557511,0.469529,0.079662
LightGBM (Optuna),wholesale-region,venn_abers,3,0.563798,0.460069,0.073713
LightGBM (Optuna),wilt,raw,2,0.928926,0.02273,0.005418
LightGBM (Optuna),wilt,isotonic,2,0.905319,0.024455,0.006084
LightGBM (Optuna),wilt,venn_abers,2,0.915089,0.024421,0.00694
LightGBM (Optuna),wine-quality-5class,raw,5,0.750286,0.514594,0.20573
LightGBM (Optuna),wine-quality-5class,isotonic,5,0.747906,0.446547,0.0401
LightGBM (Optuna),wine-quality-5class,venn_abers,5,0.748664,0.446581,0.04001
LightGBM (Optuna),yeast-4class,raw,4,0.688437,0.544473,0.166068
LightGBM (Optuna),yeast-4class,isotonic,4,0.665249,0.504099,0.071247
LightGBM (Optuna),yeast-4class,venn_abers,4,0.668786,0.502073,0.072464
LightGBM Linear (Optuna),abalone-3class,raw,3,0.718773,0.456698,0.069944
LightGBM Linear (Optuna),abalone-3class,isotonic,3,0.713842,0.445756,0.027738
LightGBM Linear (Optuna),abalone-3class,venn_abers,3,0.715436,0.445716,0.022208
LightGBM Linear (Optuna),abalone-7class,raw,7,0.332777,0.770836,0.062065
LightGBM Linear (Optuna),abalone-7class,isotonic,7,0.32056,0.771502,0.051416
LightGBM Linear (Optuna),abalone-7class,venn_abers,7,0.322969,0.767185,0.039152
LightGBM Linear (Optuna),appendicitis,raw,2,0.716336,0.275295,0.174809
LightGBM Linear (Optuna),appendicitis,isotonic,2,0.449448,0.288342,0.09316
LightGBM Linear (Optuna),appendicitis,venn_abers,2,0.449448,0.283935,0.074159
LightGBM Linear (Optuna),artificial-characters,raw,10,0.974027,0.117101,0.026145
LightGBM Linear (Optuna),artificial-characters,isotonic,10,0.969384,0.117686,0.019543
LightGBM Linear (Optuna),artificial-characters,venn_abers,10,0.972741,0.118647,0.02033
LightGBM Linear (Optuna),autoUniv-au1-1000,raw,2,0.837844,0.420112,0.128975
LightGBM Linear (Optuna),autoUniv-au1-1000,isotonic,2,0.80685,0.352419,0.094168
LightGBM Linear (Optuna),autoUniv-au1-1000,venn_abers,2,0.808445,0.350251,0.087693
LightGBM Linear (Optuna),autoUniv-au4-2500,raw,3,0.676425,0.502102,0.106323
LightGBM Linear (Optuna),autoUniv-au4-2500,isotonic,3,0.659625,0.491643,0.057595
LightGBM Linear (Optuna),autoUniv-au4-2500,venn_abers,3,0.664069,0.487482,0.056565
LightGBM Linear (Optuna),autoUniv-au6-1000,raw,8,0.236311,0.839371,0.042888
LightGBM Linear (Optuna),autoUniv-au6-1000,isotonic,8,0.23514,0.845745,0.038412
LightGBM Linear (Optuna),autoUniv-au6-1000,venn_abers,8,0.233933,0.841367,0.042164
LightGBM Linear (Optuna),autoUniv-au6-250-drift-au6-cd1-500,raw,8,0.250842,0.84678,0.050071
LightGBM Linear (Optuna),autoUniv-au6-250-drift-au6-cd1-500,isotonic,8,0.232494,0.853553,0.054799
LightGBM Linear (Optuna),autoUniv-au6-250-drift-au6-cd1-500,venn_abers,8,0.237934,0.847155,0.055539
LightGBM Linear (Optuna),autoUniv-au6-cd1-400,raw,8,0.33447,0.780064,0.053255
LightGBM Linear (Optuna),autoUniv-au6-cd1-400,isotonic,8,0.331255,0.779802,0.06573
LightGBM Linear (Optuna),autoUniv-au6-cd1-400,venn_abers,8,0.327444,0.780836,0.076222
LightGBM Linear (Optuna),autoUniv-au7-300-drift-au7-cpd1-800,raw,5,0.406394,0.721371,0.085135
LightGBM Linear (Optuna),autoUniv-au7-300-drift-au7-cpd1-800,isotonic,5,0.408202,0.724106,0.051544
LightGBM Linear (Optuna),autoUniv-au7-300-drift-au7-cpd1-800,venn_abers,5,0.407889,0.719816,0.053439
LightGBM Linear (Optuna),autoUniv-au7-700,raw,3,0.556789,0.596575,0.089215
LightGBM Linear (Optuna),autoUniv-au7-700,isotonic,3,0.533659,0.595578,0.059083
LightGBM Linear (Optuna),autoUniv-au7-700,venn_abers,3,0.547405,0.590593,0.068089
LightGBM Linear (Optuna),autoUniv-au7-cpd1-500,raw,5,0.464861,0.717941,0.115959
LightGBM Linear (Optuna),autoUniv-au7-cpd1-500,isotonic,5,0.480209,0.702421,0.12078
LightGBM Linear (Optuna),autoUniv-au7-cpd1-500,venn_abers,5,0.483544,0.709732,0.065799
LightGBM Linear (Optuna),balance-scale,raw,3,0.958154,0.107245,0.026544
LightGBM Linear (Optuna),balance-scale,isotonic,3,0.955641,0.107007,0.029679
LightGBM Linear (Optuna),balance-scale,venn_abers,3,0.958504,0.107703,0.05667
LightGBM Linear (Optuna),banana,raw,2,0.963511,0.143874,0.036382
LightGBM Linear (Optuna),banana,isotonic,2,0.957599,0.147087,0.035454
LightGBM Linear (Optuna),banana,venn_abers,2,0.958953,0.149373,0.039466
LightGBM Linear (Optuna),bank-marketing,raw,2,0.548978,0.214592,0.107457
LightGBM Linear (Optuna),bank-marketing,isotonic,2,0.436421,0.183094,0.078494
LightGBM Linear (Optuna),bank-marketing,venn_abers,2,0.451102,0.182712,0.082018
LightGBM Linear (Optuna),bank-marketing-full,raw,2,0.590977,0.146429,0.068605
LightGBM Linear (Optuna),bank-marketing-full,isotonic,2,0.563856,0.133077,0.014766
LightGBM Linear (Optuna),bank-marketing-full,venn_abers,2,0.573698,0.132782,0.015619
LightGBM Linear (Optuna),blogger,raw,2,0.84312,0.380714,0.20928
LightGBM Linear (Optuna),blogger,isotonic,2,0.772705,0.450637,0.235038
LightGBM Linear (Optuna),blogger,venn_abers,2,0.791331,0.416899,0.203145
LightGBM Linear (Optuna),blood-transfusion-service,raw,2,0.511796,0.381802,0.06641
LightGBM Linear (Optuna),blood-transfusion-service,isotonic,2,0.39174,0.360796,0.10016
LightGBM Linear (Optuna),blood-transfusion-service,venn_abers,2,0.437969,0.356314,0.110818
LightGBM Linear (Optuna),breast-cancer-wisconsin,raw,2,0.981887,0.056894,0.030406
LightGBM Linear (Optuna),breast-cancer-wisconsin,isotonic,2,0.968904,0.057161,0.018069
LightGBM Linear (Optuna),breast-cancer-wisconsin,venn_abers,2,0.979074,0.058631,0.024604
LightGBM Linear (Optuna),bupa,raw,2,0.816331,0.401782,0.110182
LightGBM Linear (Optuna),bupa,isotonic,2,0.789658,0.392837,0.097554
LightGBM Linear (Optuna),bupa,venn_abers,2,0.800314,0.387916,0.079419
LightGBM Linear (Optuna),cardiotocography-3class,raw,3,0.997235,0.022103,0.015823
LightGBM Linear (Optuna),cardiotocography-3class,isotonic,3,0.994048,0.021335,0.010941
LightGBM Linear (Optuna),cardiotocography-3class,venn_abers,3,0.996584,0.026171,0.031758
LightGBM Linear (Optuna),car-evaluation,raw,4,0.999913,0.005693,0.004172
LightGBM Linear (Optuna),car-evaluation,isotonic,4,0.996056,0.009048,0.004958
LightGBM Linear (Optuna),car-evaluation,venn_abers,4,0.999721,0.009145,0.018237
LightGBM Linear (Optuna),climate-simulation-craches,raw,2,0.986038,0.272159,0.133004
LightGBM Linear (Optuna),climate-simulation-craches,isotonic,2,0.965484,0.147825,0.071631
LightGBM Linear (Optuna),climate-simulation-craches,venn_abers,2,0.972918,0.149679,0.072841
LightGBM Linear (Optuna),colon32,raw,2,0.898859,0.249099,0.149132
LightGBM Linear (Optuna),colon32,isotonic,2,0.750382,0.29108,0.155342
LightGBM Linear (Optuna),colon32,venn_abers,2,0.812559,0.283724,0.173833
LightGBM Linear (Optuna),connectionist-mines-vs-rocks,raw,2,0.944288,0.204609,0.087668
LightGBM Linear (Optuna),connectionist-mines-vs-rocks,isotonic,2,0.910797,0.231845,0.102522
LightGBM Linear (Optuna),connectionist-mines-vs-rocks,venn_abers,2,0.931533,0.225582,0.092308
LightGBM Linear (Optuna),contraceptive-method-choice,raw,3,0.605651,0.569991,0.057781
LightGBM Linear (Optuna),contraceptive-method-choice,isotonic,3,0.590582,0.584833,0.080511
LightGBM Linear (Optuna),contraceptive-method-choice,venn_abers,3,0.591537,0.582514,0.052951
LightGBM Linear (Optuna),dermatology,raw,6,0.992631,0.105798,0.126223
LightGBM Linear (Optuna),dermatology,isotonic,6,0.949802,0.195816,0.085149
LightGBM Linear (Optuna),dermatology,venn_abers,6,0.948401,0.232753,0.089901
LightGBM Linear (Optuna),eeg-eye-state,raw,2,0.866051,0.237184,0.101005
LightGBM Linear (Optuna),eeg-eye-state,isotonic,2,0.856278,0.253981,0.165661
LightGBM Linear (Optuna),eeg-eye-state,venn_abers,2,0.859705,0.253808,0.165124
LightGBM Linear (Optuna),flare,raw,6,0.737583,0.374191,0.092724
LightGBM Linear (Optuna),flare,isotonic,6,0.728169,0.355737,0.041617
LightGBM Linear (Optuna),flare,venn_abers,6,0.729284,0.3722,0.063271
LightGBM Linear (Optuna),glioma16,raw,2,0.826129,0.297656,0.150541
LightGBM Linear (Optuna),glioma16,isotonic,2,0.8415,0.323816,0.167017
LightGBM Linear (Optuna),glioma16,venn_abers,2,0.855701,0.312078,0.100565
LightGBM Linear (Optuna),habermans-survival,raw,2,0.416234,0.401503,0.075752
LightGBM Linear (Optuna),habermans-survival,isotonic,2,0.31743,0.416811,0.131221
LightGBM Linear (Optuna),habermans-survival,venn_abers,2,0.333049,0.461748,0.18012
LightGBM Linear (Optuna),hayes-roth,raw,3,0.950242,0.219449,0.098428
LightGBM Linear (Optuna),hayes-roth,isotonic,3,0.916979,0.189642,0.090784
LightGBM Linear (Optuna),hayes-roth,venn_abers,3,0.947107,0.207319,0.075342
LightGBM Linear (Optuna),heart-disease-processed-hungarian,raw,2,0.828119,0.332317,0.142261
LightGBM Linear (Optuna),heart-disease-processed-hungarian,isotonic,2,0.74291,0.303832,0.091329
LightGBM Linear (Optuna),heart-disease-processed-hungarian,venn_abers,2,0.772488,0.300291,0.084649
LightGBM Linear (Optuna),hepatitis,raw,2,0.940786,0.327446,0.138432
LightGBM Linear (Optuna),hepatitis,isotonic,2,0.884086,0.321624,0.111621
LightGBM Linear (Optuna),hepatitis,venn_abers,2,0.920256,0.318029,0.099578
LightGBM Linear (Optuna),hill-valley-with-noise,raw,2,0.961288,0.159394,0.051633
LightGBM Linear (Optuna),hill-valley-with-noise,isotonic,2,0.950955,0.155822,0.035916
LightGBM Linear (Optuna),hill-valley-with-noise,venn_abers,2,0.956461,0.156726,0.041192
LightGBM Linear (Optuna),hill-valley-without-noise,raw,2,0.810953,0.29229,0.143791
LightGBM Linear (Optuna),hill-valley-without-noise,isotonic,2,0.827437,0.303192,0.175197
LightGBM Linear (Optuna),hill-valley-without-noise,venn_abers,2,0.830859,0.303879,0.167755
LightGBM Linear (Optuna),indian-liver-patient,raw,2,0.494124,0.424963,0.143549
LightGBM Linear (Optuna),indian-liver-patient,isotonic,2,0.420625,0.38476,0.07484
LightGBM Linear (Optuna),indian-liver-patient,venn_abers,2,0.469321,0.380754,0.097773
LightGBM Linear (Optuna),ionosphere,raw,2,0.966694,0.118892,0.046586
LightGBM Linear (Optuna),ionosphere,isotonic,2,0.942679,0.135137,0.043839
LightGBM Linear (Optuna),ionosphere,venn_abers,2,0.958311,0.13513,0.063656
LightGBM Linear (Optuna),iris,raw,3,0.984486,0.150956,0.123865
LightGBM Linear (Optuna),iris,isotonic,3,0.945226,0.188963,0.12176
LightGBM Linear (Optuna),iris,venn_abers,3,0.966377,0.208598,0.149936
LightGBM Linear (Optuna),led7digit,raw,10,0.763636,0.40568,0.089453
LightGBM Linear (Optuna),led7digit,isotonic,10,0.745221,0.413215,0.074514
LightGBM Linear (Optuna),led7digit,venn_abers,10,0.755775,0.430433,0.110715
LightGBM Linear (Optuna),leukemia-haslinger,raw,2,0.914493,0.296324,0.154174
LightGBM Linear (Optuna),leukemia-haslinger,isotonic,2,0.824216,0.321739,0.119247
LightGBM Linear (Optuna),leukemia-haslinger,venn_abers,2,0.851356,0.31761,0.11701
LightGBM Linear (Optuna),lsvt-voice-rehabilitation,raw,2,0.917692,0.338806,0.171053
LightGBM Linear (Optuna),lsvt-voice-rehabilitation,isotonic,2,0.84562,0.338874,0.123367
LightGBM Linear (Optuna),lsvt-voice-rehabilitation,venn_abers,2,0.850159,0.332492,0.099325
LightGBM Linear (Optuna),magic,raw,2,0.911564,0.178666,0.015822
LightGBM Linear (Optuna),magic,isotonic,2,0.903367,0.17955,0.008221
LightGBM Linear (Optuna),magic,venn_abers,2,0.906447,0.179546,0.008566
LightGBM Linear (Optuna),mammographic-mass,raw,2,0.889513,0.283515,0.117334
LightGBM Linear (Optuna),mammographic-mass,isotonic,2,0.834855,0.271392,0.086762
LightGBM Linear (Optuna),mammographic-mass,venn_abers,2,0.844193,0.269385,0.084572
LightGBM Linear (Optuna),mfeat-fourier,raw,10,0.881692,0.243041,0.040252
LightGBM Linear (Optuna),mfeat-fourier,isotonic,10,0.869499,0.248189,0.057158
LightGBM Linear (Optuna),mfeat-fourier,venn_abers,10,0.879387,0.264531,0.0888
LightGBM Linear (Optuna),molecular-promotor-gene,raw,2,0.962822,0.204325,0.126036
LightGBM Linear (Optuna),molecular-promotor-gene,isotonic,2,0.927564,0.164624,0.096997
LightGBM Linear (Optuna),molecular-promotor-gene,venn_abers,2,0.945684,0.182657,0.119087
LightGBM Linear (Optuna),molecular-splice-junction,raw,3,0.991508,0.051983,0.008966
LightGBM Linear (Optuna),molecular-splice-junction,isotonic,3,0.988574,0.054554,0.009177
LightGBM Linear (Optuna),molecular-splice-junction,venn_abers,3,0.991399,0.054692,0.012832
LightGBM Linear (Optuna),monks1,raw,2,1.0,0.025808,0.0835
LightGBM Linear (Optuna),monks1,isotonic,2,1.0,0.000202,0.001151
LightGBM Linear (Optuna),monks1,venn_abers,2,1.0,0.01193,0.021617
LightGBM Linear (Optuna),monks3,raw,2,0.989454,0.116647,0.140186
LightGBM Linear (Optuna),monks3,isotonic,2,0.851967,0.243872,0.11252
LightGBM Linear (Optuna),monks3,venn_abers,2,0.859223,0.229894,0.097556
LightGBM Linear (Optuna),mushroom,raw,2,1.0,2e-06,0.000288
LightGBM Linear (Optuna),mushroom,isotonic,2,1.0,0.0,7e-06
LightGBM Linear (Optuna),mushroom,venn_abers,2,1.0,0.000513,0.00233
LightGBM Linear (Optuna),mushroom-expanded,raw,2,1.0,3.4e-05,0.000406
LightGBM Linear (Optuna),mushroom-expanded,isotonic,2,1.0,2.6e-05,9.3e-05
LightGBM Linear (Optuna),mushroom-expanded,venn_abers,2,1.0,0.001008,0.002163
LightGBM Linear (Optuna),nursery-4class,raw,4,1.0,8.8e-05,0.000138
LightGBM Linear (Optuna),nursery-4class,isotonic,4,1.0,8.3e-05,7.9e-05
LightGBM Linear (Optuna),nursery-4class,venn_abers,4,1.0,0.000686,0.004112
LightGBM Linear (Optuna),optdigits,raw,10,0.998714,0.023001,0.008733
LightGBM Linear (Optuna),optdigits,isotonic,10,0.997052,0.022831,0.005794
LightGBM Linear (Optuna),optdigits,venn_abers,10,0.998696,0.023534,0.016176
LightGBM Linear (Optuna),ozone-eighthr,raw,2,0.515594,0.090229,0.02131
LightGBM Linear (Optuna),ozone-eighthr,isotonic,2,0.423236,0.092435,0.012515
LightGBM Linear (Optuna),ozone-eighthr,venn_abers,2,0.455896,0.09123,0.009892
LightGBM Linear (Optuna),ozone-onehr,raw,2,0.312764,0.054137,0.010227
LightGBM Linear (Optuna),ozone-onehr,isotonic,2,0.250983,0.055355,0.018938
LightGBM Linear (Optuna),ozone-onehr,venn_abers,2,0.270794,0.055858,0.024861
LightGBM Linear (Optuna),page-blocks,raw,5,0.989133,0.042304,0.007276
LightGBM Linear (Optuna),page-blocks,isotonic,5,0.987055,0.044203,0.009407
LightGBM Linear (Optuna),page-blocks,venn_abers,5,0.98881,0.044694,0.011577
LightGBM Linear (Optuna),parkinsons,raw,2,0.990954,0.131762,0.073203
LightGBM Linear (Optuna),parkinsons,isotonic,2,0.962735,0.152906,0.079293
LightGBM Linear (Optuna),parkinsons,venn_abers,2,0.985941,0.148066,0.073303
LightGBM Linear (Optuna),pendigits,raw,10,0.999044,0.009768,0.003732
LightGBM Linear (Optuna),pendigits,isotonic,10,0.998378,0.009556,0.002522
LightGBM Linear (Optuna),pendigits,venn_abers,10,0.998967,0.010212,0.010679
LightGBM Linear (Optuna),phoneme,raw,2,0.927545,0.137184,0.034952
LightGBM Linear (Optuna),phoneme,isotonic,2,0.916928,0.133519,0.022713
LightGBM Linear (Optuna),phoneme,venn_abers,2,0.921286,0.133833,0.020245
LightGBM Linear (Optuna),pima-indians-diabetes,raw,2,0.715671,0.361302,0.097663
LightGBM Linear (Optuna),pima-indians-diabetes,isotonic,2,0.673549,0.359531,0.084764
LightGBM Linear (Optuna),pima-indians-diabetes,venn_abers,2,0.696412,0.352141,0.076
LightGBM Linear (Optuna),planning-relax,raw,2,0.274121,0.513299,0.182169
LightGBM Linear (Optuna),planning-relax,isotonic,2,0.292363,0.480201,0.109011
LightGBM Linear (Optuna),planning-relax,venn_abers,2,0.285038,0.431632,0.094566
LightGBM Linear (Optuna),qsar-biodegradation,raw,2,0.885991,0.200291,0.036896
LightGBM Linear (Optuna),qsar-biodegradation,isotonic,2,0.864901,0.204752,0.02258
LightGBM Linear (Optuna),qsar-biodegradation,venn_abers,2,0.87788,0.203903,0.027598
LightGBM Linear (Optuna),ringnorm,raw,2,0.996363,0.043787,0.014204
LightGBM Linear (Optuna),ringnorm,isotonic,2,0.994067,0.042959,0.006815
LightGBM Linear (Optuna),ringnorm,venn_abers,2,0.995898,0.04287,0.008916
LightGBM Linear (Optuna),robot-failure-lp1,raw,4,0.945052,0.267095,0.136692
LightGBM Linear (Optuna),robot-failure-lp1,isotonic,4,0.863588,0.309682,0.138674
LightGBM Linear (Optuna),robot-failure-lp1,venn_abers,4,0.910988,0.315291,0.151652
LightGBM Linear (Optuna),robot-failure-lp4,raw,3,0.95308,0.17349,0.099439
LightGBM Linear (Optuna),robot-failure-lp4,isotonic,3,0.898861,0.233141,0.106877
LightGBM Linear (Optuna),robot-failure-lp4,venn_abers,3,0.924194,0.22444,0.114498
LightGBM Linear (Optuna),robot-failure-lp5,raw,5,0.725453,0.466145,0.15767
LightGBM Linear (Optuna),robot-failure-lp5,isotonic,5,0.722738,0.449625,0.169849
LightGBM Linear (Optuna),robot-failure-lp5,venn_abers,5,0.736356,0.457775,0.178048
LightGBM Linear (Optuna),robot-nav-sensor-readings-24,raw,4,0.999955,0.006658,0.003606
LightGBM Linear (Optuna),robot-nav-sensor-readings-24,isotonic,4,0.998671,0.006393,0.002468
LightGBM Linear (Optuna),robot-nav-sensor-readings-24,venn_abers,4,0.999944,0.006637,0.008406
LightGBM Linear (Optuna),robot-nav-sensor-readings-2,raw,4,0.999924,0.00434,0.012803
LightGBM Linear (Optuna),robot-nav-sensor-readings-2,isotonic,4,0.999313,0.008505,0.015852
LightGBM Linear (Optuna),robot-nav-sensor-readings-2,venn_abers,4,0.999828,0.043383,0.080499
LightGBM Linear (Optuna),robot-nav-sensor-readings-4,raw,4,0.9998,0.00817,0.037196
LightGBM Linear (Optuna),robot-nav-sensor-readings-4,isotonic,4,0.998665,0.005782,0.00224
LightGBM Linear (Optuna),robot-nav-sensor-readings-4,venn_abers,4,0.999763,0.076107,0.137917
LightGBM Linear (Optuna),saheart,raw,2,0.629042,0.441248,0.098311
LightGBM Linear (Optuna),saheart,isotonic,2,0.556041,0.477346,0.161843
LightGBM Linear (Optuna),saheart,venn_abers,2,0.573515,0.447779,0.110431
LightGBM Linear (Optuna),seeds,raw,3,0.977052,0.133194,0.073115
LightGBM Linear (Optuna),seeds,isotonic,3,0.953578,0.148328,0.079386
LightGBM Linear (Optuna),seeds,venn_abers,3,0.976299,0.15258,0.087925
LightGBM Linear (Optuna),seismic-bumps,raw,2,0.974758,0.192479,0.087874
LightGBM Linear (Optuna),seismic-bumps,isotonic,2,0.955068,0.135019,0.076701
LightGBM Linear (Optuna),seismic-bumps,venn_abers,2,0.956479,0.136691,0.075333
LightGBM Linear (Optuna),semeion,raw,10,0.986827,0.07751,0.018687
LightGBM Linear (Optuna),semeion,isotonic,10,0.982905,0.078683,0.019038
LightGBM Linear (Optuna),semeion,venn_abers,10,0.986172,0.081941,0.046267
LightGBM Linear (Optuna),skin-segmentation,raw,2,0.999976,0.00411,0.001548
LightGBM Linear (Optuna),skin-segmentation,isotonic,2,0.999798,0.041548,0.032827
LightGBM Linear (Optuna),skin-segmentation,venn_abers,2,0.999961,0.049132,0.060201
LightGBM Linear (Optuna),spambase,raw,2,0.984774,0.065304,0.020131
LightGBM Linear (Optuna),spambase,isotonic,2,0.980534,0.065899,0.013169
LightGBM Linear (Optuna),spambase,venn_abers,2,0.98269,0.065946,0.012461
LightGBM Linear (Optuna),spectf-heart,raw,2,0.983585,0.19363,0.082117
LightGBM Linear (Optuna),spectf-heart,isotonic,2,0.907189,0.2386,0.066241
LightGBM Linear (Optuna),spectf-heart,venn_abers,2,0.960086,0.232041,0.042328
LightGBM Linear (Optuna),statlog-australian-credit,raw,2,0.929046,0.237545,0.09096
LightGBM Linear (Optuna),statlog-australian-credit,isotonic,2,0.861375,0.265943,0.04335
LightGBM Linear (Optuna),statlog-australian-credit,venn_abers,2,0.898916,0.263322,0.042413
LightGBM Linear (Optuna),statlog-german-credit,raw,2,0.620935,0.388076,0.098031
LightGBM Linear (Optuna),statlog-german-credit,isotonic,2,0.458211,0.412187,0.120486
LightGBM Linear (Optuna),statlog-german-credit,venn_abers,2,0.499105,0.406232,0.105035
LightGBM Linear (Optuna),statlog-heart,raw,2,0.898718,0.283623,0.103257
LightGBM Linear (Optuna),statlog-heart,isotonic,2,0.845718,0.288623,0.096162
LightGBM Linear (Optuna),statlog-heart,venn_abers,2,0.875007,0.283238,0.069511
LightGBM Linear (Optuna),statlog-image-segmentation,raw,7,0.997759,0.028425,0.013071
LightGBM Linear (Optuna),statlog-image-segmentation,isotonic,7,0.995437,0.027156,0.00738
LightGBM Linear (Optuna),statlog-image-segmentation,venn_abers,7,0.997657,0.028918,0.024225
LightGBM Linear (Optuna),statlog-landsat-satellite,raw,6,0.968803,0.127713,0.056027
LightGBM Linear (Optuna),statlog-landsat-satellite,isotonic,6,0.966593,0.113442,0.02104
LightGBM Linear (Optuna),statlog-landsat-satellite,venn_abers,6,0.968898,0.113436,0.020852
LightGBM Linear (Optuna),statlog-vehicle-silhouettes,raw,4,0.858552,0.315153,0.1336
LightGBM Linear (Optuna),statlog-vehicle-silhouettes,isotonic,4,0.844309,0.265745,0.044429
LightGBM Linear (Optuna),statlog-vehicle-silhouettes,venn_abers,4,0.85846,0.265043,0.040342
LightGBM Linear (Optuna),systhetic-control,raw,6,0.998495,0.026719,0.011471
LightGBM Linear (Optuna),systhetic-control,isotonic,6,0.996311,0.032609,0.018326
LightGBM Linear (Optuna),systhetic-control,venn_abers,6,0.998907,0.040613,0.060044
LightGBM Linear (Optuna),teaching-assistant-evaluation,raw,3,0.57785,0.74415,0.291118
LightGBM Linear (Optuna),teaching-assistant-evaluation,isotonic,3,0.518202,0.635738,0.08859
LightGBM Linear (Optuna),teaching-assistant-evaluation,venn_abers,3,0.524076,0.620843,0.13178
LightGBM Linear (Optuna),thoracic-surgery,raw,2,0.879242,0.538921,0.227205
LightGBM Linear (Optuna),thoracic-surgery,isotonic,2,0.849499,0.269906,0.066916
LightGBM Linear (Optuna),thoracic-surgery,venn_abers,2,0.851108,0.314393,0.095855
LightGBM Linear (Optuna),thyroid-allbp,raw,5,0.760442,0.44782,0.098726
LightGBM Linear (Optuna),thyroid-allbp,isotonic,5,0.758805,0.462311,0.052711
LightGBM Linear (Optuna),thyroid-allbp,venn_abers,5,0.759881,0.468064,0.041718
LightGBM Linear (Optuna),thyroid-ann,raw,3,0.999718,0.004689,0.002693
LightGBM Linear (Optuna),thyroid-ann,isotonic,3,0.998446,0.006328,0.003909
LightGBM Linear (Optuna),thyroid-ann,venn_abers,3,0.999625,0.006908,0.013699
LightGBM Linear (Optuna),thyroid-newthyroid,raw,3,0.990922,0.07813,0.051309
LightGBM Linear (Optuna),thyroid-newthyroid,isotonic,3,0.97597,0.109376,0.071218
LightGBM Linear (Optuna),thyroid-newthyroid,venn_abers,3,0.987217,0.140488,0.12261
LightGBM Linear (Optuna),thyroid-sick,raw,5,0.76166,0.421106,0.06404
LightGBM Linear (Optuna),thyroid-sick,isotonic,5,0.758464,0.408843,0.029489
LightGBM Linear (Optuna),thyroid-sick,venn_abers,5,0.761279,0.408536,0.025637
LightGBM Linear (Optuna),thyroid-sick-euthyroid,raw,2,0.91229,0.039556,0.010102
LightGBM Linear (Optuna),thyroid-sick-euthyroid,isotonic,2,0.881295,0.040512,0.005605
LightGBM Linear (Optuna),thyroid-sick-euthyroid,venn_abers,2,0.902813,0.040454,0.012607
LightGBM Linear (Optuna),user-knowledge,raw,5,0.941608,0.14301,0.050892
LightGBM Linear (Optuna),user-knowledge,isotonic,5,0.93522,0.142064,0.050985
LightGBM Linear (Optuna),user-knowledge,venn_abers,5,0.937248,0.151821,0.081648
LightGBM Linear (Optuna),vertebra-column-2c,raw,2,0.843735,0.227873,0.054589
LightGBM Linear (Optuna),vertebra-column-2c,isotonic,2,0.805218,0.227749,0.078583
LightGBM Linear (Optuna),vertebra-column-2c,venn_abers,2,0.824678,0.230612,0.053301
LightGBM Linear (Optuna),vertebra-column-3c,raw,3,0.883814,0.27871,0.105815
LightGBM Linear (Optuna),vertebra-column-3c,isotonic,3,0.854016,0.296679,0.122033
LightGBM Linear (Optuna),vertebra-column-3c,venn_abers,3,0.872738,0.298124,0.098976
LightGBM Linear (Optuna),volcanoes-a1,raw,5,0.988447,0.034446,0.016138
LightGBM Linear (Optuna),volcanoes-a1,isotonic,5,0.986444,0.041701,0.013403
LightGBM Linear (Optuna),volcanoes-a1,venn_abers,5,0.988277,0.04298,0.021946
LightGBM Linear (Optuna),volcanoes-a2,raw,5,0.925642,0.136782,0.050248
LightGBM Linear (Optuna),volcanoes-a2,isotonic,5,0.919733,0.132599,0.017473
LightGBM Linear (Optuna),volcanoes-a2,venn_abers,5,0.923682,0.132094,0.036382
LightGBM Linear (Optuna),volcanoes-a4,raw,5,0.91751,0.15034,0.057809
LightGBM Linear (Optuna),volcanoes-a4,isotonic,5,0.910921,0.144754,0.02201
LightGBM Linear (Optuna),volcanoes-a4,venn_abers,5,0.913623,0.143074,0.034642
LightGBM Linear (Optuna),volcanoes-b1,raw,5,0.963273,0.061074,0.015845
LightGBM Linear (Optuna),volcanoes-b1,isotonic,5,0.961112,0.061959,0.011953
LightGBM Linear (Optuna),volcanoes-b1,venn_abers,5,0.962538,0.062128,0.017292
LightGBM Linear (Optuna),volcanoes-b2,raw,5,0.964383,0.058461,0.014286
LightGBM Linear (Optuna),volcanoes-b2,isotonic,5,0.962749,0.059033,0.008885
LightGBM Linear (Optuna),volcanoes-b2,venn_abers,5,0.962876,0.059172,0.015488
LightGBM Linear (Optuna),volcanoes-c1,raw,5,0.975016,0.045966,0.020341
LightGBM Linear (Optuna),volcanoes-c1,isotonic,5,0.97419,0.044458,0.005107
LightGBM Linear (Optuna),volcanoes-c1,venn_abers,5,0.9749,0.044958,0.010353
LightGBM Linear (Optuna),volcanoes-d1,raw,5,0.932291,0.099569,0.015029
LightGBM Linear (Optuna),volcanoes-d1,isotonic,5,0.932005,0.100512,0.009437
LightGBM Linear (Optuna),volcanoes-d1,venn_abers,5,0.931317,0.100949,0.014052
LightGBM Linear (Optuna),volcanoes-d2,raw,5,0.936137,0.095305,0.011239
LightGBM Linear (Optuna),volcanoes-d2,isotonic,5,0.934535,0.095967,0.006274
LightGBM Linear (Optuna),volcanoes-d2,venn_abers,5,0.935601,0.096148,0.010264
LightGBM Linear (Optuna),waveform-v1,raw,3,0.943947,0.195235,0.01545
LightGBM Linear (Optuna),waveform-v1,isotonic,3,0.941062,0.196574,0.018867
LightGBM Linear (Optuna),waveform-v1,venn_abers,3,0.94315,0.196662,0.018703
LightGBM Linear (Optuna),wdbc,raw,2,0.993099,0.046262,0.027319
LightGBM Linear (Optuna),wdbc,isotonic,2,0.974225,0.049127,0.023255
LightGBM Linear (Optuna),wdbc,venn_abers,2,0.991889,0.051134,0.035489
LightGBM Linear (Optuna),wholesale-channel,raw,2,0.925943,0.244539,0.199047
LightGBM Linear (Optuna),wholesale-channel,isotonic,2,0.864676,0.15018,0.064671
LightGBM Linear (Optuna),wholesale-channel,venn_abers,2,0.875023,0.154087,0.062423
LightGBM Linear (Optuna),wholesale-region,raw,3,0.576082,0.620705,0.231696
LightGBM Linear (Optuna),wholesale-region,isotonic,3,0.571124,0.452637,0.044146
LightGBM Linear (Optuna),wholesale-region,venn_abers,3,0.570332,0.454892,0.065958
LightGBM Linear (Optuna),wilt,raw,2,0.931929,0.023941,0.010426
LightGBM Linear (Optuna),wilt,isotonic,2,0.907966,0.023329,0.004887
LightGBM Linear (Optuna),wilt,venn_abers,2,0.922923,0.023413,0.009934
LightGBM Linear (Optuna),wine-quality-5class,raw,5,0.750574,0.479199,0.162192
LightGBM Linear (Optuna),wine-quality-5class,isotonic,5,0.750556,0.435538,0.020253
LightGBM Linear (Optuna),wine-quality-5class,venn_abers,5,0.751344,0.435163,0.021894
LightGBM Linear (Optuna),yeast-4class,raw,4,0.694349,0.478963,0.044881
LightGBM Linear (Optuna),yeast-4class,isotonic,4,0.687044,0.477545,0.030231
LightGBM Linear (Optuna),yeast-4class,venn_abers,4,0.689038,0.47896,0.044872
Logistic Regression (GridSearch),abalone-3class,raw,3,0.710069,0.445224,0.025817
Logistic Regression (GridSearch),abalone-3class,isotonic,3,0.707022,0.446746,0.019213
Logistic Regression (GridSearch),abalone-3class,venn_abers,3,0.708846,0.446514,0.020023
Logistic Regression (GridSearch),abalone-7class,raw,7,0.318963,0.760371,0.01786
Logistic Regression (GridSearch),abalone-7class,isotonic,7,0.31565,0.764541,0.029264
Logistic Regression (GridSearch),abalone-7class,venn_abers,7,0.317793,0.764074,0.022089
Logistic Regression (GridSearch),appendicitis,raw,2,0.721044,0.394851,0.273697
Logistic Regression (GridSearch),appendicitis,isotonic,2,0.585185,0.266921,0.098298
Logistic Regression (GridSearch),appendicitis,venn_abers,2,0.536821,0.265582,0.119717
Logistic Regression (GridSearch),artificial-characters,raw,10,0.37876,0.745067,0.02626
Logistic Regression (GridSearch),artificial-characters,isotonic,10,0.384466,0.728783,0.028286
Logistic Regression (GridSearch),artificial-characters,venn_abers,10,0.384911,0.729074,0.026228
Logistic Regression (GridSearch),autoUniv-au1-1000,raw,2,0.82567,0.441047,0.04938
Logistic Regression (GridSearch),autoUniv-au1-1000,isotonic,2,0.809816,0.395633,0.091106
Logistic Regression (GridSearch),autoUniv-au1-1000,venn_abers,2,0.812133,0.386668,0.083745
Logistic Regression (GridSearch),autoUniv-au4-2500,raw,3,0.586016,0.528731,0.037958
Logistic Regression (GridSearch),autoUniv-au4-2500,isotonic,3,0.573584,0.531249,0.020737
Logistic Regression (GridSearch),autoUniv-au4-2500,venn_abers,3,0.577255,0.531015,0.03015
Logistic Regression (GridSearch),autoUniv-au6-1000,raw,8,0.161575,0.869601,0.051081
Logistic Regression (GridSearch),autoUniv-au6-1000,isotonic,8,0.166173,0.877954,0.052094
Logistic Regression (GridSearch),autoUniv-au6-1000,venn_abers,8,0.165589,0.869704,0.051732
Logistic Regression (GridSearch),autoUniv-au6-250-drift-au6-cd1-500,raw,8,0.188256,0.892056,0.109307
Logistic Regression (GridSearch),autoUniv-au6-250-drift-au6-cd1-500,isotonic,8,0.180824,0.869506,0.054875
Logistic Regression (GridSearch),autoUniv-au6-250-drift-au6-cd1-500,venn_abers,8,0.182725,0.865619,0.051612
Logistic Regression (GridSearch),autoUniv-au6-cd1-400,raw,8,0.238888,0.903557,0.111717
Logistic Regression (GridSearch),autoUniv-au6-cd1-400,isotonic,8,0.224126,0.854717,0.062898
Logistic Regression (GridSearch),autoUniv-au6-cd1-400,venn_abers,8,0.23299,0.845087,0.055553
Logistic Regression (GridSearch),autoUniv-au7-300-drift-au7-cpd1-800,raw,5,0.312374,0.77229,0.030108
Logistic Regression (GridSearch),autoUniv-au7-300-drift-au7-cpd1-800,isotonic,5,0.288821,0.783104,0.055103
Logistic Regression (GridSearch),autoUniv-au7-300-drift-au7-cpd1-800,venn_abers,5,0.298023,0.777651,0.051622
Logistic Regression (GridSearch),autoUniv-au7-700,raw,3,0.439872,0.659247,0.074372
Logistic Regression (GridSearch),autoUniv-au7-700,isotonic,3,0.420234,0.673838,0.067982
Logistic Regression (GridSearch),autoUniv-au7-700,venn_abers,3,0.421,0.657684,0.078551
Logistic Regression (GridSearch),autoUniv-au7-cpd1-500,raw,5,0.359753,0.749098,0.053284
Logistic Regression (GridSearch),autoUniv-au7-cpd1-500,isotonic,5,0.334705,0.769437,0.067429
Logistic Regression (GridSearch),autoUniv-au7-cpd1-500,venn_abers,5,0.344353,0.755171,0.052425
Logistic Regression (GridSearch),balance-scale,raw,3,0.947726,0.155983,0.05566
Logistic Regression (GridSearch),balance-scale,isotonic,3,0.939718,0.132734,0.045594
Logistic Regression (GridSearch),balance-scale,venn_abers,3,0.944427,0.1373,0.049603
Logistic Regression (GridSearch),banana,raw,2,0.51703,0.493989,0.200389
Logistic Regression (GridSearch),banana,isotonic,2,0.549,0.459801,0.015075
Logistic Regression (GridSearch),banana,venn_abers,2,0.570089,0.459596,0.012875
Logistic Regression (GridSearch),bank-marketing,raw,2,0.515466,0.179553,0.027192
Logistic Regression (GridSearch),bank-marketing,isotonic,2,0.44688,0.199282,0.068125
Logistic Regression (GridSearch),bank-marketing,venn_abers,2,0.455999,0.199761,0.06451
Logistic Regression (GridSearch),bank-marketing-full,raw,2,0.544522,0.141873,0.031698
Logistic Regression (GridSearch),bank-marketing-full,isotonic,2,0.53035,0.137051,0.010529
Logistic Regression (GridSearch),bank-marketing-full,venn_abers,2,0.531845,0.137028,0.010265
Logistic Regression (GridSearch),blogger,raw,2,0.829743,0.424553,0.154885
Logistic Regression (GridSearch),blogger,isotonic,2,0.803616,0.41563,0.14925
Logistic Regression (GridSearch),blogger,venn_abers,2,0.810586,0.388639,0.191787
Logistic Regression (GridSearch),blood-transfusion-service,raw,2,0.509192,0.390154,0.078603
Logistic Regression (GridSearch),blood-transfusion-service,isotonic,2,0.443417,0.334999,0.071785
Logistic Regression (GridSearch),blood-transfusion-service,venn_abers,2,0.470065,0.331933,0.077146
Logistic Regression (GridSearch),breast-cancer-wisconsin,raw,2,0.985486,0.056503,0.020382
Logistic Regression (GridSearch),breast-cancer-wisconsin,isotonic,2,0.970951,0.058837,0.021578
Logistic Regression (GridSearch),breast-cancer-wisconsin,venn_abers,2,0.983882,0.059427,0.029736
Logistic Regression (GridSearch),bupa,raw,2,0.756622,0.426098,0.077242
Logistic Regression (GridSearch),bupa,isotonic,2,0.725122,0.422371,0.059937
Logistic Regression (GridSearch),bupa,venn_abers,2,0.733529,0.421688,0.067834
Logistic Regression (GridSearch),cardiotocography-3class,raw,3,0.99155,0.024546,0.010373
Logistic Regression (GridSearch),cardiotocography-3class,isotonic,3,0.990745,0.025311,0.006798
Logistic Regression (GridSearch),cardiotocography-3class,venn_abers,3,0.991601,0.025466,0.012559
Logistic Regression (GridSearch),car-evaluation,raw,4,0.844631,0.247331,0.025991
Logistic Regression (GridSearch),car-evaluation,isotonic,4,0.839352,0.246448,0.027744
Logistic Regression (GridSearch),car-evaluation,venn_abers,4,0.840728,0.246281,0.021869
Logistic Regression (GridSearch),climate-simulation-craches,raw,2,0.980125,0.315198,0.141755
Logistic Regression (GridSearch),climate-simulation-craches,isotonic,2,0.946137,0.155428,0.065182
Logistic Regression (GridSearch),climate-simulation-craches,venn_abers,2,0.95937,0.152485,0.060829
Logistic Regression (GridSearch),colon32,raw,2,0.882771,0.248736,0.135176
Logistic Regression (GridSearch),colon32,isotonic,2,0.771379,0.299013,0.160466
Logistic Regression (GridSearch),colon32,venn_abers,2,0.857738,0.27343,0.137738
Logistic Regression (GridSearch),connectionist-mines-vs-rocks,raw,2,0.831914,0.354085,0.098932
Logistic Regression (GridSearch),connectionist-mines-vs-rocks,isotonic,2,0.778416,0.366322,0.114152
Logistic Regression (GridSearch),connectionist-mines-vs-rocks,venn_abers,2,0.793826,0.362345,0.094949
Logistic Regression (GridSearch),contraceptive-method-choice,raw,3,0.548936,0.582318,0.033064
Logistic Regression (GridSearch),contraceptive-method-choice,isotonic,3,0.537947,0.59005,0.058329
Logistic Regression (GridSearch),contraceptive-method-choice,venn_abers,3,0.539462,0.587632,0.045005
Logistic Regression (GridSearch),dermatology,raw,6,0.992324,0.063806,0.073018
Logistic Regression (GridSearch),dermatology,isotonic,6,0.976372,0.056267,0.022947
Logistic Regression (GridSearch),dermatology,venn_abers,6,0.991292,0.085585,0.092385
Logistic Regression (GridSearch),eeg-eye-state,raw,2,0.614189,0.460116,0.026445
Logistic Regression (GridSearch),eeg-eye-state,isotonic,2,0.585868,0.457056,0.021854
Logistic Regression (GridSearch),eeg-eye-state,venn_abers,2,0.597195,0.456866,0.022424
Logistic Regression (GridSearch),flare,raw,6,0.733221,0.331686,0.031232
Logistic Regression (GridSearch),flare,isotonic,6,0.725992,0.333963,0.030046
Logistic Regression (GridSearch),flare,venn_abers,6,0.730355,0.337322,0.043578
Logistic Regression (GridSearch),glioma16,raw,2,0.866444,0.450057,0.265212
Logistic Regression (GridSearch),glioma16,isotonic,2,0.839367,0.41089,0.277555
Logistic Regression (GridSearch),glioma16,venn_abers,2,0.843805,0.389429,0.320523
Logistic Regression (GridSearch),habermans-survival,raw,2,0.452612,0.449051,0.166944
Logistic Regression (GridSearch),habermans-survival,isotonic,2,0.420613,0.358962,0.087405
Logistic Regression (GridSearch),habermans-survival,venn_abers,2,0.441327,0.357103,0.092305
Logistic Regression (GridSearch),hayes-roth,raw,3,0.707751,0.510938,0.112287
Logistic Regression (GridSearch),hayes-roth,isotonic,3,0.72076,0.480639,0.120704
Logistic Regression (GridSearch),hayes-roth,venn_abers,3,0.736023,0.484476,0.201244
Logistic Regression (GridSearch),heart-disease-processed-hungarian,raw,2,0.861405,0.36375,0.192506
Logistic Regression (GridSearch),heart-disease-processed-hungarian,isotonic,2,0.534762,0.473276,0.196319
Logistic Regression (GridSearch),heart-disease-processed-hungarian,venn_abers,2,0.570473,0.460496,0.16507
Logistic Regression (GridSearch),hepatitis,raw,2,0.968378,0.437233,0.273097
Logistic Regression (GridSearch),hepatitis,isotonic,2,0.890831,0.313345,0.137053
Logistic Regression (GridSearch),hepatitis,venn_abers,2,0.910413,0.308569,0.142052
Logistic Regression (GridSearch),hill-valley-with-noise,raw,2,0.961915,0.389999,0.139583
Logistic Regression (GridSearch),hill-valley-with-noise,isotonic,2,0.824861,0.35242,0.130902
Logistic Regression (GridSearch),hill-valley-with-noise,venn_abers,2,0.869143,0.34685,0.12238
Logistic Regression (GridSearch),hill-valley-without-noise,raw,2,0.985834,0.398756,0.110648
Logistic Regression (GridSearch),hill-valley-without-noise,isotonic,2,0.901444,0.204428,0.088162
Logistic Regression (GridSearch),hill-valley-without-noise,venn_abers,2,0.963482,0.199115,0.078552
Logistic Regression (GridSearch),indian-liver-patient,raw,2,0.516426,0.402812,0.08921
Logistic Regression (GridSearch),indian-liver-patient,isotonic,2,0.458099,0.37196,0.076009
Logistic Regression (GridSearch),indian-liver-patient,venn_abers,2,0.476123,0.368361,0.082939
Logistic Regression (GridSearch),ionosphere,raw,2,0.915184,0.205316,0.094337
Logistic Regression (GridSearch),ionosphere,isotonic,2,0.9159,0.22069,0.073572
Logistic Regression (GridSearch),ionosphere,venn_abers,2,0.921887,0.212477,0.072839
Logistic Regression (GridSearch),iris,raw,3,0.994123,0.04702,0.034232
Logistic Regression (GridSearch),iris,isotonic,3,0.98286,0.061321,0.037972
Logistic Regression (GridSearch),iris,venn_abers,3,0.993823,0.081443,0.109673
Logistic Regression (GridSearch),led7digit,raw,10,0.764549,0.418565,0.165656
Logistic Regression (GridSearch),led7digit,isotonic,10,0.755752,0.397258,0.051711
Logistic Regression (GridSearch),led7digit,venn_abers,10,0.759471,0.407583,0.093148
Logistic Regression (GridSearch),leukemia-haslinger,raw,2,0.918832,0.438778,0.256976
Logistic Regression (GridSearch),leukemia-haslinger,isotonic,2,0.864516,0.339607,0.178836
Logistic Regression (GridSearch),leukemia-haslinger,venn_abers,2,0.878424,0.338273,0.175482
Logistic Regression (GridSearch),lsvt-voice-rehabilitation,raw,2,0.937678,0.253067,0.12601
Logistic Regression (GridSearch),lsvt-voice-rehabilitation,isotonic,2,0.898173,0.267056,0.135124
Logistic Regression (GridSearch),lsvt-voice-rehabilitation,venn_abers,2,0.931083,0.259339,0.103054
Logistic Regression (GridSearch),magic,raw,2,0.777162,0.297224,0.015815
Logistic Regression (GridSearch),magic,isotonic,2,0.763311,0.296094,0.011733
Logistic Regression (GridSearch),magic,venn_abers,2,0.768061,0.296076,0.011049
Logistic Regression (GridSearch),mammographic-mass,raw,2,0.873213,0.251664,0.050167
Logistic Regression (GridSearch),mammographic-mass,isotonic,2,0.863088,0.253061,0.038826
Logistic Regression (GridSearch),mammographic-mass,venn_abers,2,0.869762,0.252355,0.041627
Logistic Regression (GridSearch),mfeat-fourier,raw,10,0.8673,0.252125,0.025436
Logistic Regression (GridSearch),mfeat-fourier,isotonic,10,0.860593,0.257378,0.025277
Logistic Regression (GridSearch),mfeat-fourier,venn_abers,10,0.865129,0.262094,0.047585
Logistic Regression (GridSearch),molecular-promotor-gene,raw,2,0.872204,0.410904,0.193512
Logistic Regression (GridSearch),molecular-promotor-gene,isotonic,2,0.695198,0.421736,0.114743
Logistic Regression (GridSearch),molecular-promotor-gene,venn_abers,2,0.698216,0.405433,0.124375
Logistic Regression (GridSearch),molecular-splice-junction,raw,3,0.89782,0.249227,0.034566
Logistic Regression (GridSearch),molecular-splice-junction,isotonic,3,0.895771,0.248552,0.020606
Logistic Regression (GridSearch),molecular-splice-junction,venn_abers,3,0.897112,0.248399,0.023426
Logistic Regression (GridSearch),monks1,raw,2,0.816585,0.437664,0.100564
Logistic Regression (GridSearch),monks1,isotonic,2,0.651689,0.46455,0.080319
Logistic Regression (GridSearch),monks1,venn_abers,2,0.681658,0.45486,0.070745
Logistic Regression (GridSearch),monks3,raw,2,0.93263,0.254747,0.191309
Logistic Regression (GridSearch),monks3,isotonic,2,0.929061,0.19204,0.065088
Logistic Regression (GridSearch),monks3,venn_abers,2,0.925855,0.192941,0.052289
Logistic Regression (GridSearch),mushroom,raw,2,0.98426,0.04798,0.025101
Logistic Regression (GridSearch),mushroom,isotonic,2,0.98012,0.04383,0.007651
Logistic Regression (GridSearch),mushroom,venn_abers,2,0.98596,0.042993,0.00721
Logistic Regression (GridSearch),mushroom-expanded,raw,2,0.971872,0.111105,0.060663
Logistic Regression (GridSearch),mushroom-expanded,isotonic,2,0.964736,0.088833,0.015567
Logistic Regression (GridSearch),mushroom-expanded,venn_abers,2,0.967518,0.088652,0.012144
Logistic Regression (GridSearch),nursery-4class,raw,4,0.957009,0.130796,0.010024
Logistic Regression (GridSearch),nursery-4class,isotonic,4,0.954209,0.131674,0.008421
Logistic Regression (GridSearch),nursery-4class,venn_abers,4,0.956553,0.131707,0.009849
Logistic Regression (GridSearch),optdigits,raw,10,0.993821,0.045251,0.008642
Logistic Regression (GridSearch),optdigits,isotonic,10,0.991918,0.046503,0.007041
Logistic Regression (GridSearch),optdigits,venn_abers,10,0.993806,0.047111,0.021407
Logistic Regression (GridSearch),ozone-eighthr,raw,2,0.467826,0.124712,0.018021
Logistic Regression (GridSearch),ozone-eighthr,isotonic,2,0.407867,0.139333,0.071275
Logistic Regression (GridSearch),ozone-eighthr,venn_abers,2,0.421346,0.132056,0.051525
Logistic Regression (GridSearch),ozone-onehr,raw,2,0.345305,0.178538,0.025031
Logistic Regression (GridSearch),ozone-onehr,isotonic,2,0.255358,0.051513,0.016267
Logistic Regression (GridSearch),ozone-onehr,venn_abers,2,0.301658,0.051084,0.016227
Logistic Regression (GridSearch),page-blocks,raw,5,0.984319,0.055359,0.011525
Logistic Regression (GridSearch),page-blocks,isotonic,5,0.983874,0.055032,0.008653
Logistic Regression (GridSearch),page-blocks,venn_abers,5,0.984336,0.054542,0.014533
Logistic Regression (GridSearch),parkinsons,raw,2,0.96805,0.300159,0.120583
Logistic Regression (GridSearch),parkinsons,isotonic,2,0.949985,0.300495,0.133569
Logistic Regression (GridSearch),parkinsons,venn_abers,2,0.960451,0.295126,0.126125
Logistic Regression (GridSearch),pendigits,raw,10,0.983273,0.073044,0.007462
Logistic Regression (GridSearch),pendigits,isotonic,10,0.982585,0.073515,0.004971
Logistic Regression (GridSearch),pendigits,venn_abers,10,0.983729,0.073913,0.014569
Logistic Regression (GridSearch),phoneme,raw,2,0.590156,0.31601,0.046034
Logistic Regression (GridSearch),phoneme,isotonic,2,0.581102,0.305891,0.023067
Logistic Regression (GridSearch),phoneme,venn_abers,2,0.589395,0.305265,0.018653
Logistic Regression (GridSearch),pima-indians-diabetes,raw,2,0.710511,0.318012,0.044184
Logistic Regression (GridSearch),pima-indians-diabetes,isotonic,2,0.678147,0.327275,0.049838
Logistic Regression (GridSearch),pima-indians-diabetes,venn_abers,2,0.688464,0.32438,0.044364
Logistic Regression (GridSearch),planning-relax,raw,2,0.267962,0.470043,0.174464
Logistic Regression (GridSearch),planning-relax,isotonic,2,0.26185,0.417278,0.091489
Logistic Regression (GridSearch),planning-relax,venn_abers,2,0.264664,0.423656,0.106213
Logistic Regression (GridSearch),qsar-biodegradation,raw,2,0.866632,0.207208,0.031674
Logistic Regression (GridSearch),qsar-biodegradation,isotonic,2,0.845817,0.209352,0.026521
Logistic Regression (GridSearch),qsar-biodegradation,venn_abers,2,0.856015,0.209289,0.030648
Logistic Regression (GridSearch),ringnorm,raw,2,0.729942,0.436125,0.20397
Logistic Regression (GridSearch),ringnorm,isotonic,2,0.74209,0.338603,0.030085
Logistic Regression (GridSearch),ringnorm,venn_abers,2,0.744203,0.338644,0.031977
Logistic Regression (GridSearch),robot-failure-lp1,raw,4,0.654676,0.585267,0.244994
Logistic Regression (GridSearch),robot-failure-lp1,isotonic,4,0.61683,0.625603,0.271258
Logistic Regression (GridSearch),robot-failure-lp1,venn_abers,4,0.637159,0.572572,0.117457
Logistic Regression (GridSearch),robot-failure-lp4,raw,3,0.747473,0.437358,0.139524
Logistic Regression (GridSearch),robot-failure-lp4,isotonic,3,0.694694,0.523677,0.17537
Logistic Regression (GridSearch),robot-failure-lp4,venn_abers,3,0.715989,0.46678,0.138611
Logistic Regression (GridSearch),robot-failure-lp5,raw,5,0.420677,0.788968,0.254983
Logistic Regression (GridSearch),robot-failure-lp5,isotonic,5,0.423742,0.752788,0.21709
Logistic Regression (GridSearch),robot-failure-lp5,venn_abers,5,0.435669,0.727273,0.174806
Logistic Regression (GridSearch),robot-nav-sensor-readings-24,raw,4,0.792975,0.39003,0.028957
Logistic Regression (GridSearch),robot-nav-sensor-readings-24,isotonic,4,0.795801,0.381767,0.024619
Logistic Regression (GridSearch),robot-nav-sensor-readings-24,venn_abers,4,0.796602,0.381857,0.022515
Logistic Regression (GridSearch),robot-nav-sensor-readings-2,raw,4,0.997375,0.038303,0.018763
Logistic Regression (GridSearch),robot-nav-sensor-readings-2,isotonic,4,0.99744,0.029167,0.00792
Logistic Regression (GridSearch),robot-nav-sensor-readings-2,venn_abers,4,0.998377,0.029732,0.010877
Logistic Regression (GridSearch),robot-nav-sensor-readings-4,raw,4,0.997101,0.039069,0.019129
Logistic Regression (GridSearch),robot-nav-sensor-readings-4,isotonic,4,0.995908,0.03348,0.007374
Logistic Regression (GridSearch),robot-nav-sensor-readings-4,venn_abers,4,0.997852,0.033486,0.010861
Logistic Regression (GridSearch),saheart,raw,2,0.657758,0.390709,0.053354
Logistic Regression (GridSearch),saheart,isotonic,2,0.611582,0.372973,0.050384
Logistic Regression (GridSearch),saheart,venn_abers,2,0.631509,0.368897,0.052116
Logistic Regression (GridSearch),seeds,raw,3,0.993964,0.070451,0.03506
Logistic Regression (GridSearch),seeds,isotonic,3,0.959963,0.092572,0.045574
Logistic Regression (GridSearch),seeds,venn_abers,3,0.992423,0.090916,0.077262
Logistic Regression (GridSearch),seismic-bumps,raw,2,0.976574,0.2518,0.09097
Logistic Regression (GridSearch),seismic-bumps,isotonic,2,0.955405,0.124912,0.044173
Logistic Regression (GridSearch),seismic-bumps,venn_abers,2,0.962179,0.123239,0.038045
Logistic Regression (GridSearch),semeion,raw,10,0.975637,0.115455,0.024784
Logistic Regression (GridSearch),semeion,isotonic,10,0.972054,0.12145,0.019302
Logistic Regression (GridSearch),semeion,venn_abers,10,0.974402,0.124231,0.049843
Logistic Regression (GridSearch),skin-segmentation,raw,2,0.988102,0.138787,0.048102
Logistic Regression (GridSearch),skin-segmentation,isotonic,2,0.98508,0.11262,0.009503
Logistic Regression (GridSearch),skin-segmentation,venn_abers,2,0.989147,0.112715,0.009274
Logistic Regression (GridSearch),spambase,raw,2,0.950787,0.119654,0.02847
Logistic Regression (GridSearch),spambase,isotonic,2,0.945953,0.11721,0.013072
Logistic Regression (GridSearch),spambase,venn_abers,2,0.947989,0.117106,0.01825
Logistic Regression (GridSearch),spectf-heart,raw,2,0.960372,0.278767,0.074445
Logistic Regression (GridSearch),spectf-heart,isotonic,2,0.935899,0.294588,0.100355
Logistic Regression (GridSearch),spectf-heart,venn_abers,2,0.948052,0.281008,0.096646
Logistic Regression (GridSearch),statlog-australian-credit,raw,2,0.918799,0.200605,0.029898
Logistic Regression (GridSearch),statlog-australian-credit,isotonic,2,0.893477,0.206462,0.038673
Logistic Regression (GridSearch),statlog-australian-credit,venn_abers,2,0.906862,0.204917,0.038704
Logistic Regression (GridSearch),statlog-german-credit,raw,2,0.619455,0.331634,0.035969
Logistic Regression (GridSearch),statlog-german-credit,isotonic,2,0.581087,0.33857,0.065042
Logistic Regression (GridSearch),statlog-german-credit,venn_abers,2,0.58924,0.338409,0.041718
Logistic Regression (GridSearch),statlog-heart,raw,2,0.906596,0.363818,0.195085
Logistic Regression (GridSearch),statlog-heart,isotonic,2,0.787171,0.314601,0.115296
Logistic Regression (GridSearch),statlog-heart,venn_abers,2,0.835333,0.301958,0.095756
Logistic Regression (GridSearch),statlog-image-segmentation,raw,7,0.975274,0.074248,0.017268
Logistic Regression (GridSearch),statlog-image-segmentation,isotonic,7,0.975831,0.07821,0.010077
Logistic Regression (GridSearch),statlog-image-segmentation,venn_abers,7,0.977397,0.07935,0.0302
Logistic Regression (GridSearch),statlog-landsat-satellite,raw,6,0.926711,0.177952,0.016435
Logistic Regression (GridSearch),statlog-landsat-satellite,isotonic,6,0.926836,0.178603,0.016164
Logistic Regression (GridSearch),statlog-landsat-satellite,venn_abers,6,0.928662,0.178454,0.027756
Logistic Regression (GridSearch),statlog-vehicle-silhouettes,raw,4,0.863141,0.258388,0.035703
Logistic Regression (GridSearch),statlog-vehicle-silhouettes,isotonic,4,0.849729,0.263953,0.040439
Logistic Regression (GridSearch),statlog-vehicle-silhouettes,venn_abers,4,0.859984,0.263193,0.034385
Logistic Regression (GridSearch),systhetic-control,raw,6,0.998799,0.0282,0.038094
Logistic Regression (GridSearch),systhetic-control,isotonic,6,0.992122,0.020774,0.010625
Logistic Regression (GridSearch),systhetic-control,venn_abers,6,0.998881,0.033115,0.068603
Logistic Regression (GridSearch),teaching-assistant-evaluation,raw,3,0.574362,0.658401,0.141604
Logistic Regression (GridSearch),teaching-assistant-evaluation,isotonic,3,0.440317,0.733442,0.21571
Logistic Regression (GridSearch),teaching-assistant-evaluation,venn_abers,3,0.444052,0.684714,0.193585
Logistic Regression (GridSearch),thoracic-surgery,raw,2,0.880436,0.37455,0.049039
Logistic Regression (GridSearch),thoracic-surgery,isotonic,2,0.862133,0.268868,0.055681
Logistic Regression (GridSearch),thoracic-surgery,venn_abers,2,0.871745,0.273619,0.036043
Logistic Regression (GridSearch),thyroid-allbp,raw,5,0.773824,0.391558,0.021531
Logistic Regression (GridSearch),thyroid-allbp,isotonic,5,0.769992,0.394878,0.030907
Logistic Regression (GridSearch),thyroid-allbp,venn_abers,5,0.771571,0.394556,0.028162
Logistic Regression (GridSearch),thyroid-ann,raw,3,0.989086,0.061899,0.070617
Logistic Regression (GridSearch),thyroid-ann,isotonic,3,0.991333,0.027996,0.004835
Logistic Regression (GridSearch),thyroid-ann,venn_abers,3,0.990915,0.028293,0.010098
Logistic Regression (GridSearch),thyroid-newthyroid,raw,3,0.994829,0.062051,0.057844
Logistic Regression (GridSearch),thyroid-newthyroid,isotonic,3,0.986332,0.057097,0.031997
Logistic Regression (GridSearch),thyroid-newthyroid,venn_abers,3,0.994076,0.066666,0.081003
Logistic Regression (GridSearch),thyroid-sick,raw,5,0.769967,0.395836,0.023615
Logistic Regression (GridSearch),thyroid-sick,isotonic,5,0.766875,0.398508,0.026806
Logistic Regression (GridSearch),thyroid-sick,venn_abers,5,0.769252,0.39881,0.029106
Logistic Regression (GridSearch),thyroid-sick-euthyroid,raw,2,0.770779,0.069579,0.024339
Logistic Regression (GridSearch),thyroid-sick-euthyroid,isotonic,2,0.748585,0.06351,0.011272
Logistic Regression (GridSearch),thyroid-sick-euthyroid,venn_abers,2,0.757483,0.063468,0.007897
Logistic Regression (GridSearch),user-knowledge,raw,5,0.955508,0.147103,0.048329
Logistic Regression (GridSearch),user-knowledge,isotonic,5,0.937657,0.140695,0.054382
Logistic Regression (GridSearch),user-knowledge,venn_abers,5,0.946796,0.145402,0.075655
Logistic Regression (GridSearch),vertebra-column-2c,raw,2,0.872047,0.204697,0.059212
Logistic Regression (GridSearch),vertebra-column-2c,isotonic,2,0.832902,0.214692,0.088544
Logistic Regression (GridSearch),vertebra-column-2c,venn_abers,2,0.852753,0.212248,0.077263
Logistic Regression (GridSearch),vertebra-column-3c,raw,3,0.922982,0.192286,0.040299
Logistic Regression (GridSearch),vertebra-column-3c,isotonic,3,0.910233,0.199921,0.069911
Logistic Regression (GridSearch),vertebra-column-3c,venn_abers,3,0.923911,0.202776,0.069353
Logistic Regression (GridSearch),volcanoes-a1,raw,5,0.925884,0.122801,0.01085
Logistic Regression (GridSearch),volcanoes-a1,isotonic,5,0.922856,0.124818,0.016328
Logistic Regression (GridSearch),volcanoes-a1,venn_abers,5,0.924456,0.124077,0.018379
Logistic Regression (GridSearch),volcanoes-a2,raw,5,0.926236,0.12474,0.015411
Logistic Regression (GridSearch),volcanoes-a2,isotonic,5,0.923372,0.125983,0.014755
Logistic Regression (GridSearch),volcanoes-a2,venn_abers,5,0.92426,0.126699,0.03178
Logistic Regression (GridSearch),volcanoes-a4,raw,5,0.915976,0.136569,0.021107
Logistic Regression (GridSearch),volcanoes-a4,isotonic,5,0.915659,0.137985,0.01959
Logistic Regression (GridSearch),volcanoes-a4,venn_abers,5,0.917244,0.137745,0.031844
Logistic Regression (GridSearch),volcanoes-b1,raw,5,0.96502,0.068403,0.032328
Logistic Regression (GridSearch),volcanoes-b1,isotonic,5,0.961868,0.066693,0.020849
Logistic Regression (GridSearch),volcanoes-b1,venn_abers,5,0.962335,0.066864,0.02374
Logistic Regression (GridSearch),volcanoes-b2,raw,5,0.966248,0.053308,0.004356
Logistic Regression (GridSearch),volcanoes-b2,isotonic,5,0.965421,0.053476,0.003765
Logistic Regression (GridSearch),volcanoes-b2,venn_abers,5,0.966154,0.053838,0.007591
Logistic Regression (GridSearch),volcanoes-c1,raw,5,0.97613,0.045862,0.002407
Logistic Regression (GridSearch),volcanoes-c1,isotonic,5,0.973649,0.046703,0.014019
Logistic Regression (GridSearch),volcanoes-c1,venn_abers,5,0.974743,0.046776,0.017885
Logistic Regression (GridSearch),volcanoes-d1,raw,5,0.933814,0.098253,0.011753
Logistic Regression (GridSearch),volcanoes-d1,isotonic,5,0.933102,0.098562,0.006741
Logistic Regression (GridSearch),volcanoes-d1,venn_abers,5,0.93341,0.099023,0.00839
Logistic Regression (GridSearch),volcanoes-d2,raw,5,0.93648,0.096266,0.01465
Logistic Regression (GridSearch),volcanoes-d2,isotonic,5,0.935834,0.096797,0.009423
Logistic Regression (GridSearch),volcanoes-d2,venn_abers,5,0.936309,0.096916,0.010905
Logistic Regression (GridSearch),waveform-v1,raw,3,0.938953,0.192821,0.018062
Logistic Regression (GridSearch),waveform-v1,isotonic,3,0.936434,0.192887,0.0114
Logistic Regression (GridSearch),waveform-v1,venn_abers,3,0.937382,0.192949,0.010318
Logistic Regression (GridSearch),wdbc,raw,2,0.992894,0.050799,0.024574
Logistic Regression (GridSearch),wdbc,isotonic,2,0.979171,0.064211,0.032478
Logistic Regression (GridSearch),wdbc,venn_abers,2,0.991941,0.061726,0.038326
Logistic Regression (GridSearch),wholesale-channel,raw,2,0.929439,0.14742,0.075057
Logistic Regression (GridSearch),wholesale-channel,isotonic,2,0.90118,0.143326,0.040568
Logistic Regression (GridSearch),wholesale-channel,venn_abers,2,0.921106,0.141269,0.039875
Logistic Regression (GridSearch),wholesale-region,raw,3,0.577928,0.614135,0.110362
Logistic Regression (GridSearch),wholesale-region,isotonic,3,0.572874,0.52628,0.111811
Logistic Regression (GridSearch),wholesale-region,venn_abers,3,0.580017,0.484569,0.08492
Logistic Regression (GridSearch),wilt,raw,2,0.701796,0.049263,0.008564
Logistic Regression (GridSearch),wilt,isotonic,2,0.672653,0.046898,0.00567
Logistic Regression (GridSearch),wilt,venn_abers,2,0.679718,0.047016,0.00714
Logistic Regression (GridSearch),wine-quality-5class,raw,5,0.518508,0.580992,0.013055
Logistic Regression (GridSearch),wine-quality-5class,isotonic,5,0.518411,0.581359,0.011788
Logistic Regression (GridSearch),wine-quality-5class,venn_abers,5,0.519091,0.581287,0.016794
Logistic Regression (GridSearch),yeast-4class,raw,4,0.638533,0.499307,0.066144
Logistic Regression (GridSearch),yeast-4class,isotonic,4,0.641345,0.498082,0.039345
Logistic Regression (GridSearch),yeast-4class,venn_abers,4,0.640434,0.497857,0.040559
Random Forest (Optuna),abalone-3class,raw,3,0.717036,0.437646,0.018067
Random Forest (Optuna),abalone-3class,isotonic,3,0.714585,0.43888,0.024004
Random Forest (Optuna),abalone-3class,venn_abers,3,0.715484,0.43882,0.018957
Random Forest (Optuna),abalone-7class,raw,7,0.330935,0.75435,0.028642
Random Forest (Optuna),abalone-7class,isotonic,7,0.330682,0.756928,0.036429
Random Forest (Optuna),abalone-7class,venn_abers,7,0.330094,0.756423,0.027811
Random Forest (Optuna),appendicitis,raw,2,0.736991,0.256184,0.106246
Random Forest (Optuna),appendicitis,isotonic,2,0.700918,0.179601,0.100685
Random Forest (Optuna),appendicitis,venn_abers,2,0.68612,0.187026,0.097158
Random Forest (Optuna),artificial-characters,raw,10,0.929357,0.206152,0.114589
Random Forest (Optuna),artificial-characters,isotonic,10,0.93142,0.176771,0.015177
Random Forest (Optuna),artificial-characters,venn_abers,10,0.932192,0.17742,0.025615
Random Forest (Optuna),autoUniv-au1-1000,raw,2,0.83423,0.349393,0.070113
Random Forest (Optuna),autoUniv-au1-1000,isotonic,2,0.837714,0.413106,0.110428
Random Forest (Optuna),autoUniv-au1-1000,venn_abers,2,0.839609,0.393408,0.111919
Random Forest (Optuna),autoUniv-au4-2500,raw,3,0.640273,0.491381,0.03937
Random Forest (Optuna),autoUniv-au4-2500,isotonic,3,0.63721,0.494557,0.025125
Random Forest (Optuna),autoUniv-au4-2500,venn_abers,3,0.639202,0.493499,0.022381
Random Forest (Optuna),autoUniv-au6-1000,raw,8,0.26493,0.81369,0.054587
Random Forest (Optuna),autoUniv-au6-1000,isotonic,8,0.262786,0.816173,0.039691
Random Forest (Optuna),autoUniv-au6-1000,venn_abers,8,0.263144,0.815656,0.045705
Random Forest (Optuna),autoUniv-au6-250-drift-au6-cd1-500,raw,8,0.274879,0.820361,0.044976
Random Forest (Optuna),autoUniv-au6-250-drift-au6-cd1-500,isotonic,8,0.262684,0.825651,0.033474
Random Forest (Optuna),autoUniv-au6-250-drift-au6-cd1-500,venn_abers,8,0.266362,0.823992,0.051161
Random Forest (Optuna),autoUniv-au6-cd1-400,raw,8,0.399151,0.741733,0.104108
Random Forest (Optuna),autoUniv-au6-cd1-400,isotonic,8,0.391936,0.733542,0.113214
Random Forest (Optuna),autoUniv-au6-cd1-400,venn_abers,8,0.392131,0.737213,0.10114
Random Forest (Optuna),autoUniv-au7-300-drift-au7-cpd1-800,raw,5,0.415522,0.706748,0.051769
Random Forest (Optuna),autoUniv-au7-300-drift-au7-cpd1-800,isotonic,5,0.416074,0.708848,0.048575
Random Forest (Optuna),autoUniv-au7-300-drift-au7-cpd1-800,venn_abers,5,0.418403,0.704625,0.049416
Random Forest (Optuna),autoUniv-au7-700,raw,3,0.562106,0.553926,0.06826
Random Forest (Optuna),autoUniv-au7-700,isotonic,3,0.565042,0.54808,0.062007
Random Forest (Optuna),autoUniv-au7-700,venn_abers,3,0.566976,0.546412,0.056846
Random Forest (Optuna),autoUniv-au7-cpd1-500,raw,5,0.491608,0.673573,0.068763
Random Forest (Optuna),autoUniv-au7-cpd1-500,isotonic,5,0.485345,0.678553,0.075016
Random Forest (Optuna),autoUniv-au7-cpd1-500,venn_abers,5,0.493348,0.672809,0.06287
Random Forest (Optuna),balance-scale,raw,3,0.910666,0.229595,0.132663
Random Forest (Optuna),balance-scale,isotonic,3,0.916503,0.179867,0.066771
Random Forest (Optuna),balance-scale,venn_abers,3,0.917813,0.185423,0.089523
Random Forest (Optuna),banana,raw,2,0.96208,0.143768,0.015689
Random Forest (Optuna),banana,isotonic,2,0.956688,0.143643,0.012667
Random Forest (Optuna),banana,venn_abers,2,0.958781,0.143677,0.011928
Random Forest (Optuna),bank-marketing,raw,2,0.549844,0.140209,0.017396
Random Forest (Optuna),bank-marketing,isotonic,2,0.522616,0.141716,0.010507
Random Forest (Optuna),bank-marketing,venn_abers,2,0.531186,0.141778,0.012641
Random Forest (Optuna),bank-marketing-full,raw,2,0.595122,0.143596,0.022392
Random Forest (Optuna),bank-marketing-full,isotonic,2,0.574263,0.140353,0.017913
Random Forest (Optuna),bank-marketing-full,venn_abers,2,0.579569,0.140259,0.018952
Random Forest (Optuna),blogger,raw,2,0.847859,0.311188,0.181537
Random Forest (Optuna),blogger,isotonic,2,0.831831,0.319507,0.154878
Random Forest (Optuna),blogger,venn_abers,2,0.837284,0.315473,0.138718
Random Forest (Optuna),blood-transfusion-service,raw,2,0.469004,0.414171,0.070969
Random Forest (Optuna),blood-transfusion-service,isotonic,2,0.419816,0.33161,0.083767
Random Forest (Optuna),blood-transfusion-service,venn_abers,2,0.43757,0.331342,0.082206
Random Forest (Optuna),breast-cancer-wisconsin,raw,2,0.979634,0.0607,0.027122
Random Forest (Optuna),breast-cancer-wisconsin,isotonic,2,0.970416,0.056685,0.019787
Random Forest (Optuna),breast-cancer-wisconsin,venn_abers,2,0.975576,0.058042,0.024443
Random Forest (Optuna),bupa,raw,2,0.79483,0.378897,0.092814
Random Forest (Optuna),bupa,isotonic,2,0.77691,0.378817,0.082841
Random Forest (Optuna),bupa,venn_abers,2,0.776023,0.375329,0.062677
Random Forest (Optuna),cardiotocography-3class,raw,3,0.997303,0.026485,0.037532
Random Forest (Optuna),cardiotocography-3class,isotonic,3,0.99644,0.018924,0.005238
Random Forest (Optuna),cardiotocography-3class,venn_abers,3,0.997093,0.019027,0.014469
Random Forest (Optuna),car-evaluation,raw,4,0.99817,0.041419,0.046647
Random Forest (Optuna),car-evaluation,isotonic,4,0.992674,0.0268,0.006657
Random Forest (Optuna),car-evaluation,venn_abers,4,0.997962,0.029532,0.024494
Random Forest (Optuna),climate-simulation-craches,raw,2,0.985124,0.153666,0.075012
Random Forest (Optuna),climate-simulation-craches,isotonic,2,0.979873,0.133879,0.033065
Random Forest (Optuna),climate-simulation-craches,venn_abers,2,0.983465,0.134819,0.037261
Random Forest (Optuna),colon32,raw,2,0.880614,0.241195,0.152551
Random Forest (Optuna),colon32,isotonic,2,0.80754,0.25646,0.173793
Random Forest (Optuna),colon32,venn_abers,2,0.851332,0.266351,0.159155
Random Forest (Optuna),connectionist-mines-vs-rocks,raw,2,0.929489,0.273711,0.143405
Random Forest (Optuna),connectionist-mines-vs-rocks,isotonic,2,0.90244,0.252452,0.105613
Random Forest (Optuna),connectionist-mines-vs-rocks,venn_abers,2,0.917573,0.246632,0.086563
Random Forest (Optuna),contraceptive-method-choice,raw,3,0.613615,0.549131,0.038415
Random Forest (Optuna),contraceptive-method-choice,isotonic,3,0.601819,0.551287,0.043452
Random Forest (Optuna),contraceptive-method-choice,venn_abers,3,0.60338,0.550559,0.047599
Random Forest (Optuna),dermatology,raw,6,0.995234,0.075403,0.127145
Random Forest (Optuna),dermatology,isotonic,6,0.994728,0.043399,0.027675
Random Forest (Optuna),dermatology,venn_abers,6,0.995265,0.064789,0.093644
Random Forest (Optuna),eeg-eye-state,raw,2,0.971929,0.163335,0.125991
Random Forest (Optuna),eeg-eye-state,isotonic,2,0.968706,0.122992,0.006407
Random Forest (Optuna),eeg-eye-state,venn_abers,2,0.969754,0.122973,0.007669
Random Forest (Optuna),flare,raw,6,0.729496,0.348072,0.066249
Random Forest (Optuna),flare,isotonic,6,0.719054,0.366932,0.054307
Random Forest (Optuna),flare,venn_abers,6,0.701163,0.419589,0.077145
Random Forest (Optuna),glioma16,raw,2,0.893773,0.274064,0.119349
Random Forest (Optuna),glioma16,isotonic,2,0.881273,0.291004,0.190837
Random Forest (Optuna),glioma16,venn_abers,2,0.896749,0.300206,0.121809
Random Forest (Optuna),habermans-survival,raw,2,0.480826,0.413198,0.102747
Random Forest (Optuna),habermans-survival,isotonic,2,0.426942,0.385471,0.08947
Random Forest (Optuna),habermans-survival,venn_abers,2,0.430498,0.377365,0.063803
Random Forest (Optuna),hayes-roth,raw,3,0.932793,0.213273,0.121543
Random Forest (Optuna),hayes-roth,isotonic,3,0.888962,0.205802,0.105522
Random Forest (Optuna),hayes-roth,venn_abers,3,0.923658,0.220639,0.102914
Random Forest (Optuna),heart-disease-processed-hungarian,raw,2,0.830452,0.262195,0.076741
Random Forest (Optuna),heart-disease-processed-hungarian,isotonic,2,0.800835,0.274618,0.070953
Random Forest (Optuna),heart-disease-processed-hungarian,venn_abers,2,0.817378,0.272198,0.080374
Random Forest (Optuna),hepatitis,raw,2,0.963045,0.237446,0.08543
Random Forest (Optuna),hepatitis,isotonic,2,0.944637,0.251024,0.121658
Random Forest (Optuna),hepatitis,venn_abers,2,0.953875,0.244818,0.112874
Random Forest (Optuna),hill-valley-with-noise,raw,2,0.580508,0.505985,0.071349
Random Forest (Optuna),hill-valley-with-noise,isotonic,2,0.549838,0.497513,0.045027
Random Forest (Optuna),hill-valley-with-noise,venn_abers,2,0.552483,0.496446,0.046676
Random Forest (Optuna),hill-valley-without-noise,raw,2,0.616579,0.508335,0.100057
Random Forest (Optuna),hill-valley-without-noise,isotonic,2,0.604651,0.48373,0.026659
Random Forest (Optuna),hill-valley-without-noise,venn_abers,2,0.607509,0.480889,0.032322
Random Forest (Optuna),indian-liver-patient,raw,2,0.494386,0.385637,0.091814
Random Forest (Optuna),indian-liver-patient,isotonic,2,0.462763,0.356321,0.066317
Random Forest (Optuna),indian-liver-patient,venn_abers,2,0.48069,0.355099,0.081738
Random Forest (Optuna),ionosphere,raw,2,0.980939,0.110051,0.066454
Random Forest (Optuna),ionosphere,isotonic,2,0.965624,0.113913,0.041323
Random Forest (Optuna),ionosphere,venn_abers,2,0.977266,0.107938,0.05522
Random Forest (Optuna),iris,raw,3,0.9881,0.07438,0.043349
Random Forest (Optuna),iris,isotonic,3,0.96301,0.091406,0.040901
Random Forest (Optuna),iris,venn_abers,3,0.987308,0.113014,0.124753
Random Forest (Optuna),led7digit,raw,10,0.759514,0.440098,0.161804
Random Forest (Optuna),led7digit,isotonic,10,0.752275,0.417272,0.080632
Random Forest (Optuna),led7digit,venn_abers,10,0.756696,0.42722,0.097233
Random Forest (Optuna),leukemia-haslinger,raw,2,0.913326,0.257492,0.126133
Random Forest (Optuna),leukemia-haslinger,isotonic,2,0.881213,0.268539,0.108067
Random Forest (Optuna),leukemia-haslinger,venn_abers,2,0.909228,0.259849,0.07597
Random Forest (Optuna),lsvt-voice-rehabilitation,raw,2,0.906261,0.272568,0.142715
Random Forest (Optuna),lsvt-voice-rehabilitation,isotonic,2,0.889648,0.281842,0.131177
Random Forest (Optuna),lsvt-voice-rehabilitation,venn_abers,2,0.90991,0.273036,0.063424
Random Forest (Optuna),magic,raw,2,0.904904,0.189357,0.033465
Random Forest (Optuna),magic,isotonic,2,0.89655,0.186654,0.01389
Random Forest (Optuna),magic,venn_abers,2,0.899335,0.186681,0.01007
Random Forest (Optuna),mammographic-mass,raw,2,0.864543,0.246214,0.045106
Random Forest (Optuna),mammographic-mass,isotonic,2,0.848198,0.250526,0.03242
Random Forest (Optuna),mammographic-mass,venn_abers,2,0.860652,0.249805,0.037885
Random Forest (Optuna),mfeat-fourier,raw,10,0.874588,0.288195,0.181666
Random Forest (Optuna),mfeat-fourier,isotonic,10,0.870376,0.228753,0.022958
Random Forest (Optuna),mfeat-fourier,venn_abers,10,0.875765,0.230961,0.058285
Random Forest (Optuna),molecular-promotor-gene,raw,2,0.959005,0.301026,0.213988
Random Forest (Optuna),molecular-promotor-gene,isotonic,2,0.904449,0.237889,0.124297
Random Forest (Optuna),molecular-promotor-gene,venn_abers,2,0.952617,0.236679,0.113569
Random Forest (Optuna),molecular-splice-junction,raw,3,0.986926,0.158011,0.207099
Random Forest (Optuna),molecular-splice-junction,isotonic,3,0.986665,0.077841,0.009508
Random Forest (Optuna),molecular-splice-junction,venn_abers,3,0.987436,0.077904,0.01519
Random Forest (Optuna),monks1,raw,2,1.0,0.050498,0.093641
Random Forest (Optuna),monks1,isotonic,2,1.0,0.009541,0.017819
Random Forest (Optuna),monks1,venn_abers,2,0.974788,0.054823,0.02676
Random Forest (Optuna),monks3,raw,2,0.991009,0.045513,0.051636
Random Forest (Optuna),monks3,isotonic,2,0.977099,0.053973,0.022202
Random Forest (Optuna),monks3,venn_abers,2,0.987397,0.043999,0.034242
Random Forest (Optuna),mushroom,raw,2,1.0,0.001251,0.004908
Random Forest (Optuna),mushroom,isotonic,2,1.0,4.4e-05,0.0001
Random Forest (Optuna),mushroom,venn_abers,2,1.0,0.00053,0.002338
Random Forest (Optuna),mushroom-expanded,raw,2,1.0,0.001499,0.004903
Random Forest (Optuna),mushroom-expanded,isotonic,2,1.0,0.000113,0.000209
Random Forest (Optuna),mushroom-expanded,venn_abers,2,1.0,0.000665,0.00246
Random Forest (Optuna),nursery-4class,raw,4,0.999794,0.018305,0.035129
Random Forest (Optuna),nursery-4class,isotonic,4,0.999458,0.009493,0.002881
Random Forest (Optuna),nursery-4class,venn_abers,4,0.999742,0.012703,0.012857
Random Forest (Optuna),optdigits,raw,10,0.997164,0.084585,0.164085
Random Forest (Optuna),optdigits,isotonic,10,0.996548,0.029447,0.005097
Random Forest (Optuna),optdigits,venn_abers,10,0.997506,0.031099,0.024518
Random Forest (Optuna),ozone-eighthr,raw,2,0.510439,0.095532,0.035101
Random Forest (Optuna),ozone-eighthr,isotonic,2,0.478942,0.096956,0.025659
Random Forest (Optuna),ozone-eighthr,venn_abers,2,0.490586,0.096982,0.022377
Random Forest (Optuna),ozone-onehr,raw,2,0.355705,0.063471,0.051111
Random Forest (Optuna),ozone-onehr,isotonic,2,0.303202,0.0474,0.010846
Random Forest (Optuna),ozone-onehr,venn_abers,2,0.327706,0.046939,0.011021
Random Forest (Optuna),page-blocks,raw,5,0.989107,0.044363,0.009586
Random Forest (Optuna),page-blocks,isotonic,5,0.988316,0.04732,0.008528
Random Forest (Optuna),page-blocks,venn_abers,5,0.989012,0.047321,0.010146
Random Forest (Optuna),parkinsons,raw,2,0.982131,0.162819,0.058003
Random Forest (Optuna),parkinsons,isotonic,2,0.966703,0.198205,0.083253
Random Forest (Optuna),parkinsons,venn_abers,2,0.979302,0.189802,0.095657
Random Forest (Optuna),pendigits,raw,10,0.998411,0.031597,0.060989
Random Forest (Optuna),pendigits,isotonic,10,0.998141,0.014771,0.00285
Random Forest (Optuna),pendigits,venn_abers,10,0.998449,0.015498,0.012997
Random Forest (Optuna),phoneme,raw,2,0.924012,0.138815,0.038913
Random Forest (Optuna),phoneme,isotonic,2,0.914069,0.13421,0.012668
Random Forest (Optuna),phoneme,venn_abers,2,0.917879,0.134146,0.01056
Random Forest (Optuna),pima-indians-diabetes,raw,2,0.703633,0.323542,0.049801
Random Forest (Optuna),pima-indians-diabetes,isotonic,2,0.675488,0.326757,0.038418
Random Forest (Optuna),pima-indians-diabetes,venn_abers,2,0.682091,0.326044,0.041785
Random Forest (Optuna),planning-relax,raw,2,0.365838,0.475928,0.111414
Random Forest (Optuna),planning-relax,isotonic,2,0.289062,0.436532,0.056177
Random Forest (Optuna),planning-relax,venn_abers,2,0.298802,0.420669,0.05152
Random Forest (Optuna),qsar-biodegradation,raw,2,0.884592,0.19984,0.046554
Random Forest (Optuna),qsar-biodegradation,isotonic,2,0.866707,0.207452,0.052134
Random Forest (Optuna),qsar-biodegradation,venn_abers,2,0.872621,0.20662,0.053218
Random Forest (Optuna),ringnorm,raw,2,0.991349,0.09214,0.078579
Random Forest (Optuna),ringnorm,isotonic,2,0.989469,0.068361,0.010299
Random Forest (Optuna),ringnorm,venn_abers,2,0.99048,0.06837,0.011405
Random Forest (Optuna),robot-failure-lp1,raw,4,0.920446,0.289184,0.178159
Random Forest (Optuna),robot-failure-lp1,isotonic,4,0.916238,0.149528,0.081941
Random Forest (Optuna),robot-failure-lp1,venn_abers,4,0.931178,0.205076,0.214687
Random Forest (Optuna),robot-failure-lp4,raw,3,0.971193,0.188241,0.1727
Random Forest (Optuna),robot-failure-lp4,isotonic,3,0.957995,0.147903,0.080109
Random Forest (Optuna),robot-failure-lp4,venn_abers,3,0.971814,0.151435,0.125474
Random Forest (Optuna),robot-failure-lp5,raw,5,0.739103,0.442898,0.149225
Random Forest (Optuna),robot-failure-lp5,isotonic,5,0.7625,0.400883,0.118258
Random Forest (Optuna),robot-failure-lp5,venn_abers,5,0.770924,0.403606,0.109764
Random Forest (Optuna),robot-nav-sensor-readings-24,raw,4,0.999793,0.010624,0.003305
Random Forest (Optuna),robot-nav-sensor-readings-24,isotonic,4,0.998398,0.011242,0.003823
Random Forest (Optuna),robot-nav-sensor-readings-24,venn_abers,4,0.999577,0.011702,0.007557
Random Forest (Optuna),robot-nav-sensor-readings-2,raw,4,1.0,0.000608,0.004216
Random Forest (Optuna),robot-nav-sensor-readings-2,isotonic,4,1.0,0.000465,0.000332
Random Forest (Optuna),robot-nav-sensor-readings-2,venn_abers,4,1.0,0.001704,0.007204
Random Forest (Optuna),robot-nav-sensor-readings-4,raw,4,1.0,0.000876,0.004969
Random Forest (Optuna),robot-nav-sensor-readings-4,isotonic,4,1.0,8.4e-05,0.000176
Random Forest (Optuna),robot-nav-sensor-readings-4,venn_abers,4,1.0,0.001249,0.006318
Random Forest (Optuna),saheart,raw,2,0.618606,0.3889,0.076088
Random Forest (Optuna),saheart,isotonic,2,0.57068,0.403787,0.10239
Random Forest (Optuna),saheart,venn_abers,2,0.587556,0.400227,0.079806
Random Forest (Optuna),seeds,raw,3,0.972062,0.133206,0.059808
Random Forest (Optuna),seeds,isotonic,3,0.949274,0.152917,0.065082
Random Forest (Optuna),seeds,venn_abers,3,0.969074,0.154634,0.073385
Random Forest (Optuna),seismic-bumps,raw,2,0.975993,0.174061,0.031491
Random Forest (Optuna),seismic-bumps,isotonic,2,0.965343,0.211469,0.118881
Random Forest (Optuna),seismic-bumps,venn_abers,2,0.967896,0.211744,0.111617
Random Forest (Optuna),semeion,raw,10,0.979821,0.238432,0.327293
Random Forest (Optuna),semeion,isotonic,10,0.977517,0.095371,0.022664
Random Forest (Optuna),semeion,venn_abers,10,0.981802,0.100734,0.073889
Random Forest (Optuna),skin-segmentation,raw,2,0.99998,0.005333,0.007604
Random Forest (Optuna),skin-segmentation,isotonic,2,0.999655,0.003798,0.00166
Random Forest (Optuna),skin-segmentation,venn_abers,2,0.999979,0.003881,0.003378
Random Forest (Optuna),spambase,raw,2,0.981345,0.081559,0.052633
Random Forest (Optuna),spambase,isotonic,2,0.978664,0.071702,0.008752
Random Forest (Optuna),spambase,venn_abers,2,0.980265,0.071596,0.008759
Random Forest (Optuna),spectf-heart,raw,2,0.98301,0.164977,0.105863
Random Forest (Optuna),spectf-heart,isotonic,2,0.97467,0.142372,0.048444
Random Forest (Optuna),spectf-heart,venn_abers,2,0.97927,0.145752,0.061233
Random Forest (Optuna),statlog-australian-credit,raw,2,0.918277,0.202002,0.072492
Random Forest (Optuna),statlog-australian-credit,isotonic,2,0.904504,0.19934,0.035443
Random Forest (Optuna),statlog-australian-credit,venn_abers,2,0.905523,0.198615,0.041321
Random Forest (Optuna),statlog-german-credit,raw,2,0.63952,0.327215,0.046051
Random Forest (Optuna),statlog-german-credit,isotonic,2,0.601742,0.331309,0.054941
Random Forest (Optuna),statlog-german-credit,venn_abers,2,0.608012,0.330082,0.06214
Random Forest (Optuna),statlog-heart,raw,2,0.903969,0.266421,0.101636
Random Forest (Optuna),statlog-heart,isotonic,2,0.866492,0.256649,0.039652
Random Forest (Optuna),statlog-heart,venn_abers,2,0.889791,0.2553,0.066556
Random Forest (Optuna),statlog-image-segmentation,raw,7,0.996251,0.041161,0.039745
Random Forest (Optuna),statlog-image-segmentation,isotonic,7,0.994562,0.036282,0.008407
Random Forest (Optuna),statlog-image-segmentation,venn_abers,7,0.996087,0.03775,0.024795
Random Forest (Optuna),statlog-landsat-satellite,raw,6,0.96278,0.133002,0.056421
Random Forest (Optuna),statlog-landsat-satellite,isotonic,6,0.960854,0.125884,0.018033
Random Forest (Optuna),statlog-landsat-satellite,venn_abers,6,0.962645,0.126298,0.024715
Random Forest (Optuna),statlog-vehicle-silhouettes,raw,4,0.823998,0.308802,0.072798
Random Forest (Optuna),statlog-vehicle-silhouettes,isotonic,4,0.815866,0.297637,0.045617
Random Forest (Optuna),statlog-vehicle-silhouettes,venn_abers,4,0.821738,0.297635,0.039487
Random Forest (Optuna),systhetic-control,raw,6,0.998911,0.072139,0.142679
Random Forest (Optuna),systhetic-control,isotonic,6,0.994147,0.031186,0.01957
Random Forest (Optuna),systhetic-control,venn_abers,6,0.998976,0.036462,0.066531
Random Forest (Optuna),teaching-assistant-evaluation,raw,3,0.667379,0.533189,0.16709
Random Forest (Optuna),teaching-assistant-evaluation,isotonic,3,0.648034,0.545438,0.14561
Random Forest (Optuna),teaching-assistant-evaluation,venn_abers,3,0.666616,0.535226,0.15125
Random Forest (Optuna),thoracic-surgery,raw,2,0.903268,0.246221,0.050059
Random Forest (Optuna),thoracic-surgery,isotonic,2,0.888614,0.240009,0.027122
Random Forest (Optuna),thoracic-surgery,venn_abers,2,0.890716,0.242815,0.038044
Random Forest (Optuna),thyroid-allbp,raw,5,0.7698,0.402357,0.044624
Random Forest (Optuna),thyroid-allbp,isotonic,5,0.767446,0.399819,0.029263
Random Forest (Optuna),thyroid-allbp,venn_abers,5,0.767965,0.399733,0.03494
Random Forest (Optuna),thyroid-ann,raw,3,0.999564,0.007868,0.013895
Random Forest (Optuna),thyroid-ann,isotonic,3,0.999149,0.004599,0.001029
Random Forest (Optuna),thyroid-ann,venn_abers,3,0.99943,0.005639,0.008652
Random Forest (Optuna),thyroid-newthyroid,raw,3,0.991926,0.073311,0.060851
Random Forest (Optuna),thyroid-newthyroid,isotonic,3,0.983976,0.074489,0.040716
Random Forest (Optuna),thyroid-newthyroid,venn_abers,3,0.991247,0.072817,0.090045
Random Forest (Optuna),thyroid-sick,raw,5,0.766096,0.403037,0.043567
Random Forest (Optuna),thyroid-sick,isotonic,5,0.763668,0.40111,0.017836
Random Forest (Optuna),thyroid-sick,venn_abers,5,0.765605,0.401704,0.026693
Random Forest (Optuna),thyroid-sick-euthyroid,raw,2,0.912997,0.041776,0.016962
Random Forest (Optuna),thyroid-sick-euthyroid,isotonic,2,0.896643,0.041851,0.012322
Random Forest (Optuna),thyroid-sick-euthyroid,venn_abers,2,0.903939,0.041405,0.012604
Random Forest (Optuna),user-knowledge,raw,5,0.941427,0.165966,0.091411
Random Forest (Optuna),user-knowledge,isotonic,5,0.930384,0.155623,0.049965
Random Forest (Optuna),user-knowledge,venn_abers,5,0.939904,0.165017,0.068324
Random Forest (Optuna),vertebra-column-2c,raw,2,0.858924,0.229009,0.08497
Random Forest (Optuna),vertebra-column-2c,isotonic,2,0.804204,0.229006,0.065106
Random Forest (Optuna),vertebra-column-2c,venn_abers,2,0.824417,0.227987,0.05413
Random Forest (Optuna),vertebra-column-3c,raw,3,0.893448,0.231517,0.07932
Random Forest (Optuna),vertebra-column-3c,isotonic,3,0.878859,0.240409,0.06231
Random Forest (Optuna),vertebra-column-3c,venn_abers,3,0.887194,0.243238,0.087908
Random Forest (Optuna),volcanoes-a1,raw,5,0.987284,0.045333,0.039411
Random Forest (Optuna),volcanoes-a1,isotonic,5,0.986634,0.036798,0.011361
Random Forest (Optuna),volcanoes-a1,venn_abers,5,0.987628,0.037036,0.015396
Random Forest (Optuna),volcanoes-a2,raw,5,0.92567,0.124498,0.022397
Random Forest (Optuna),volcanoes-a2,isotonic,5,0.923237,0.125739,0.01719
Random Forest (Optuna),volcanoes-a2,venn_abers,5,0.924466,0.125832,0.027532
Random Forest (Optuna),volcanoes-a4,raw,5,0.916031,0.137962,0.022449
Random Forest (Optuna),volcanoes-a4,isotonic,5,0.91343,0.14051,0.015255
Random Forest (Optuna),volcanoes-a4,venn_abers,5,0.914248,0.14021,0.035749
Random Forest (Optuna),volcanoes-b1,raw,5,0.962011,0.061144,0.016732
Random Forest (Optuna),volcanoes-b1,isotonic,5,0.960979,0.063096,0.008747
Random Forest (Optuna),volcanoes-b1,venn_abers,5,0.961115,0.064654,0.014509
Random Forest (Optuna),volcanoes-b2,raw,5,0.965023,0.053709,0.003936
Random Forest (Optuna),volcanoes-b2,isotonic,5,0.964515,0.054606,0.003884
Random Forest (Optuna),volcanoes-b2,venn_abers,5,0.964699,0.054719,0.006888
Random Forest (Optuna),volcanoes-c1,raw,5,0.976234,0.041337,0.00473
Random Forest (Optuna),volcanoes-c1,isotonic,5,0.975416,0.042289,0.004307
Random Forest (Optuna),volcanoes-c1,venn_abers,5,0.975764,0.042155,0.008483
Random Forest (Optuna),volcanoes-d1,raw,5,0.932842,0.207798,0.084835
Random Forest (Optuna),volcanoes-d1,isotonic,5,0.928938,0.21734,0.091224
Random Forest (Optuna),volcanoes-d1,venn_abers,5,0.930734,0.26188,0.074194
Random Forest (Optuna),volcanoes-d2,raw,5,0.934769,0.211859,0.117335
Random Forest (Optuna),volcanoes-d2,isotonic,5,0.933925,0.103447,0.030439
Random Forest (Optuna),volcanoes-d2,venn_abers,5,0.93478,0.103526,0.033193
Random Forest (Optuna),waveform-v1,raw,3,0.936851,0.223514,0.093009
Random Forest (Optuna),waveform-v1,isotonic,3,0.935696,0.204475,0.015332
Random Forest (Optuna),waveform-v1,venn_abers,3,0.938117,0.20463,0.012109
Random Forest (Optuna),wdbc,raw,2,0.990981,0.066778,0.042331
Random Forest (Optuna),wdbc,isotonic,2,0.973119,0.073662,0.034265
Random Forest (Optuna),wdbc,venn_abers,2,0.989761,0.072822,0.033794
Random Forest (Optuna),wholesale-channel,raw,2,0.923623,0.134669,0.045337
Random Forest (Optuna),wholesale-channel,isotonic,2,0.896715,0.126496,0.03347
Random Forest (Optuna),wholesale-channel,venn_abers,2,0.906606,0.126895,0.034032
Random Forest (Optuna),wholesale-region,raw,3,0.568732,0.511041,0.073839
Random Forest (Optuna),wholesale-region,isotonic,3,0.578773,0.462299,0.069728
Random Forest (Optuna),wholesale-region,venn_abers,3,0.568356,0.457627,0.074462
Random Forest (Optuna),wilt,raw,2,0.910175,0.025238,0.004199
Random Forest (Optuna),wilt,isotonic,2,0.896197,0.027024,0.008839
Random Forest (Optuna),wilt,venn_abers,2,0.9041,0.02673,0.006568
Random Forest (Optuna),wine-quality-5class,raw,5,0.757266,0.432721,0.054434
Random Forest (Optuna),wine-quality-5class,isotonic,5,0.756334,0.42801,0.02629
Random Forest (Optuna),wine-quality-5class,venn_abers,5,0.756422,0.428387,0.027921
Random Forest (Optuna),yeast-4class,raw,4,0.700294,0.476663,0.06107
Random Forest (Optuna),yeast-4class,isotonic,4,0.691087,0.478232,0.039477
Random Forest (Optuna),yeast-4class,venn_abers,4,0.694787,0.477751,0.036797
ResNet (Optuna),abalone-3class,raw,3,0.720494,0.43318,0.019733
ResNet (Optuna),abalone-3class,isotonic,3,0.717381,0.434789,0.021469
ResNet (Optuna),abalone-3class,venn_abers,3,0.719152,0.43453,0.024417
ResNet (Optuna),abalone-7class,raw,7,0.33042,0.748171,0.040528
ResNet (Optuna),abalone-7class,isotonic,7,0.329523,0.75078,0.029354
ResNet (Optuna),abalone-7class,venn_abers,7,0.329596,0.75028,0.027002
ResNet (Optuna),appendicitis,raw,2,0.734181,0.285152,0.161722
ResNet (Optuna),appendicitis,isotonic,2,0.643287,0.220774,0.088037
ResNet (Optuna),appendicitis,venn_abers,2,0.691312,0.219083,0.073123
ResNet (Optuna),artificial-characters,raw,10,0.789467,0.371269,0.026815
ResNet (Optuna),artificial-characters,isotonic,10,0.784141,0.373472,0.022841
ResNet (Optuna),artificial-characters,venn_abers,10,0.788299,0.373011,0.021265
ResNet (Optuna),autoUniv-au1-1000,raw,2,0.839267,0.356809,0.053759
ResNet (Optuna),autoUniv-au1-1000,isotonic,2,0.824934,0.363653,0.06473
ResNet (Optuna),autoUniv-au1-1000,venn_abers,2,0.825133,0.357905,0.069052
ResNet (Optuna),autoUniv-au4-2500,raw,3,0.478568,0.593133,0.071023
ResNet (Optuna),autoUniv-au4-2500,isotonic,3,0.472125,0.567464,0.023383
ResNet (Optuna),autoUniv-au4-2500,venn_abers,3,0.473797,0.567094,0.026866
ResNet (Optuna),autoUniv-au6-1000,raw,8,0.161681,0.874916,0.038862
ResNet (Optuna),autoUniv-au6-1000,isotonic,8,0.164712,0.86573,0.029472
ResNet (Optuna),autoUniv-au6-1000,venn_abers,8,0.166508,0.864461,0.026682
ResNet (Optuna),autoUniv-au6-250-drift-au6-cd1-500,raw,8,0.179982,0.869733,0.052644
ResNet (Optuna),autoUniv-au6-250-drift-au6-cd1-500,isotonic,8,0.176372,0.862256,0.036575
ResNet (Optuna),autoUniv-au6-250-drift-au6-cd1-500,venn_abers,8,0.174234,0.861659,0.049282
ResNet (Optuna),autoUniv-au6-cd1-400,raw,8,0.233954,0.850341,0.077216
ResNet (Optuna),autoUniv-au6-cd1-400,isotonic,8,0.225578,0.841129,0.06603
ResNet (Optuna),autoUniv-au6-cd1-400,venn_abers,8,0.228718,0.840467,0.070773
ResNet (Optuna),autoUniv-au7-300-drift-au7-cpd1-800,raw,5,0.328548,0.760371,0.071278
ResNet (Optuna),autoUniv-au7-300-drift-au7-cpd1-800,isotonic,5,0.331091,0.755853,0.034794
ResNet (Optuna),autoUniv-au7-300-drift-au7-cpd1-800,venn_abers,5,0.330759,0.753351,0.048579
ResNet (Optuna),autoUniv-au7-700,raw,3,0.438287,0.656789,0.082952
ResNet (Optuna),autoUniv-au7-700,isotonic,3,0.42506,0.653276,0.053282
ResNet (Optuna),autoUniv-au7-700,venn_abers,3,0.430716,0.649103,0.050536
ResNet (Optuna),autoUniv-au7-cpd1-500,raw,5,0.370158,0.750519,0.065766
ResNet (Optuna),autoUniv-au7-cpd1-500,isotonic,5,0.352819,0.744494,0.046261
ResNet (Optuna),autoUniv-au7-cpd1-500,venn_abers,5,0.357454,0.741098,0.059374
ResNet (Optuna),balance-scale,raw,3,0.992045,0.054778,0.030205
ResNet (Optuna),balance-scale,isotonic,3,0.988112,0.056881,0.019099
ResNet (Optuna),balance-scale,venn_abers,3,0.992155,0.058396,0.037964
ResNet (Optuna),banana,raw,2,0.967123,0.136489,0.016095
ResNet (Optuna),banana,isotonic,2,0.962746,0.137619,0.014818
ResNet (Optuna),banana,venn_abers,2,0.964967,0.137583,0.015931
ResNet (Optuna),bank-marketing,raw,2,0.469695,0.159527,0.016594
ResNet (Optuna),bank-marketing,isotonic,2,0.441052,0.15613,0.021372
ResNet (Optuna),bank-marketing,venn_abers,2,0.446955,0.156024,0.022442
ResNet (Optuna),bank-marketing-full,raw,2,0.513647,0.143737,0.013873
ResNet (Optuna),bank-marketing-full,isotonic,2,0.497089,0.142675,0.011097
ResNet (Optuna),bank-marketing-full,venn_abers,2,0.500007,0.142689,0.011529
ResNet (Optuna),blogger,raw,2,0.839597,0.421161,0.243726
ResNet (Optuna),blogger,isotonic,2,0.800667,0.450734,0.193226
ResNet (Optuna),blogger,venn_abers,2,0.823078,0.423646,0.138621
ResNet (Optuna),blood-transfusion-service,raw,2,0.529247,0.306978,0.059982
ResNet (Optuna),blood-transfusion-service,isotonic,2,0.48703,0.307815,0.045624
ResNet (Optuna),blood-transfusion-service,venn_abers,2,0.499844,0.306481,0.059566
ResNet (Optuna),breast-cancer-wisconsin,raw,2,0.984851,0.066886,0.051602
ResNet (Optuna),breast-cancer-wisconsin,isotonic,2,0.970871,0.070191,0.024576
ResNet (Optuna),breast-cancer-wisconsin,venn_abers,2,0.981377,0.076118,0.034764
ResNet (Optuna),bupa,raw,2,0.794207,0.381111,0.063956
ResNet (Optuna),bupa,isotonic,2,0.771052,0.383454,0.072354
ResNet (Optuna),bupa,venn_abers,2,0.778221,0.382131,0.065403
ResNet (Optuna),cardiotocography-3class,raw,3,0.993191,0.021293,0.028925
ResNet (Optuna),cardiotocography-3class,isotonic,3,0.992163,0.021537,0.00838
ResNet (Optuna),cardiotocography-3class,venn_abers,3,0.992874,0.025939,0.028687
ResNet (Optuna),car-evaluation,raw,4,0.999416,0.013218,0.009467
ResNet (Optuna),car-evaluation,isotonic,4,0.998421,0.014887,0.007828
ResNet (Optuna),car-evaluation,venn_abers,4,0.999291,0.014953,0.022114
ResNet (Optuna),climate-simulation-craches,raw,2,0.965727,0.199801,0.06421
ResNet (Optuna),climate-simulation-craches,isotonic,2,0.961451,0.150219,0.047913
ResNet (Optuna),climate-simulation-craches,venn_abers,2,0.963611,0.147086,0.062423
ResNet (Optuna),colon32,raw,2,0.86994,0.331107,0.202393
ResNet (Optuna),colon32,isotonic,2,0.743452,0.355658,0.19282
ResNet (Optuna),colon32,venn_abers,2,0.743452,0.342853,0.218205
ResNet (Optuna),connectionist-mines-vs-rocks,raw,2,0.918356,0.242262,0.064635
ResNet (Optuna),connectionist-mines-vs-rocks,isotonic,2,0.89135,0.251496,0.065693
ResNet (Optuna),connectionist-mines-vs-rocks,venn_abers,2,0.902477,0.249034,0.072532
ResNet (Optuna),contraceptive-method-choice,raw,3,0.589659,0.555525,0.052623
ResNet (Optuna),contraceptive-method-choice,isotonic,3,0.584343,0.5566,0.033261
ResNet (Optuna),contraceptive-method-choice,venn_abers,3,0.587001,0.555457,0.037545
ResNet (Optuna),dermatology,raw,6,0.992466,0.046184,0.035195
ResNet (Optuna),dermatology,isotonic,6,0.982924,0.050924,0.023327
ResNet (Optuna),dermatology,venn_abers,6,0.991682,0.072473,0.087003
ResNet (Optuna),eeg-eye-state,raw,2,0.992776,0.055661,0.00824
ResNet (Optuna),eeg-eye-state,isotonic,2,0.99099,0.056296,0.006218
ResNet (Optuna),eeg-eye-state,venn_abers,2,0.992092,0.056204,0.00813
ResNet (Optuna),flare,raw,6,0.732512,0.3366,0.051814
ResNet (Optuna),flare,isotonic,6,0.728182,0.335161,0.038918
ResNet (Optuna),flare,venn_abers,6,0.730628,0.337245,0.051992
ResNet (Optuna),glioma16,raw,2,0.887183,0.314109,0.155709
ResNet (Optuna),glioma16,isotonic,2,0.835328,0.391472,0.170874
ResNet (Optuna),glioma16,venn_abers,2,0.886885,0.370331,0.220803
ResNet (Optuna),habermans-survival,raw,2,0.479097,0.375801,0.049585
ResNet (Optuna),habermans-survival,isotonic,2,0.419305,0.375289,0.080108
ResNet (Optuna),habermans-survival,venn_abers,2,0.438112,0.370749,0.062319
ResNet (Optuna),hayes-roth,raw,3,0.903751,0.293789,0.108087
ResNet (Optuna),hayes-roth,isotonic,3,0.867238,0.297644,0.130227
ResNet (Optuna),hayes-roth,venn_abers,3,0.905134,0.285189,0.126094
ResNet (Optuna),heart-disease-processed-hungarian,raw,2,0.846754,0.276144,0.069893
ResNet (Optuna),heart-disease-processed-hungarian,isotonic,2,0.788559,0.279701,0.094506
ResNet (Optuna),heart-disease-processed-hungarian,venn_abers,2,0.830256,0.278536,0.097616
ResNet (Optuna),hepatitis,raw,2,0.939752,0.306828,0.158066
ResNet (Optuna),hepatitis,isotonic,2,0.929991,0.257357,0.128461
ResNet (Optuna),hepatitis,venn_abers,2,0.935509,0.247141,0.127253
ResNet (Optuna),hill-valley-with-noise,raw,2,0.773606,0.433943,0.035677
ResNet (Optuna),hill-valley-with-noise,isotonic,2,0.65044,0.487472,0.128976
ResNet (Optuna),hill-valley-with-noise,venn_abers,2,0.664458,0.479823,0.128261
ResNet (Optuna),hill-valley-without-noise,raw,2,0.906168,0.411976,0.067074
ResNet (Optuna),hill-valley-without-noise,isotonic,2,0.691732,0.464828,0.135479
ResNet (Optuna),hill-valley-without-noise,venn_abers,2,0.704807,0.4627,0.129122
ResNet (Optuna),indian-liver-patient,raw,2,0.505158,0.380667,0.071452
ResNet (Optuna),indian-liver-patient,isotonic,2,0.478745,0.369588,0.067058
ResNet (Optuna),indian-liver-patient,venn_abers,2,0.496246,0.364661,0.070884
ResNet (Optuna),ionosphere,raw,2,0.989786,0.085674,0.058059
ResNet (Optuna),ionosphere,isotonic,2,0.984595,0.075485,0.03296
ResNet (Optuna),ionosphere,venn_abers,2,0.988308,0.07859,0.037734
ResNet (Optuna),iris,raw,3,0.991572,0.057896,0.045683
ResNet (Optuna),iris,isotonic,3,0.97199,0.050217,0.024402
ResNet (Optuna),iris,venn_abers,3,0.990385,0.075917,0.093536
ResNet (Optuna),led7digit,raw,10,0.755399,0.405314,0.062792
ResNet (Optuna),led7digit,isotonic,10,0.74797,0.417314,0.068547
ResNet (Optuna),led7digit,venn_abers,10,0.751207,0.42206,0.08443
ResNet (Optuna),leukemia-haslinger,raw,2,0.929404,0.25393,0.133376
ResNet (Optuna),leukemia-haslinger,isotonic,2,0.888671,0.297402,0.174168
ResNet (Optuna),leukemia-haslinger,venn_abers,2,0.909091,0.30195,0.158348
ResNet (Optuna),lsvt-voice-rehabilitation,raw,2,0.939072,0.247894,0.124764
ResNet (Optuna),lsvt-voice-rehabilitation,isotonic,2,0.937072,0.214599,0.112016
ResNet (Optuna),lsvt-voice-rehabilitation,venn_abers,2,0.936887,0.213386,0.127346
ResNet (Optuna),magic,raw,2,0.906836,0.185185,0.013791
ResNet (Optuna),magic,isotonic,2,0.897733,0.186961,0.011072
ResNet (Optuna),magic,venn_abers,2,0.900874,0.186913,0.009163
ResNet (Optuna),mammographic-mass,raw,2,0.869491,0.258749,0.047179
ResNet (Optuna),mammographic-mass,isotonic,2,0.852018,0.267755,0.052184
ResNet (Optuna),mammographic-mass,venn_abers,2,0.864144,0.266721,0.043422
ResNet (Optuna),mfeat-fourier,raw,10,0.87006,0.233416,0.027117
ResNet (Optuna),mfeat-fourier,isotonic,10,0.866052,0.231159,0.023025
ResNet (Optuna),mfeat-fourier,venn_abers,10,0.868116,0.232288,0.028854
ResNet (Optuna),molecular-promotor-gene,raw,2,0.895313,0.343947,0.130849
ResNet (Optuna),molecular-promotor-gene,isotonic,2,0.807775,0.379951,0.143177
ResNet (Optuna),molecular-promotor-gene,venn_abers,2,0.853434,0.37543,0.099588
ResNet (Optuna),molecular-splice-junction,raw,3,0.959659,0.1514,0.036807
ResNet (Optuna),molecular-splice-junction,isotonic,3,0.95715,0.150067,0.016769
ResNet (Optuna),molecular-splice-junction,venn_abers,3,0.958913,0.15021,0.014161
ResNet (Optuna),monks1,raw,2,1.0,2e-06,0.000553
ResNet (Optuna),monks1,isotonic,2,1.0,0.0,9.7e-05
ResNet (Optuna),monks1,venn_abers,2,0.984783,0.039187,0.022781
ResNet (Optuna),monks3,raw,2,0.994129,0.037461,0.016391
ResNet (Optuna),monks3,isotonic,2,0.98702,0.042065,0.028271
ResNet (Optuna),monks3,venn_abers,2,0.99324,0.046789,0.034183
ResNet (Optuna),mushroom,raw,2,1.0,0.0,1.5e-05
ResNet (Optuna),mushroom,isotonic,2,1.0,0.0,0.0
ResNet (Optuna),mushroom,venn_abers,2,1.0,0.000596,0.00274
ResNet (Optuna),mushroom-expanded,raw,2,1.0,0.0,1.1e-05
ResNet (Optuna),mushroom-expanded,isotonic,2,1.0,0.0,0.0
ResNet (Optuna),mushroom-expanded,venn_abers,2,1.0,0.006949,0.02478
ResNet (Optuna),nursery-4class,raw,4,1.0,5.2e-05,0.000395
ResNet (Optuna),nursery-4class,isotonic,4,1.0,2e-05,8e-05
ResNet (Optuna),nursery-4class,venn_abers,4,1.0,0.000946,0.004236
ResNet (Optuna),optdigits,raw,10,0.998653,0.016965,0.003039
ResNet (Optuna),optdigits,isotonic,10,0.997713,0.017206,0.006248
ResNet (Optuna),optdigits,venn_abers,10,0.998725,0.018518,0.015448
ResNet (Optuna),ozone-eighthr,raw,2,0.494532,0.091788,0.030051
ResNet (Optuna),ozone-eighthr,isotonic,2,0.429211,0.090909,0.018258
ResNet (Optuna),ozone-eighthr,venn_abers,2,0.456601,0.090411,0.015642
ResNet (Optuna),ozone-onehr,raw,2,0.282887,0.054845,0.02278
ResNet (Optuna),ozone-onehr,isotonic,2,0.195117,0.052286,0.005557
ResNet (Optuna),ozone-onehr,venn_abers,2,0.231347,0.051313,0.011115
ResNet (Optuna),page-blocks,raw,5,0.988446,0.042545,0.007441
ResNet (Optuna),page-blocks,isotonic,5,0.987914,0.044129,0.006241
ResNet (Optuna),page-blocks,venn_abers,5,0.987763,0.043899,0.010846
ResNet (Optuna),parkinsons,raw,2,0.993071,0.124546,0.042159
ResNet (Optuna),parkinsons,isotonic,2,0.981726,0.126621,0.057569
ResNet (Optuna),parkinsons,venn_abers,2,0.99152,0.125092,0.061874
ResNet (Optuna),pendigits,raw,10,0.999318,0.006622,0.002797
ResNet (Optuna),pendigits,isotonic,10,0.998411,0.00681,0.001962
ResNet (Optuna),pendigits,venn_abers,10,0.999312,0.007474,0.010145
ResNet (Optuna),phoneme,raw,2,0.883362,0.169703,0.014691
ResNet (Optuna),phoneme,isotonic,2,0.870816,0.171066,0.013046
ResNet (Optuna),phoneme,venn_abers,2,0.874771,0.170952,0.014602
ResNet (Optuna),pima-indians-diabetes,raw,2,0.708928,0.320534,0.051675
ResNet (Optuna),pima-indians-diabetes,isotonic,2,0.692813,0.321835,0.049234
ResNet (Optuna),pima-indians-diabetes,venn_abers,2,0.699483,0.3207,0.034466
ResNet (Optuna),planning-relax,raw,2,0.320884,0.484754,0.161481
ResNet (Optuna),planning-relax,isotonic,2,0.275805,0.416454,0.061709
ResNet (Optuna),planning-relax,venn_abers,2,0.28823,0.416976,0.063108
ResNet (Optuna),qsar-biodegradation,raw,2,0.883307,0.195948,0.031174
ResNet (Optuna),qsar-biodegradation,isotonic,2,0.851661,0.197951,0.046724
ResNet (Optuna),qsar-biodegradation,venn_abers,2,0.865518,0.197953,0.040262
ResNet (Optuna),ringnorm,raw,2,0.996758,0.044456,0.012176
ResNet (Optuna),ringnorm,isotonic,2,0.995225,0.04132,0.00972
ResNet (Optuna),ringnorm,venn_abers,2,0.996325,0.0412,0.01133
ResNet (Optuna),robot-failure-lp1,raw,4,0.862344,0.39796,0.178163
ResNet (Optuna),robot-failure-lp1,isotonic,4,0.848038,0.40898,0.117317
ResNet (Optuna),robot-failure-lp1,venn_abers,4,0.867967,0.396174,0.170682
ResNet (Optuna),robot-failure-lp4,raw,3,0.953484,0.216323,0.089834
ResNet (Optuna),robot-failure-lp4,isotonic,3,0.938325,0.278555,0.129556
ResNet (Optuna),robot-failure-lp4,venn_abers,3,0.955643,0.248092,0.113445
ResNet (Optuna),robot-failure-lp5,raw,5,0.593298,0.643381,0.180076
ResNet (Optuna),robot-failure-lp5,isotonic,5,0.594193,0.621897,0.171755
ResNet (Optuna),robot-failure-lp5,venn_abers,5,0.591497,0.60951,0.163563
ResNet (Optuna),robot-nav-sensor-readings-24,raw,4,0.979919,0.104048,0.013114
ResNet (Optuna),robot-nav-sensor-readings-24,isotonic,4,0.979181,0.10463,0.010095
ResNet (Optuna),robot-nav-sensor-readings-24,venn_abers,4,0.979458,0.104763,0.013736
ResNet (Optuna),robot-nav-sensor-readings-2,raw,4,0.999239,0.025051,0.025233
ResNet (Optuna),robot-nav-sensor-readings-2,isotonic,4,0.998305,0.021841,0.004958
ResNet (Optuna),robot-nav-sensor-readings-2,venn_abers,4,0.999214,0.021447,0.010175
ResNet (Optuna),robot-nav-sensor-readings-4,raw,4,0.998481,0.031257,0.018241
ResNet (Optuna),robot-nav-sensor-readings-4,isotonic,4,0.997582,0.031238,0.009134
ResNet (Optuna),robot-nav-sensor-readings-4,venn_abers,4,0.998502,0.030812,0.011483
ResNet (Optuna),saheart,raw,2,0.64459,0.388787,0.05631
ResNet (Optuna),saheart,isotonic,2,0.577679,0.395744,0.085139
ResNet (Optuna),saheart,venn_abers,2,0.595066,0.390517,0.085016
ResNet (Optuna),seeds,raw,3,0.989087,0.085278,0.035712
ResNet (Optuna),seeds,isotonic,3,0.962109,0.10027,0.055654
ResNet (Optuna),seeds,venn_abers,3,0.987998,0.107558,0.072513
ResNet (Optuna),seismic-bumps,raw,2,0.972284,0.125709,0.0549
ResNet (Optuna),seismic-bumps,isotonic,2,0.969112,0.114932,0.014295
ResNet (Optuna),seismic-bumps,venn_abers,2,0.968868,0.11527,0.011515
ResNet (Optuna),semeion,raw,10,0.980868,0.096221,0.015761
ResNet (Optuna),semeion,isotonic,10,0.978192,0.09449,0.014541
ResNet (Optuna),semeion,venn_abers,10,0.980737,0.09889,0.045804
ResNet (Optuna),skin-segmentation,raw,2,0.99999,0.001334,0.001085
ResNet (Optuna),skin-segmentation,isotonic,2,0.999777,0.001724,0.000548
ResNet (Optuna),skin-segmentation,venn_abers,2,0.999989,0.001553,0.003306
ResNet (Optuna),spambase,raw,2,0.975198,0.089557,0.015211
ResNet (Optuna),spambase,isotonic,2,0.970488,0.08931,0.011526
ResNet (Optuna),spambase,venn_abers,2,0.972934,0.089101,0.009787
ResNet (Optuna),spectf-heart,raw,2,0.963489,0.287065,0.097715
ResNet (Optuna),spectf-heart,isotonic,2,0.935677,0.223639,0.074801
ResNet (Optuna),spectf-heart,venn_abers,2,0.956008,0.222407,0.06031
ResNet (Optuna),statlog-australian-credit,raw,2,0.913899,0.1986,0.039306
ResNet (Optuna),statlog-australian-credit,isotonic,2,0.896429,0.210482,0.047348
ResNet (Optuna),statlog-australian-credit,venn_abers,2,0.902626,0.209846,0.040407
ResNet (Optuna),statlog-german-credit,raw,2,0.627375,0.338631,0.044807
ResNet (Optuna),statlog-german-credit,isotonic,2,0.596815,0.335623,0.056317
ResNet (Optuna),statlog-german-credit,venn_abers,2,0.610527,0.332667,0.053756
ResNet (Optuna),statlog-heart,raw,2,0.903068,0.251414,0.06355
ResNet (Optuna),statlog-heart,isotonic,2,0.869324,0.269151,0.083293
ResNet (Optuna),statlog-heart,venn_abers,2,0.894989,0.262411,0.084031
ResNet (Optuna),statlog-image-segmentation,raw,7,0.991311,0.046956,0.008832
ResNet (Optuna),statlog-image-segmentation,isotonic,7,0.988791,0.049789,0.010017
ResNet (Optuna),statlog-image-segmentation,venn_abers,7,0.990855,0.051065,0.025721
ResNet (Optuna),statlog-landsat-satellite,raw,6,0.957845,0.134195,0.016375
ResNet (Optuna),statlog-landsat-satellite,isotonic,6,0.954897,0.13635,0.017782
ResNet (Optuna),statlog-landsat-satellite,venn_abers,6,0.957024,0.135975,0.019616
ResNet (Optuna),statlog-vehicle-silhouettes,raw,4,0.890962,0.23121,0.044728
ResNet (Optuna),statlog-vehicle-silhouettes,isotonic,4,0.875271,0.246534,0.042996
ResNet (Optuna),statlog-vehicle-silhouettes,venn_abers,4,0.887987,0.244903,0.043119
ResNet (Optuna),systhetic-control,raw,6,0.99852,0.033173,0.022835
ResNet (Optuna),systhetic-control,isotonic,6,0.989208,0.041671,0.01696
ResNet (Optuna),systhetic-control,venn_abers,6,0.998142,0.055678,0.066993
ResNet (Optuna),teaching-assistant-evaluation,raw,3,0.605826,0.588851,0.075516
ResNet (Optuna),teaching-assistant-evaluation,isotonic,3,0.566868,0.626932,0.103736
ResNet (Optuna),teaching-assistant-evaluation,venn_abers,3,0.569676,0.612688,0.082795
ResNet (Optuna),thoracic-surgery,raw,2,0.894713,0.315229,0.107586
ResNet (Optuna),thoracic-surgery,isotonic,2,0.873615,0.257814,0.065593
ResNet (Optuna),thoracic-surgery,venn_abers,2,0.877862,0.260395,0.048109
ResNet (Optuna),thyroid-allbp,raw,5,0.768558,0.396539,0.032108
ResNet (Optuna),thyroid-allbp,isotonic,5,0.766142,0.397925,0.023024
ResNet (Optuna),thyroid-allbp,venn_abers,5,0.765815,0.398176,0.020941
ResNet (Optuna),thyroid-ann,raw,3,0.994628,0.025954,0.009634
ResNet (Optuna),thyroid-ann,isotonic,3,0.994257,0.028015,0.006697
ResNet (Optuna),thyroid-ann,venn_abers,3,0.994603,0.027897,0.010311
ResNet (Optuna),thyroid-newthyroid,raw,3,0.9865,0.069367,0.0403
ResNet (Optuna),thyroid-newthyroid,isotonic,3,0.967459,0.076716,0.03102
ResNet (Optuna),thyroid-newthyroid,venn_abers,3,0.986955,0.08143,0.071381
ResNet (Optuna),thyroid-sick,raw,5,0.771597,0.396523,0.036333
ResNet (Optuna),thyroid-sick,isotonic,5,0.767464,0.397749,0.023421
ResNet (Optuna),thyroid-sick,venn_abers,5,0.76981,0.397553,0.023705
ResNet (Optuna),thyroid-sick-euthyroid,raw,2,0.845193,0.054955,0.011205
ResNet (Optuna),thyroid-sick-euthyroid,isotonic,2,0.828664,0.054407,0.011095
ResNet (Optuna),thyroid-sick-euthyroid,venn_abers,2,0.841184,0.054324,0.010795
ResNet (Optuna),user-knowledge,raw,5,0.942828,0.171726,0.080576
ResNet (Optuna),user-knowledge,isotonic,5,0.926289,0.159806,0.057447
ResNet (Optuna),user-knowledge,venn_abers,5,0.942671,0.185514,0.09315
ResNet (Optuna),vertebra-column-2c,raw,2,0.870618,0.20675,0.040838
ResNet (Optuna),vertebra-column-2c,isotonic,2,0.821992,0.220685,0.046617
ResNet (Optuna),vertebra-column-2c,venn_abers,2,0.857174,0.218892,0.061353
ResNet (Optuna),vertebra-column-3c,raw,3,0.91838,0.205513,0.049893
ResNet (Optuna),vertebra-column-3c,isotonic,3,0.895585,0.216475,0.069834
ResNet (Optuna),vertebra-column-3c,venn_abers,3,0.909555,0.219161,0.078737
ResNet (Optuna),volcanoes-a1,raw,5,0.93203,0.1193,0.015507
ResNet (Optuna),volcanoes-a1,isotonic,5,0.929667,0.120333,0.0126
ResNet (Optuna),volcanoes-a1,venn_abers,5,0.929977,0.120128,0.018297
ResNet (Optuna),volcanoes-a2,raw,5,0.925357,0.127167,0.035157
ResNet (Optuna),volcanoes-a2,isotonic,5,0.921164,0.129463,0.023409
ResNet (Optuna),volcanoes-a2,venn_abers,5,0.923924,0.129227,0.035641
ResNet (Optuna),volcanoes-a4,raw,5,0.91248,0.142051,0.03278
ResNet (Optuna),volcanoes-a4,isotonic,5,0.913651,0.142725,0.020213
ResNet (Optuna),volcanoes-a4,venn_abers,5,0.911532,0.142575,0.035155
ResNet (Optuna),volcanoes-b1,raw,5,0.963201,0.05711,0.006459
ResNet (Optuna),volcanoes-b1,isotonic,5,0.962791,0.057201,0.004091
ResNet (Optuna),volcanoes-b1,venn_abers,5,0.962684,0.057311,0.008566
ResNet (Optuna),volcanoes-b2,raw,5,0.965474,0.054043,0.005114
ResNet (Optuna),volcanoes-b2,isotonic,5,0.964651,0.054802,0.004677
ResNet (Optuna),volcanoes-b2,venn_abers,5,0.964584,0.054731,0.007244
ResNet (Optuna),volcanoes-c1,raw,5,0.976127,0.041178,0.006301
ResNet (Optuna),volcanoes-c1,isotonic,5,0.975524,0.041577,0.001918
ResNet (Optuna),volcanoes-c1,venn_abers,5,0.975628,0.041665,0.007629
ResNet (Optuna),volcanoes-d1,raw,5,0.934615,0.099786,0.01223
ResNet (Optuna),volcanoes-d1,isotonic,5,0.934352,0.098729,0.005947
ResNet (Optuna),volcanoes-d1,venn_abers,5,0.934429,0.099215,0.009644
ResNet (Optuna),volcanoes-d2,raw,5,0.936946,0.095973,0.012145
ResNet (Optuna),volcanoes-d2,isotonic,5,0.936154,0.095639,0.003282
ResNet (Optuna),volcanoes-d2,venn_abers,5,0.936375,0.095801,0.008926
ResNet (Optuna),waveform-v1,raw,3,0.949312,0.185579,0.017125
ResNet (Optuna),waveform-v1,isotonic,3,0.945647,0.187297,0.017992
ResNet (Optuna),waveform-v1,venn_abers,3,0.948091,0.187293,0.015768
ResNet (Optuna),wdbc,raw,2,0.992785,0.046677,0.020088
ResNet (Optuna),wdbc,isotonic,2,0.984841,0.05648,0.017886
ResNet (Optuna),wdbc,venn_abers,2,0.990731,0.054314,0.030671
ResNet (Optuna),wholesale-channel,raw,2,0.942822,0.14679,0.077456
ResNet (Optuna),wholesale-channel,isotonic,2,0.914503,0.1454,0.046839
ResNet (Optuna),wholesale-channel,venn_abers,2,0.931882,0.145622,0.053723
ResNet (Optuna),wholesale-region,raw,3,0.601748,0.466357,0.10114
ResNet (Optuna),wholesale-region,isotonic,3,0.595484,0.451542,0.064214
ResNet (Optuna),wholesale-region,venn_abers,3,0.597802,0.454558,0.097848
ResNet (Optuna),wilt,raw,2,0.946503,0.017894,0.005012
ResNet (Optuna),wilt,isotonic,2,0.925228,0.018767,0.006964
ResNet (Optuna),wilt,venn_abers,2,0.938133,0.018964,0.00776
ResNet (Optuna),wine-quality-5class,raw,5,0.598478,0.541593,0.057428
ResNet (Optuna),wine-quality-5class,isotonic,5,0.597293,0.537363,0.028034
ResNet (Optuna),wine-quality-5class,venn_abers,5,0.597682,0.536977,0.021676
ResNet (Optuna),yeast-4class,raw,4,0.663244,0.492234,0.051556
ResNet (Optuna),yeast-4class,isotonic,4,0.662108,0.490345,0.040724
ResNet (Optuna),yeast-4class,venn_abers,4,0.66143,0.490442,0.041171
SGD (Optuna),abalone-3class,raw,3,0.71011,0.447348,0.034333
SGD (Optuna),abalone-3class,isotonic,3,0.709954,0.443723,0.017001
SGD (Optuna),abalone-3class,venn_abers,3,0.711348,0.443667,0.021147
SGD (Optuna),abalone-7class,raw,7,0.311378,0.765132,0.031506
SGD (Optuna),abalone-7class,isotonic,7,0.304206,0.770547,0.035557
SGD (Optuna),abalone-7class,venn_abers,7,0.305874,0.769615,0.028348
SGD (Optuna),appendicitis,raw,2,0.7348,0.388729,0.233804
SGD (Optuna),appendicitis,isotonic,2,0.549512,0.262005,0.143996
SGD (Optuna),appendicitis,venn_abers,2,0.654782,0.243705,0.129114
SGD (Optuna),artificial-characters,raw,10,0.377078,0.753279,0.045945
SGD (Optuna),artificial-characters,isotonic,10,0.387451,0.730008,0.036648
SGD (Optuna),artificial-characters,venn_abers,10,0.388101,0.730728,0.038696
SGD (Optuna),autoUniv-au1-1000,raw,2,0.825885,0.427829,0.067244
SGD (Optuna),autoUniv-au1-1000,isotonic,2,0.770538,0.400222,0.068772
SGD (Optuna),autoUniv-au1-1000,venn_abers,2,0.766301,0.393141,0.074676
SGD (Optuna),autoUniv-au4-2500,raw,3,0.583558,0.55157,0.080412
SGD (Optuna),autoUniv-au4-2500,isotonic,3,0.553279,0.559688,0.075518
SGD (Optuna),autoUniv-au4-2500,venn_abers,3,0.556774,0.550604,0.053213
SGD (Optuna),autoUniv-au6-1000,raw,8,0.161239,0.869918,0.051045
SGD (Optuna),autoUniv-au6-1000,isotonic,8,0.155067,0.89878,0.081811
SGD (Optuna),autoUniv-au6-1000,venn_abers,8,0.160383,0.887757,0.071902
SGD (Optuna),autoUniv-au6-250-drift-au6-cd1-500,raw,8,0.183469,0.893768,0.079985
SGD (Optuna),autoUniv-au6-250-drift-au6-cd1-500,isotonic,8,0.174001,0.867911,0.04428
SGD (Optuna),autoUniv-au6-250-drift-au6-cd1-500,venn_abers,8,0.178928,0.866788,0.054971
SGD (Optuna),autoUniv-au6-cd1-400,raw,8,0.228263,0.859743,0.132024
SGD (Optuna),autoUniv-au6-cd1-400,isotonic,8,0.198939,0.866179,0.076245
SGD (Optuna),autoUniv-au6-cd1-400,venn_abers,8,0.193323,0.859729,0.05854
SGD (Optuna),autoUniv-au7-300-drift-au7-cpd1-800,raw,5,0.310339,0.767871,0.05681
SGD (Optuna),autoUniv-au7-300-drift-au7-cpd1-800,isotonic,5,0.295532,0.780074,0.042026
SGD (Optuna),autoUniv-au7-300-drift-au7-cpd1-800,venn_abers,5,0.295049,0.777148,0.033681
SGD (Optuna),autoUniv-au7-700,raw,3,0.428942,0.67839,0.101971
SGD (Optuna),autoUniv-au7-700,isotonic,3,0.411127,0.715477,0.152515
SGD (Optuna),autoUniv-au7-700,venn_abers,3,0.411743,0.683549,0.116376
SGD (Optuna),autoUniv-au7-cpd1-500,raw,5,0.35291,0.764707,0.116208
SGD (Optuna),autoUniv-au7-cpd1-500,isotonic,5,0.310768,0.785513,0.103189
SGD (Optuna),autoUniv-au7-cpd1-500,venn_abers,5,0.316924,0.774212,0.090004
SGD (Optuna),balance-scale,raw,3,0.948586,0.168127,0.113775
SGD (Optuna),balance-scale,isotonic,3,0.955412,0.139216,0.046056
SGD (Optuna),balance-scale,venn_abers,3,0.962597,0.1464,0.092176
SGD (Optuna),banana,raw,2,0.513609,0.494994,0.115596
SGD (Optuna),banana,isotonic,2,0.505221,0.494714,0.075942
SGD (Optuna),banana,venn_abers,2,0.524914,0.490698,0.07488
SGD (Optuna),bank-marketing,raw,2,0.512708,0.236767,0.078388
SGD (Optuna),bank-marketing,isotonic,2,0.489819,0.15835,0.033599
SGD (Optuna),bank-marketing,venn_abers,2,0.495651,0.15813,0.035928
SGD (Optuna),bank-marketing-full,raw,2,0.542498,0.168923,0.030588
SGD (Optuna),bank-marketing-full,isotonic,2,0.520101,0.185483,0.039776
SGD (Optuna),bank-marketing-full,venn_abers,2,0.525533,0.184871,0.035947
SGD (Optuna),blogger,raw,2,0.804209,0.41784,0.23925
SGD (Optuna),blogger,isotonic,2,0.787019,0.429163,0.153449
SGD (Optuna),blogger,venn_abers,2,0.789196,0.389325,0.121216
SGD (Optuna),blood-transfusion-service,raw,2,0.491175,0.364175,0.070922
SGD (Optuna),blood-transfusion-service,isotonic,2,0.444155,0.341607,0.103957
SGD (Optuna),blood-transfusion-service,venn_abers,2,0.458635,0.337275,0.104568
SGD (Optuna),breast-cancer-wisconsin,raw,2,0.986714,0.058622,0.031653
SGD (Optuna),breast-cancer-wisconsin,isotonic,2,0.974358,0.068282,0.049771
SGD (Optuna),breast-cancer-wisconsin,venn_abers,2,0.983575,0.07576,0.059331
SGD (Optuna),bupa,raw,2,0.794,0.379344,0.066792
SGD (Optuna),bupa,isotonic,2,0.752327,0.383254,0.068443
SGD (Optuna),bupa,venn_abers,2,0.768295,0.377602,0.066873
SGD (Optuna),cardiotocography-3class,raw,3,0.994631,0.023809,0.033304
SGD (Optuna),cardiotocography-3class,isotonic,3,0.992585,0.021626,0.008117
SGD (Optuna),cardiotocography-3class,venn_abers,3,0.994546,0.024144,0.021036
SGD (Optuna),car-evaluation,raw,4,0.856985,0.255743,0.032989
SGD (Optuna),car-evaluation,isotonic,4,0.852425,0.256539,0.023452
SGD (Optuna),car-evaluation,venn_abers,4,0.852918,0.255897,0.02177
SGD (Optuna),climate-simulation-craches,raw,2,0.984608,0.344184,0.055418
SGD (Optuna),climate-simulation-craches,isotonic,2,0.962327,0.169593,0.09082
SGD (Optuna),climate-simulation-craches,venn_abers,2,0.978858,0.154774,0.087054
SGD (Optuna),colon32,raw,2,0.867106,0.265416,0.161536
SGD (Optuna),colon32,isotonic,2,0.757044,0.315645,0.148858
SGD (Optuna),colon32,venn_abers,2,0.844825,0.296954,0.156176
SGD (Optuna),connectionist-mines-vs-rocks,raw,2,0.861834,0.316558,0.084089
SGD (Optuna),connectionist-mines-vs-rocks,isotonic,2,0.807492,0.335012,0.098637
SGD (Optuna),connectionist-mines-vs-rocks,venn_abers,2,0.832015,0.332479,0.074357
SGD (Optuna),contraceptive-method-choice,raw,3,0.578461,0.56374,0.046815
SGD (Optuna),contraceptive-method-choice,isotonic,3,0.573899,0.562974,0.046293
SGD (Optuna),contraceptive-method-choice,venn_abers,3,0.57438,0.562781,0.049619
SGD (Optuna),dermatology,raw,6,0.989121,0.076833,0.12456
SGD (Optuna),dermatology,isotonic,6,0.977113,0.059866,0.022952
SGD (Optuna),dermatology,venn_abers,6,0.989348,0.082838,0.115728
SGD (Optuna),eeg-eye-state,raw,2,0.621408,0.457707,0.019688
SGD (Optuna),eeg-eye-state,isotonic,2,0.602624,0.45539,0.023638
SGD (Optuna),eeg-eye-state,venn_abers,2,0.607432,0.455241,0.023569
SGD (Optuna),flare,raw,6,0.715209,0.35044,0.041322
SGD (Optuna),flare,isotonic,6,0.7109,0.351094,0.037501
SGD (Optuna),flare,venn_abers,6,0.711422,0.356463,0.050748
SGD (Optuna),glioma16,raw,2,0.861068,0.436799,0.140677
SGD (Optuna),glioma16,isotonic,2,0.641896,0.5188,0.162
SGD (Optuna),glioma16,venn_abers,2,0.690507,0.479085,0.123717
SGD (Optuna),habermans-survival,raw,2,0.490169,0.387665,0.069433
SGD (Optuna),habermans-survival,isotonic,2,0.424774,0.392314,0.114271
SGD (Optuna),habermans-survival,venn_abers,2,0.451333,0.386957,0.114987
SGD (Optuna),hayes-roth,raw,3,0.669676,0.527275,0.128126
SGD (Optuna),hayes-roth,isotonic,3,0.685845,0.499643,0.123604
SGD (Optuna),hayes-roth,venn_abers,3,0.704275,0.499771,0.125755
SGD (Optuna),heart-disease-processed-hungarian,raw,2,0.849669,0.353675,0.100873
SGD (Optuna),heart-disease-processed-hungarian,isotonic,2,0.625239,0.371014,0.146057
SGD (Optuna),heart-disease-processed-hungarian,venn_abers,2,0.677455,0.366457,0.145543
SGD (Optuna),hepatitis,raw,2,0.957448,0.388808,0.117962
SGD (Optuna),hepatitis,isotonic,2,0.918618,0.252989,0.104575
SGD (Optuna),hepatitis,venn_abers,2,0.946848,0.229611,0.098486
SGD (Optuna),hill-valley-with-noise,raw,2,0.943097,0.297615,0.10648
SGD (Optuna),hill-valley-with-noise,isotonic,2,0.846315,0.291523,0.098258
SGD (Optuna),hill-valley-with-noise,venn_abers,2,0.875928,0.28955,0.092884
SGD (Optuna),hill-valley-without-noise,raw,2,0.940324,0.292396,0.143641
SGD (Optuna),hill-valley-without-noise,isotonic,2,0.868913,0.280923,0.092568
SGD (Optuna),hill-valley-without-noise,venn_abers,2,0.889926,0.278975,0.084085
SGD (Optuna),indian-liver-patient,raw,2,0.494266,0.379879,0.081441
SGD (Optuna),indian-liver-patient,isotonic,2,0.431641,0.408204,0.121247
SGD (Optuna),indian-liver-patient,venn_abers,2,0.448132,0.400391,0.111975
SGD (Optuna),ionosphere,raw,2,0.893596,0.224262,0.10634
SGD (Optuna),ionosphere,isotonic,2,0.904763,0.223363,0.073955
SGD (Optuna),ionosphere,venn_abers,2,0.896563,0.221669,0.083589
SGD (Optuna),iris,raw,3,0.984404,0.256956,0.264347
SGD (Optuna),iris,isotonic,3,0.969313,0.093014,0.061127
SGD (Optuna),iris,venn_abers,3,0.98513,0.141564,0.12876
SGD (Optuna),led7digit,raw,10,0.762819,0.554785,0.32054
SGD (Optuna),led7digit,isotonic,10,0.744301,0.43419,0.097063
SGD (Optuna),led7digit,venn_abers,10,0.743969,0.447638,0.130999
SGD (Optuna),leukemia-haslinger,raw,2,0.923622,0.30393,0.19454
SGD (Optuna),leukemia-haslinger,isotonic,2,0.840276,0.35859,0.208008
SGD (Optuna),leukemia-haslinger,venn_abers,2,0.887443,0.331051,0.193221
SGD (Optuna),lsvt-voice-rehabilitation,raw,2,0.911788,0.322515,0.149084
SGD (Optuna),lsvt-voice-rehabilitation,isotonic,2,0.919195,0.280242,0.088595
SGD (Optuna),lsvt-voice-rehabilitation,venn_abers,2,0.911708,0.267405,0.084266
SGD (Optuna),magic,raw,2,0.8303,0.260263,0.038347
SGD (Optuna),magic,isotonic,2,0.819526,0.256872,0.016865
SGD (Optuna),magic,venn_abers,2,0.823144,0.256813,0.011851
SGD (Optuna),mammographic-mass,raw,2,0.874164,0.374567,0.192449
SGD (Optuna),mammographic-mass,isotonic,2,0.828036,0.282788,0.090728
SGD (Optuna),mammographic-mass,venn_abers,2,0.835534,0.282395,0.096503
SGD (Optuna),mfeat-fourier,raw,10,0.844927,0.283317,0.114009
SGD (Optuna),mfeat-fourier,isotonic,10,0.840532,0.26362,0.028495
SGD (Optuna),mfeat-fourier,venn_abers,10,0.845571,0.266266,0.053729
SGD (Optuna),molecular-promotor-gene,raw,2,0.892755,0.360245,0.176512
SGD (Optuna),molecular-promotor-gene,isotonic,2,0.762942,0.408611,0.138274
SGD (Optuna),molecular-promotor-gene,venn_abers,2,0.805111,0.386367,0.104424
SGD (Optuna),molecular-splice-junction,raw,3,0.900113,0.270046,0.101247
SGD (Optuna),molecular-splice-junction,isotonic,3,0.896916,0.247157,0.017772
SGD (Optuna),molecular-splice-junction,venn_abers,3,0.898328,0.247803,0.020664
SGD (Optuna),monks1,raw,2,0.821495,0.430652,0.120641
SGD (Optuna),monks1,isotonic,2,0.702416,0.427698,0.102581
SGD (Optuna),monks1,venn_abers,2,0.713086,0.419265,0.102713
SGD (Optuna),monks3,raw,2,0.934242,0.329816,0.118362
SGD (Optuna),monks3,isotonic,2,0.805671,0.366464,0.143849
SGD (Optuna),monks3,venn_abers,2,0.812625,0.362637,0.146923
SGD (Optuna),mushroom,raw,2,0.987838,0.047426,0.012789
SGD (Optuna),mushroom,isotonic,2,0.98382,0.04327,0.011383
SGD (Optuna),mushroom,venn_abers,2,0.987215,0.043181,0.008985
SGD (Optuna),mushroom-expanded,raw,2,0.985215,0.035051,0.01973
SGD (Optuna),mushroom-expanded,isotonic,2,0.981656,0.03154,0.004379
SGD (Optuna),mushroom-expanded,venn_abers,2,0.98376,0.0314,0.003558
SGD (Optuna),nursery-4class,raw,4,0.946484,0.178974,0.105628
SGD (Optuna),nursery-4class,isotonic,4,0.944629,0.144043,0.009564
SGD (Optuna),nursery-4class,venn_abers,4,0.947146,0.14425,0.014869
SGD (Optuna),optdigits,raw,10,0.988994,0.065052,0.043041
SGD (Optuna),optdigits,isotonic,10,0.9874,0.061687,0.006536
SGD (Optuna),optdigits,venn_abers,10,0.989033,0.061745,0.027174
SGD (Optuna),ozone-eighthr,raw,2,0.476001,0.092837,0.040387
SGD (Optuna),ozone-eighthr,isotonic,2,0.416237,0.092726,0.023191
SGD (Optuna),ozone-eighthr,venn_abers,2,0.435943,0.091534,0.018554
SGD (Optuna),ozone-onehr,raw,2,0.330791,0.110062,0.121473
SGD (Optuna),ozone-onehr,isotonic,2,0.106506,0.144933,0.110747
SGD (Optuna),ozone-onehr,venn_abers,2,0.11629,0.147639,0.111992
SGD (Optuna),page-blocks,raw,5,0.982798,0.056475,0.012178
SGD (Optuna),page-blocks,isotonic,5,0.982547,0.054964,0.00795
SGD (Optuna),page-blocks,venn_abers,5,0.983072,0.055439,0.013581
SGD (Optuna),parkinsons,raw,2,0.963723,0.300404,0.109772
SGD (Optuna),parkinsons,isotonic,2,0.923153,0.279245,0.114214
SGD (Optuna),parkinsons,venn_abers,2,0.951969,0.26947,0.115366
SGD (Optuna),pendigits,raw,10,0.962393,0.130774,0.073055
SGD (Optuna),pendigits,isotonic,10,0.960531,0.118176,0.009507
SGD (Optuna),pendigits,venn_abers,10,0.96228,0.118123,0.024627
SGD (Optuna),phoneme,raw,2,0.590575,0.316344,0.031137
SGD (Optuna),phoneme,isotonic,2,0.572696,0.311191,0.023006
SGD (Optuna),phoneme,venn_abers,2,0.580253,0.309624,0.021755
SGD (Optuna),pima-indians-diabetes,raw,2,0.713198,0.318587,0.036449
SGD (Optuna),pima-indians-diabetes,isotonic,2,0.673687,0.329515,0.048842
SGD (Optuna),pima-indians-diabetes,venn_abers,2,0.69742,0.328141,0.035424
SGD (Optuna),planning-relax,raw,2,0.284812,0.472518,0.118698
SGD (Optuna),planning-relax,isotonic,2,0.285749,0.410394,0.014961
SGD (Optuna),planning-relax,venn_abers,2,0.282767,0.416409,0.035026
SGD (Optuna),qsar-biodegradation,raw,2,0.852446,0.22622,0.038685
SGD (Optuna),qsar-biodegradation,isotonic,2,0.822548,0.229017,0.038202
SGD (Optuna),qsar-biodegradation,venn_abers,2,0.828858,0.229008,0.038634
SGD (Optuna),ringnorm,raw,2,0.731467,0.347434,0.063234
SGD (Optuna),ringnorm,isotonic,2,0.746194,0.324924,0.014937
SGD (Optuna),ringnorm,venn_abers,2,0.749462,0.324961,0.01565
SGD (Optuna),robot-failure-lp1,raw,4,0.659116,0.545471,0.224555
SGD (Optuna),robot-failure-lp1,isotonic,4,0.644081,0.569411,0.207808
SGD (Optuna),robot-failure-lp1,venn_abers,4,0.637532,0.541151,0.166842
SGD (Optuna),robot-failure-lp4,raw,3,0.777343,0.445575,0.148677
SGD (Optuna),robot-failure-lp4,isotonic,3,0.763452,0.47641,0.196905
SGD (Optuna),robot-failure-lp4,venn_abers,3,0.778132,0.445983,0.15577
SGD (Optuna),robot-failure-lp5,raw,5,0.4986,0.801987,0.261609
SGD (Optuna),robot-failure-lp5,isotonic,5,0.488899,0.695613,0.186357
SGD (Optuna),robot-failure-lp5,venn_abers,5,0.481694,0.682315,0.122521
SGD (Optuna),robot-nav-sensor-readings-24,raw,4,0.900716,0.266873,0.062071
SGD (Optuna),robot-nav-sensor-readings-24,isotonic,4,0.901824,0.248471,0.024001
SGD (Optuna),robot-nav-sensor-readings-24,venn_abers,4,0.902274,0.248502,0.027651
SGD (Optuna),robot-nav-sensor-readings-2,raw,4,0.993305,0.136564,0.167801
SGD (Optuna),robot-nav-sensor-readings-2,isotonic,4,0.992548,0.057058,0.009997
SGD (Optuna),robot-nav-sensor-readings-2,venn_abers,4,0.994349,0.05771,0.015607
SGD (Optuna),robot-nav-sensor-readings-4,raw,4,0.980919,0.153633,0.12959
SGD (Optuna),robot-nav-sensor-readings-4,isotonic,4,0.97767,0.100393,0.018125
SGD (Optuna),robot-nav-sensor-readings-4,venn_abers,4,0.980176,0.100266,0.022715
SGD (Optuna),saheart,raw,2,0.659547,0.365573,0.058738
SGD (Optuna),saheart,isotonic,2,0.611184,0.379265,0.081652
SGD (Optuna),saheart,venn_abers,2,0.629495,0.374254,0.094699
SGD (Optuna),seeds,raw,3,0.979195,0.092963,0.069795
SGD (Optuna),seeds,isotonic,3,0.963104,0.103743,0.038238
SGD (Optuna),seeds,venn_abers,3,0.974642,0.095222,0.077928
SGD (Optuna),seismic-bumps,raw,2,0.977368,0.36547,0.094819
SGD (Optuna),seismic-bumps,isotonic,2,0.959291,0.117792,0.038332
SGD (Optuna),seismic-bumps,venn_abers,2,0.960181,0.117506,0.035091
SGD (Optuna),semeion,raw,10,0.960621,0.159821,0.126377
SGD (Optuna),semeion,isotonic,10,0.958274,0.134103,0.015001
SGD (Optuna),semeion,venn_abers,10,0.961545,0.139498,0.071206
SGD (Optuna),skin-segmentation,raw,2,0.988211,0.135158,0.099607
SGD (Optuna),skin-segmentation,isotonic,2,0.986612,0.091723,0.002499
SGD (Optuna),skin-segmentation,venn_abers,2,0.987495,0.0918,0.003938
SGD (Optuna),spambase,raw,2,0.973369,0.088065,0.01632
SGD (Optuna),spambase,isotonic,2,0.969557,0.088298,0.010653
SGD (Optuna),spambase,venn_abers,2,0.971547,0.088289,0.009302
SGD (Optuna),spectf-heart,raw,2,0.95489,0.313346,0.072372
SGD (Optuna),spectf-heart,isotonic,2,0.90558,0.354552,0.147221
SGD (Optuna),spectf-heart,venn_abers,2,0.941533,0.337677,0.121086
SGD (Optuna),statlog-australian-credit,raw,2,0.908957,0.201577,0.040195
SGD (Optuna),statlog-australian-credit,isotonic,2,0.895083,0.211005,0.035321
SGD (Optuna),statlog-australian-credit,venn_abers,2,0.904939,0.207897,0.025366
SGD (Optuna),statlog-german-credit,raw,2,0.605047,0.393716,0.110197
SGD (Optuna),statlog-german-credit,isotonic,2,0.469732,0.409758,0.113954
SGD (Optuna),statlog-german-credit,venn_abers,2,0.473351,0.40764,0.107382
SGD (Optuna),statlog-heart,raw,2,0.89008,0.316592,0.076834
SGD (Optuna),statlog-heart,isotonic,2,0.742603,0.338087,0.062372
SGD (Optuna),statlog-heart,venn_abers,2,0.761115,0.331879,0.062862
SGD (Optuna),statlog-image-segmentation,raw,7,0.943215,0.167299,0.114229
SGD (Optuna),statlog-image-segmentation,isotonic,7,0.939795,0.1343,0.022098
SGD (Optuna),statlog-image-segmentation,venn_abers,7,0.945416,0.137143,0.046612
SGD (Optuna),statlog-landsat-satellite,raw,6,0.893166,0.278049,0.171713
SGD (Optuna),statlog-landsat-satellite,isotonic,6,0.887042,0.227164,0.034905
SGD (Optuna),statlog-landsat-satellite,venn_abers,6,0.893269,0.227521,0.048128
SGD (Optuna),statlog-vehicle-silhouettes,raw,4,0.830504,0.31153,0.050656
SGD (Optuna),statlog-vehicle-silhouettes,isotonic,4,0.82518,0.313502,0.035362
SGD (Optuna),statlog-vehicle-silhouettes,venn_abers,4,0.827862,0.312923,0.054842
SGD (Optuna),systhetic-control,raw,6,0.988699,0.229818,0.315352
SGD (Optuna),systhetic-control,isotonic,6,0.983784,0.102848,0.036853
SGD (Optuna),systhetic-control,venn_abers,6,0.987515,0.101161,0.078055
SGD (Optuna),teaching-assistant-evaluation,raw,3,0.566921,0.686628,0.113969
SGD (Optuna),teaching-assistant-evaluation,isotonic,3,0.367748,0.77453,0.214096
SGD (Optuna),teaching-assistant-evaluation,venn_abers,3,0.393237,0.717164,0.171375
SGD (Optuna),thoracic-surgery,raw,2,0.897687,0.50794,0.206026
SGD (Optuna),thoracic-surgery,isotonic,2,0.880899,0.258509,0.0536
SGD (Optuna),thoracic-surgery,venn_abers,2,0.885042,0.258812,0.033051
SGD (Optuna),thyroid-allbp,raw,5,0.772075,0.398461,0.049869
SGD (Optuna),thyroid-allbp,isotonic,5,0.766992,0.395377,0.017318
SGD (Optuna),thyroid-allbp,venn_abers,5,0.768278,0.396665,0.029251
SGD (Optuna),thyroid-ann,raw,3,0.988276,0.035377,0.007425
SGD (Optuna),thyroid-ann,isotonic,3,0.988716,0.038461,0.01101
SGD (Optuna),thyroid-ann,venn_abers,3,0.988424,0.038462,0.018523
SGD (Optuna),thyroid-newthyroid,raw,3,0.991204,0.128305,0.105613
SGD (Optuna),thyroid-newthyroid,isotonic,3,0.965812,0.099874,0.064782
SGD (Optuna),thyroid-newthyroid,venn_abers,3,0.99015,0.111766,0.098932
SGD (Optuna),thyroid-sick,raw,5,0.76121,0.42036,0.028624
SGD (Optuna),thyroid-sick,isotonic,5,0.755818,0.430034,0.024957
SGD (Optuna),thyroid-sick,venn_abers,5,0.756104,0.433544,0.028941
SGD (Optuna),thyroid-sick-euthyroid,raw,2,0.748926,0.159978,0.037985
SGD (Optuna),thyroid-sick-euthyroid,isotonic,2,0.735968,0.088522,0.023632
SGD (Optuna),thyroid-sick-euthyroid,venn_abers,2,0.741582,0.088151,0.024378
SGD (Optuna),user-knowledge,raw,5,0.850839,0.338666,0.184
SGD (Optuna),user-knowledge,isotonic,5,0.844251,0.272188,0.067683
SGD (Optuna),user-knowledge,venn_abers,5,0.839942,0.269047,0.06122
SGD (Optuna),vertebra-column-2c,raw,2,0.856488,0.225942,0.061482
SGD (Optuna),vertebra-column-2c,isotonic,2,0.810902,0.238536,0.086364
SGD (Optuna),vertebra-column-2c,venn_abers,2,0.844431,0.233432,0.06591
SGD (Optuna),vertebra-column-3c,raw,3,0.919503,0.199315,0.072775
SGD (Optuna),vertebra-column-3c,isotonic,3,0.908441,0.191929,0.059928
SGD (Optuna),vertebra-column-3c,venn_abers,3,0.923251,0.194263,0.078171
SGD (Optuna),volcanoes-a1,raw,5,0.925229,0.126159,0.018158
SGD (Optuna),volcanoes-a1,isotonic,5,0.921134,0.128942,0.012307
SGD (Optuna),volcanoes-a1,venn_abers,5,0.922834,0.128574,0.019111
SGD (Optuna),volcanoes-a2,raw,5,0.924914,0.166423,0.108082
SGD (Optuna),volcanoes-a2,isotonic,5,0.917638,0.179652,0.089403
SGD (Optuna),volcanoes-a2,venn_abers,5,0.921972,0.187323,0.099822
SGD (Optuna),volcanoes-a4,raw,5,0.912917,0.159543,0.051562
SGD (Optuna),volcanoes-a4,isotonic,5,0.909816,0.170557,0.046936
SGD (Optuna),volcanoes-a4,venn_abers,5,0.909307,0.174133,0.053828
SGD (Optuna),volcanoes-b1,raw,5,0.96487,0.065438,0.069179
SGD (Optuna),volcanoes-b1,isotonic,5,0.962037,0.057651,0.003986
SGD (Optuna),volcanoes-b1,venn_abers,5,0.96289,0.058264,0.009875
SGD (Optuna),volcanoes-b2,raw,5,0.966137,0.265563,0.280618
SGD (Optuna),volcanoes-b2,isotonic,5,0.95582,0.296122,0.096415
SGD (Optuna),volcanoes-b2,venn_abers,5,0.956816,0.304827,0.07742
SGD (Optuna),volcanoes-c1,raw,5,0.976186,0.041539,0.012915
SGD (Optuna),volcanoes-c1,isotonic,5,0.975417,0.042165,0.007205
SGD (Optuna),volcanoes-c1,venn_abers,5,0.975894,0.042774,0.012788
SGD (Optuna),volcanoes-d1,raw,5,0.933939,0.167564,0.130505
SGD (Optuna),volcanoes-d1,isotonic,5,0.932241,0.103925,0.02113
SGD (Optuna),volcanoes-d1,venn_abers,5,0.933506,0.11266,0.026869
SGD (Optuna),volcanoes-d2,raw,5,0.936735,0.20724,0.186494
SGD (Optuna),volcanoes-d2,isotonic,5,0.921903,0.104901,0.03659
SGD (Optuna),volcanoes-d2,venn_abers,5,0.923096,0.108607,0.048508
SGD (Optuna),waveform-v1,raw,3,0.951196,0.196271,0.071297
SGD (Optuna),waveform-v1,isotonic,3,0.948213,0.184581,0.015384
SGD (Optuna),waveform-v1,venn_abers,3,0.951043,0.184631,0.015875
SGD (Optuna),wdbc,raw,2,0.99153,0.050719,0.022884
SGD (Optuna),wdbc,isotonic,2,0.981914,0.067682,0.03371
SGD (Optuna),wdbc,venn_abers,2,0.990107,0.06441,0.036206
SGD (Optuna),wholesale-channel,raw,2,0.927964,0.302377,0.217989
SGD (Optuna),wholesale-channel,isotonic,2,0.869023,0.156798,0.081087
SGD (Optuna),wholesale-channel,venn_abers,2,0.888927,0.169036,0.098708
SGD (Optuna),wholesale-region,raw,3,0.591937,0.564281,0.25166
SGD (Optuna),wholesale-region,isotonic,3,0.576547,0.452176,0.054553
SGD (Optuna),wholesale-region,venn_abers,3,0.581442,0.458849,0.06162
SGD (Optuna),wilt,raw,2,0.898376,0.026448,0.015059
SGD (Optuna),wilt,isotonic,2,0.882905,0.02306,0.004606
SGD (Optuna),wilt,venn_abers,2,0.886099,0.023279,0.005141
SGD (Optuna),wine-quality-5class,raw,5,0.52442,0.580269,0.024887
SGD (Optuna),wine-quality-5class,isotonic,5,0.522333,0.580016,0.013254
SGD (Optuna),wine-quality-5class,venn_abers,5,0.522368,0.579906,0.015053
SGD (Optuna),yeast-4class,raw,4,0.654392,0.51156,0.07477
SGD (Optuna),yeast-4class,isotonic,4,0.647938,0.504718,0.036772
SGD (Optuna),yeast-4class,venn_abers,4,0.651626,0.5048,0.041081
SVC (GridSearch),abalone-3class,raw,3,0.708883,0.440287,0.032835
SVC (GridSearch),abalone-3class,isotonic,3,0.705118,0.439687,0.021556
SVC (GridSearch),abalone-3class,venn_abers,3,0.707284,0.439834,0.02019
SVC (GridSearch),abalone-7class,raw,7,0.327577,0.751265,0.036654
SVC (GridSearch),abalone-7class,isotonic,7,0.322616,0.752422,0.029647
SVC (GridSearch),abalone-7class,venn_abers,7,0.32313,0.752204,0.023468
SVC (GridSearch),appendicitis,raw,2,0.73747,0.198137,0.087397
SVC (GridSearch),appendicitis,isotonic,2,0.610988,0.205753,0.09383
SVC (GridSearch),appendicitis,venn_abers,2,0.674275,0.199803,0.106911
SVC (GridSearch),artificial-characters,raw,10,0.759034,0.392014,0.031492
SVC (GridSearch),artificial-characters,isotonic,10,0.758666,0.390365,0.013146
SVC (GridSearch),artificial-characters,venn_abers,10,0.75973,0.390651,0.016289
SVC (GridSearch),autoUniv-au1-1000,raw,2,0.836765,0.357035,0.071594
SVC (GridSearch),autoUniv-au1-1000,isotonic,2,0.822287,0.351565,0.043931
SVC (GridSearch),autoUniv-au1-1000,venn_abers,2,0.824608,0.351328,0.050398
SVC (GridSearch),autoUniv-au4-2500,raw,3,0.551256,0.543045,0.02429
SVC (GridSearch),autoUniv-au4-2500,isotonic,3,0.542824,0.546923,0.030001
SVC (GridSearch),autoUniv-au4-2500,venn_abers,3,0.543348,0.546259,0.038305
SVC (GridSearch),autoUniv-au6-1000,raw,8,0.158319,0.859765,0.031034
SVC (GridSearch),autoUniv-au6-1000,isotonic,8,0.15798,0.875577,0.03866
SVC (GridSearch),autoUniv-au6-1000,venn_abers,8,0.162892,0.873258,0.056605
SVC (GridSearch),autoUniv-au6-250-drift-au6-cd1-500,raw,8,0.182261,0.853916,0.031832
SVC (GridSearch),autoUniv-au6-250-drift-au6-cd1-500,isotonic,8,0.178538,0.862236,0.037913
SVC (GridSearch),autoUniv-au6-250-drift-au6-cd1-500,venn_abers,8,0.180993,0.866751,0.062448
SVC (GridSearch),autoUniv-au6-cd1-400,raw,8,0.237337,0.827158,0.056435
SVC (GridSearch),autoUniv-au6-cd1-400,isotonic,8,0.214727,0.844114,0.07449
SVC (GridSearch),autoUniv-au6-cd1-400,venn_abers,8,0.230136,0.845158,0.067535
SVC (GridSearch),autoUniv-au7-300-drift-au7-cpd1-800,raw,5,0.332631,0.753299,0.026589
SVC (GridSearch),autoUniv-au7-300-drift-au7-cpd1-800,isotonic,5,0.331426,0.756161,0.044978
SVC (GridSearch),autoUniv-au7-300-drift-au7-cpd1-800,venn_abers,5,0.332471,0.754058,0.037032
SVC (GridSearch),autoUniv-au7-700,raw,3,0.475506,0.627733,0.043606
SVC (GridSearch),autoUniv-au7-700,isotonic,3,0.467288,0.634661,0.047559
SVC (GridSearch),autoUniv-au7-700,venn_abers,3,0.471358,0.629645,0.033329
SVC (GridSearch),autoUniv-au7-cpd1-500,raw,5,0.37527,0.723565,0.105207
SVC (GridSearch),autoUniv-au7-cpd1-500,isotonic,5,0.370282,0.72553,0.082589
SVC (GridSearch),autoUniv-au7-cpd1-500,venn_abers,5,0.369866,0.723724,0.071804
SVC (GridSearch),balance-scale,raw,3,0.982373,0.07323,0.038817
SVC (GridSearch),balance-scale,isotonic,3,0.976818,0.06335,0.025842
SVC (GridSearch),balance-scale,venn_abers,3,0.983287,0.064869,0.038913
SVC (GridSearch),banana,raw,2,0.966639,0.136786,0.014635
SVC (GridSearch),banana,isotonic,2,0.961816,0.136317,0.012147
SVC (GridSearch),banana,venn_abers,2,0.963806,0.136232,0.014894
SVC (GridSearch),bank-marketing,raw,2,0.504176,0.161253,0.042807
SVC (GridSearch),bank-marketing,isotonic,2,0.486667,0.151873,0.026967
SVC (GridSearch),bank-marketing,venn_abers,2,0.49424,0.151743,0.027819
SVC (GridSearch),bank-marketing-full,raw,2,0.541982,0.156642,0.054137
SVC (GridSearch),bank-marketing-full,isotonic,2,0.514598,0.145008,0.020605
SVC (GridSearch),bank-marketing-full,venn_abers,2,0.522366,0.145048,0.021733
SVC (GridSearch),blogger,raw,2,0.889238,0.333547,0.160924
SVC (GridSearch),blogger,isotonic,2,0.854334,0.327532,0.122199
SVC (GridSearch),blogger,venn_abers,2,0.847463,0.314303,0.167252
SVC (GridSearch),blood-transfusion-service,raw,2,0.498873,0.310576,0.035774
SVC (GridSearch),blood-transfusion-service,isotonic,2,0.458442,0.316164,0.049396
SVC (GridSearch),blood-transfusion-service,venn_abers,2,0.47107,0.31392,0.049535
SVC (GridSearch),breast-cancer-wisconsin,raw,2,0.986795,0.055441,0.021381
SVC (GridSearch),breast-cancer-wisconsin,isotonic,2,0.978621,0.054985,0.015501
SVC (GridSearch),breast-cancer-wisconsin,venn_abers,2,0.986055,0.054185,0.028908
SVC (GridSearch),bupa,raw,2,0.740621,0.414503,0.074006
SVC (GridSearch),bupa,isotonic,2,0.730668,0.42058,0.075103
SVC (GridSearch),bupa,venn_abers,2,0.730286,0.416057,0.0678
SVC (GridSearch),cardiotocography-3class,raw,3,0.996748,0.019566,0.007867
SVC (GridSearch),cardiotocography-3class,isotonic,3,0.995302,0.020977,0.005782
SVC (GridSearch),cardiotocography-3class,venn_abers,3,0.996732,0.0206,0.013657
SVC (GridSearch),car-evaluation,raw,4,0.960771,0.093218,0.026837
SVC (GridSearch),car-evaluation,isotonic,4,0.959087,0.103221,0.029997
SVC (GridSearch),car-evaluation,venn_abers,4,0.959764,0.100798,0.020485
SVC (GridSearch),climate-simulation-craches,raw,2,0.987867,0.133028,0.026049
SVC (GridSearch),climate-simulation-craches,isotonic,2,0.97691,0.137764,0.036076
SVC (GridSearch),climate-simulation-craches,venn_abers,2,0.986575,0.136836,0.035725
SVC (GridSearch),colon32,raw,2,0.833208,0.274629,0.132098
SVC (GridSearch),colon32,isotonic,2,0.6962,0.311981,0.177797
SVC (GridSearch),colon32,venn_abers,2,0.782721,0.289332,0.14418
SVC (GridSearch),connectionist-mines-vs-rocks,raw,2,0.957335,0.174108,0.082733
SVC (GridSearch),connectionist-mines-vs-rocks,isotonic,2,0.929393,0.178081,0.066531
SVC (GridSearch),connectionist-mines-vs-rocks,venn_abers,2,0.948013,0.182812,0.075375
SVC (GridSearch),contraceptive-method-choice,raw,3,0.580531,0.565462,0.039274
SVC (GridSearch),contraceptive-method-choice,isotonic,3,0.570816,0.571339,0.031792
SVC (GridSearch),contraceptive-method-choice,venn_abers,3,0.572973,0.570008,0.034324
SVC (GridSearch),dermatology,raw,6,0.991646,0.056553,0.075563
SVC (GridSearch),dermatology,isotonic,6,0.980657,0.04734,0.025122
SVC (GridSearch),dermatology,venn_abers,6,0.991526,0.068584,0.088599
SVC (GridSearch),eeg-eye-state,raw,2,0.964878,0.130902,0.007427
SVC (GridSearch),eeg-eye-state,isotonic,2,0.960901,0.131074,0.007608
SVC (GridSearch),eeg-eye-state,venn_abers,2,0.962343,0.131041,0.009905
SVC (GridSearch),flare,raw,6,0.724118,0.339439,0.034045
SVC (GridSearch),flare,isotonic,6,0.716887,0.344221,0.03221
SVC (GridSearch),flare,venn_abers,6,0.722063,0.343855,0.039895
SVC (GridSearch),glioma16,raw,2,0.942436,0.234668,0.187458
SVC (GridSearch),glioma16,isotonic,2,0.926407,0.263114,0.096643
SVC (GridSearch),glioma16,venn_abers,2,0.940097,0.271427,0.198028
SVC (GridSearch),habermans-survival,raw,2,0.459745,0.374605,0.103433
SVC (GridSearch),habermans-survival,isotonic,2,0.361838,0.396593,0.113113
SVC (GridSearch),habermans-survival,venn_abers,2,0.376011,0.38811,0.088529
SVC (GridSearch),hayes-roth,raw,3,0.902838,0.295177,0.074551
SVC (GridSearch),hayes-roth,isotonic,3,0.853954,0.30995,0.117346
SVC (GridSearch),hayes-roth,venn_abers,3,0.90326,0.308338,0.138816
SVC (GridSearch),heart-disease-processed-hungarian,raw,2,0.838454,0.2542,0.047906
SVC (GridSearch),heart-disease-processed-hungarian,isotonic,2,0.790292,0.270024,0.076354
SVC (GridSearch),heart-disease-processed-hungarian,venn_abers,2,0.826962,0.265297,0.072626
SVC (GridSearch),hepatitis,raw,2,0.963208,0.225926,0.071751
SVC (GridSearch),hepatitis,isotonic,2,0.941523,0.255613,0.076156
SVC (GridSearch),hepatitis,venn_abers,2,0.955389,0.246791,0.081062
SVC (GridSearch),hill-valley-with-noise,raw,2,0.942897,0.382234,0.140903
SVC (GridSearch),hill-valley-with-noise,isotonic,2,0.818468,0.382355,0.135145
SVC (GridSearch),hill-valley-with-noise,venn_abers,2,0.857085,0.374526,0.126137
SVC (GridSearch),hill-valley-without-noise,raw,2,0.9842,0.384721,0.080913
SVC (GridSearch),hill-valley-without-noise,isotonic,2,0.868811,0.392653,0.251443
SVC (GridSearch),hill-valley-without-noise,venn_abers,2,0.873068,0.389809,0.246348
SVC (GridSearch),indian-liver-patient,raw,2,0.510621,0.346823,0.044014
SVC (GridSearch),indian-liver-patient,isotonic,2,0.473056,0.35474,0.039479
SVC (GridSearch),indian-liver-patient,venn_abers,2,0.486487,0.352156,0.024718
SVC (GridSearch),ionosphere,raw,2,0.975426,0.090657,0.031813
SVC (GridSearch),ionosphere,isotonic,2,0.973465,0.102338,0.035947
SVC (GridSearch),ionosphere,venn_abers,2,0.975201,0.100573,0.02949
SVC (GridSearch),iris,raw,3,0.993143,0.056783,0.064658
SVC (GridSearch),iris,isotonic,3,0.993399,0.065944,0.041336
SVC (GridSearch),iris,venn_abers,3,0.994453,0.082815,0.086654
SVC (GridSearch),led7digit,raw,10,0.750733,0.425478,0.084216
SVC (GridSearch),led7digit,isotonic,10,0.732987,0.444171,0.085061
SVC (GridSearch),led7digit,venn_abers,10,0.751102,0.441601,0.104325
SVC (GridSearch),leukemia-haslinger,raw,2,0.92861,0.224445,0.106048
SVC (GridSearch),leukemia-haslinger,isotonic,2,0.901767,0.254965,0.114843
SVC (GridSearch),leukemia-haslinger,venn_abers,2,0.921549,0.248292,0.114246
SVC (GridSearch),lsvt-voice-rehabilitation,raw,2,0.914898,0.23451,0.110215
SVC (GridSearch),lsvt-voice-rehabilitation,isotonic,2,0.909729,0.243013,0.060936
SVC (GridSearch),lsvt-voice-rehabilitation,venn_abers,2,0.919091,0.239189,0.086785
SVC (GridSearch),magic,raw,2,0.896698,0.193343,0.00904
SVC (GridSearch),magic,isotonic,2,0.888188,0.194,0.010279
SVC (GridSearch),magic,venn_abers,2,0.891448,0.193891,0.006917
SVC (GridSearch),mammographic-mass,raw,2,0.872577,0.255306,0.041667
SVC (GridSearch),mammographic-mass,isotonic,2,0.854195,0.263649,0.045587
SVC (GridSearch),mammographic-mass,venn_abers,2,0.863648,0.262761,0.045724
SVC (GridSearch),mfeat-fourier,raw,10,0.869126,0.229357,0.041923
SVC (GridSearch),mfeat-fourier,isotonic,10,0.861589,0.231666,0.027154
SVC (GridSearch),mfeat-fourier,venn_abers,10,0.86454,0.233207,0.039548
SVC (GridSearch),molecular-promotor-gene,raw,2,0.906199,0.304492,0.136156
SVC (GridSearch),molecular-promotor-gene,isotonic,2,0.865789,0.325812,0.12318
SVC (GridSearch),molecular-promotor-gene,venn_abers,2,0.885518,0.314323,0.113803
SVC (GridSearch),molecular-splice-junction,raw,3,0.941494,0.193585,0.012446
SVC (GridSearch),molecular-splice-junction,isotonic,3,0.940417,0.196565,0.016544
SVC (GridSearch),molecular-splice-junction,venn_abers,3,0.941554,0.19667,0.01876
SVC (GridSearch),monks1,raw,2,0.999901,0.017892,0.029826
SVC (GridSearch),monks1,isotonic,2,0.982941,0.025258,0.012827
SVC (GridSearch),monks1,venn_abers,2,0.999807,0.021081,0.030353
SVC (GridSearch),monks3,raw,2,0.991351,0.055236,0.027544
SVC (GridSearch),monks3,isotonic,2,0.983242,0.060316,0.029092
SVC (GridSearch),monks3,venn_abers,2,0.989526,0.059828,0.041004
SVC (GridSearch),mushroom,raw,2,1.0,4e-06,0.000195
SVC (GridSearch),mushroom,isotonic,2,1.0,1e-06,9e-06
SVC (GridSearch),mushroom,venn_abers,2,1.0,0.000436,0.00263
SVC (GridSearch),mushroom-expanded,raw,2,1.0,5e-06,0.000274
SVC (GridSearch),mushroom-expanded,isotonic,2,1.0,0.0,4e-06
SVC (GridSearch),mushroom-expanded,venn_abers,2,1.0,0.000425,0.002541
SVC (GridSearch),nursery-4class,raw,4,0.999901,0.006432,0.004738
SVC (GridSearch),nursery-4class,isotonic,4,0.999593,0.006599,0.002027
SVC (GridSearch),nursery-4class,venn_abers,4,0.999905,0.006833,0.005309
SVC (GridSearch),optdigits,raw,10,0.998672,0.021929,0.019579
SVC (GridSearch),optdigits,isotonic,10,0.997516,0.022814,0.003377
SVC (GridSearch),optdigits,venn_abers,10,0.998551,0.023401,0.018259
SVC (GridSearch),ozone-eighthr,raw,2,0.493024,0.085381,0.015977
SVC (GridSearch),ozone-eighthr,isotonic,2,0.46137,0.086138,0.014604
SVC (GridSearch),ozone-eighthr,venn_abers,2,0.47595,0.086065,0.012689
SVC (GridSearch),ozone-onehr,raw,2,0.364623,0.04568,0.006875
SVC (GridSearch),ozone-onehr,isotonic,2,0.288864,0.047955,0.006263
SVC (GridSearch),ozone-onehr,venn_abers,2,0.346282,0.04681,0.011013
SVC (GridSearch),page-blocks,raw,5,0.983431,0.053981,0.012535
SVC (GridSearch),page-blocks,isotonic,5,0.982086,0.053704,0.006736
SVC (GridSearch),page-blocks,venn_abers,5,0.983232,0.053755,0.011523
SVC (GridSearch),parkinsons,raw,2,0.985778,0.134023,0.053535
SVC (GridSearch),parkinsons,isotonic,2,0.972098,0.161432,0.067772
SVC (GridSearch),parkinsons,venn_abers,2,0.984581,0.156366,0.073357
SVC (GridSearch),pendigits,raw,10,0.999316,0.007196,0.009814
SVC (GridSearch),pendigits,isotonic,10,0.998845,0.00741,0.002002
SVC (GridSearch),pendigits,venn_abers,10,0.99931,0.007969,0.010759
SVC (GridSearch),phoneme,raw,2,0.844902,0.190632,0.02342
SVC (GridSearch),phoneme,isotonic,2,0.830869,0.189164,0.010978
SVC (GridSearch),phoneme,venn_abers,2,0.836545,0.188837,0.01141
SVC (GridSearch),pima-indians-diabetes,raw,2,0.696916,0.324864,0.05063
SVC (GridSearch),pima-indians-diabetes,isotonic,2,0.681128,0.326905,0.059848
SVC (GridSearch),pima-indians-diabetes,venn_abers,2,0.68646,0.324978,0.046995
SVC (GridSearch),planning-relax,raw,2,0.404389,0.405808,0.085924
SVC (GridSearch),planning-relax,isotonic,2,0.336691,0.430155,0.074601
SVC (GridSearch),planning-relax,venn_abers,2,0.381489,0.419344,0.089726
SVC (GridSearch),qsar-biodegradation,raw,2,0.885871,0.190656,0.033965
SVC (GridSearch),qsar-biodegradation,isotonic,2,0.864018,0.18951,0.030707
SVC (GridSearch),qsar-biodegradation,venn_abers,2,0.873389,0.189986,0.028326
SVC (GridSearch),ringnorm,raw,2,0.997464,0.029865,0.003956
SVC (GridSearch),ringnorm,isotonic,2,0.996603,0.030523,0.005243
SVC (GridSearch),ringnorm,venn_abers,2,0.99726,0.030609,0.006099
SVC (GridSearch),robot-failure-lp1,raw,4,0.831061,0.372905,0.227691
SVC (GridSearch),robot-failure-lp1,isotonic,4,0.825435,0.386787,0.141067
SVC (GridSearch),robot-failure-lp1,venn_abers,4,0.855328,0.376651,0.139306
SVC (GridSearch),robot-failure-lp4,raw,3,0.918579,0.235625,0.125007
SVC (GridSearch),robot-failure-lp4,isotonic,3,0.89543,0.266663,0.133763
SVC (GridSearch),robot-failure-lp4,venn_abers,3,0.926115,0.250936,0.079532
SVC (GridSearch),robot-failure-lp5,raw,5,0.719587,0.479929,0.155001
SVC (GridSearch),robot-failure-lp5,isotonic,5,0.690699,0.448959,0.078602
SVC (GridSearch),robot-failure-lp5,venn_abers,5,0.728772,0.452554,0.107255
SVC (GridSearch),robot-nav-sensor-readings-24,raw,4,0.971724,0.119226,0.012557
SVC (GridSearch),robot-nav-sensor-readings-24,isotonic,4,0.970813,0.12008,0.009253
SVC (GridSearch),robot-nav-sensor-readings-24,venn_abers,4,0.971069,0.120272,0.012954
SVC (GridSearch),robot-nav-sensor-readings-2,raw,4,0.999767,0.017105,0.022237
SVC (GridSearch),robot-nav-sensor-readings-2,isotonic,4,0.999802,0.010997,0.003172
SVC (GridSearch),robot-nav-sensor-readings-2,venn_abers,4,0.999862,0.011142,0.010195
SVC (GridSearch),robot-nav-sensor-readings-4,raw,4,0.999728,0.020843,0.025306
SVC (GridSearch),robot-nav-sensor-readings-4,isotonic,4,0.999687,0.011936,0.004723
SVC (GridSearch),robot-nav-sensor-readings-4,venn_abers,4,0.999832,0.011593,0.009895
SVC (GridSearch),saheart,raw,2,0.663974,0.36067,0.072101
SVC (GridSearch),saheart,isotonic,2,0.60929,0.366722,0.056601
SVC (GridSearch),saheart,venn_abers,2,0.626832,0.363803,0.052357
SVC (GridSearch),seeds,raw,3,0.991793,0.084464,0.07047
SVC (GridSearch),seeds,isotonic,3,0.964627,0.076103,0.04865
SVC (GridSearch),seeds,venn_abers,3,0.990493,0.084522,0.078426
SVC (GridSearch),seismic-bumps,raw,2,0.972438,0.11478,0.012108
SVC (GridSearch),seismic-bumps,isotonic,2,0.969231,0.116176,0.016112
SVC (GridSearch),seismic-bumps,venn_abers,2,0.970562,0.116378,0.020043
SVC (GridSearch),semeion,raw,10,0.99246,0.069098,0.056876
SVC (GridSearch),semeion,isotonic,10,0.986327,0.066972,0.01572
SVC (GridSearch),semeion,venn_abers,10,0.991916,0.07129,0.051723
SVC (GridSearch),skin-segmentation,raw,2,0.999947,0.003316,0.002672
SVC (GridSearch),skin-segmentation,isotonic,2,0.999904,0.002743,0.001061
SVC (GridSearch),skin-segmentation,venn_abers,2,0.999938,0.002815,0.002429
SVC (GridSearch),spambase,raw,2,0.967914,0.098494,0.018276
SVC (GridSearch),spambase,isotonic,2,0.964348,0.098632,0.010784
SVC (GridSearch),spambase,venn_abers,2,0.965587,0.098479,0.010432
SVC (GridSearch),spectf-heart,raw,2,0.967262,0.192307,0.074153
SVC (GridSearch),spectf-heart,isotonic,2,0.948915,0.204452,0.065722
SVC (GridSearch),spectf-heart,venn_abers,2,0.960988,0.199548,0.077582
SVC (GridSearch),statlog-australian-credit,raw,2,0.917413,0.240834,0.047684
SVC (GridSearch),statlog-australian-credit,isotonic,2,0.810017,0.26365,0.076112
SVC (GridSearch),statlog-australian-credit,venn_abers,2,0.828853,0.261083,0.064586
SVC (GridSearch),statlog-german-credit,raw,2,0.618392,0.327542,0.036671
SVC (GridSearch),statlog-german-credit,isotonic,2,0.58808,0.330314,0.050904
SVC (GridSearch),statlog-german-credit,venn_abers,2,0.595723,0.330281,0.043487
SVC (GridSearch),statlog-heart,raw,2,0.908412,0.235512,0.059223
SVC (GridSearch),statlog-heart,isotonic,2,0.88163,0.24308,0.060912
SVC (GridSearch),statlog-heart,venn_abers,2,0.900225,0.244002,0.085786
SVC (GridSearch),statlog-image-segmentation,raw,7,0.991161,0.050749,0.023257
SVC (GridSearch),statlog-image-segmentation,isotonic,7,0.990302,0.049205,0.00902
SVC (GridSearch),statlog-image-segmentation,venn_abers,7,0.990771,0.0508,0.028963
SVC (GridSearch),statlog-landsat-satellite,raw,6,0.95642,0.122602,0.022045
SVC (GridSearch),statlog-landsat-satellite,isotonic,6,0.953866,0.126772,0.015869
SVC (GridSearch),statlog-landsat-satellite,venn_abers,6,0.956783,0.126349,0.023666
SVC (GridSearch),statlog-vehicle-silhouettes,raw,4,0.89869,0.217454,0.037331
SVC (GridSearch),statlog-vehicle-silhouettes,isotonic,4,0.882403,0.226961,0.027723
SVC (GridSearch),statlog-vehicle-silhouettes,venn_abers,4,0.897239,0.224963,0.047518
SVC (GridSearch),systhetic-control,raw,6,0.999676,0.015799,0.051541
SVC (GridSearch),systhetic-control,isotonic,6,0.994435,0.010235,0.006297
SVC (GridSearch),systhetic-control,venn_abers,6,0.999672,0.02396,0.069318
SVC (GridSearch),teaching-assistant-evaluation,raw,3,0.620046,0.596425,0.129024
SVC (GridSearch),teaching-assistant-evaluation,isotonic,3,0.602136,0.598299,0.130091
SVC (GridSearch),teaching-assistant-evaluation,venn_abers,3,0.602647,0.584431,0.121716
SVC (GridSearch),thoracic-surgery,raw,2,0.851516,0.253249,0.020319
SVC (GridSearch),thoracic-surgery,isotonic,2,0.856663,0.259283,0.043484
SVC (GridSearch),thoracic-surgery,venn_abers,2,0.859126,0.260122,0.067405
SVC (GridSearch),thyroid-allbp,raw,5,0.749011,0.410739,0.032521
SVC (GridSearch),thyroid-allbp,isotonic,5,0.748945,0.411338,0.037092
SVC (GridSearch),thyroid-allbp,venn_abers,5,0.748931,0.411647,0.0381
SVC (GridSearch),thyroid-ann,raw,3,0.988461,0.040524,0.017688
SVC (GridSearch),thyroid-ann,isotonic,3,0.988143,0.034139,0.010609
SVC (GridSearch),thyroid-ann,venn_abers,3,0.98882,0.034022,0.010579
SVC (GridSearch),thyroid-newthyroid,raw,3,0.994048,0.0665,0.066013
SVC (GridSearch),thyroid-newthyroid,isotonic,3,0.986107,0.070229,0.044663
SVC (GridSearch),thyroid-newthyroid,venn_abers,3,0.992129,0.074762,0.101365
SVC (GridSearch),thyroid-sick,raw,5,0.760827,0.402826,0.028845
SVC (GridSearch),thyroid-sick,isotonic,5,0.758783,0.404524,0.033908
SVC (GridSearch),thyroid-sick,venn_abers,5,0.758817,0.40462,0.030306
SVC (GridSearch),thyroid-sick-euthyroid,raw,2,0.809715,0.065642,0.016588
SVC (GridSearch),thyroid-sick-euthyroid,isotonic,2,0.791043,0.062214,0.009517
SVC (GridSearch),thyroid-sick-euthyroid,venn_abers,2,0.799444,0.062126,0.009718
SVC (GridSearch),user-knowledge,raw,5,0.955528,0.120242,0.056937
SVC (GridSearch),user-knowledge,isotonic,5,0.942366,0.121674,0.05911
SVC (GridSearch),user-knowledge,venn_abers,5,0.952635,0.122256,0.067382
SVC (GridSearch),vertebra-column-2c,raw,2,0.85085,0.211387,0.048189
SVC (GridSearch),vertebra-column-2c,isotonic,2,0.807465,0.217576,0.047935
SVC (GridSearch),vertebra-column-2c,venn_abers,2,0.838068,0.218023,0.057787
SVC (GridSearch),vertebra-column-3c,raw,3,0.920946,0.194537,0.057141
SVC (GridSearch),vertebra-column-3c,isotonic,3,0.908674,0.205748,0.06502
SVC (GridSearch),vertebra-column-3c,venn_abers,3,0.922638,0.204358,0.065178
SVC (GridSearch),volcanoes-a1,raw,5,0.932917,0.120534,0.024977
SVC (GridSearch),volcanoes-a1,isotonic,5,0.931664,0.121392,0.012274
SVC (GridSearch),volcanoes-a1,venn_abers,5,0.931309,0.121505,0.020231
SVC (GridSearch),volcanoes-a2,raw,5,0.916216,0.129107,0.027808
SVC (GridSearch),volcanoes-a2,isotonic,5,0.911466,0.131068,0.023594
SVC (GridSearch),volcanoes-a2,venn_abers,5,0.914227,0.132193,0.044058
SVC (GridSearch),volcanoes-a4,raw,5,0.911812,0.140018,0.021692
SVC (GridSearch),volcanoes-a4,isotonic,5,0.907933,0.14235,0.017492
SVC (GridSearch),volcanoes-a4,venn_abers,5,0.908498,0.142482,0.0312
SVC (GridSearch),volcanoes-b1,raw,5,0.965091,0.056192,0.004672
SVC (GridSearch),volcanoes-b1,isotonic,5,0.964321,0.056391,0.003781
SVC (GridSearch),volcanoes-b1,venn_abers,5,0.964438,0.056637,0.007175
SVC (GridSearch),volcanoes-b2,raw,5,0.966051,0.053231,0.003169
SVC (GridSearch),volcanoes-b2,isotonic,5,0.965927,0.053476,0.005075
SVC (GridSearch),volcanoes-b2,venn_abers,5,0.966543,0.053728,0.008566
SVC (GridSearch),volcanoes-c1,raw,5,0.97588,0.04053,0.002904
SVC (GridSearch),volcanoes-c1,isotonic,5,0.975767,0.041096,0.003662
SVC (GridSearch),volcanoes-c1,venn_abers,5,0.976183,0.04122,0.006561
SVC (GridSearch),volcanoes-d1,raw,5,0.932581,0.098026,0.006987
SVC (GridSearch),volcanoes-d1,isotonic,5,0.932672,0.098192,0.006141
SVC (GridSearch),volcanoes-d1,venn_abers,5,0.933333,0.09849,0.009559
SVC (GridSearch),volcanoes-d2,raw,5,0.936618,0.095022,0.006428
SVC (GridSearch),volcanoes-d2,isotonic,5,0.936051,0.095093,0.006776
SVC (GridSearch),volcanoes-d2,venn_abers,5,0.93696,0.09549,0.010034
SVC (GridSearch),waveform-v1,raw,3,0.943073,0.190199,0.019581
SVC (GridSearch),waveform-v1,isotonic,3,0.939925,0.191132,0.017194
SVC (GridSearch),waveform-v1,venn_abers,3,0.941875,0.190929,0.013124
SVC (GridSearch),wdbc,raw,2,0.985633,0.053542,0.022506
SVC (GridSearch),wdbc,isotonic,2,0.97622,0.055589,0.016633
SVC (GridSearch),wdbc,venn_abers,2,0.98543,0.055995,0.028799
SVC (GridSearch),wholesale-channel,raw,2,0.928698,0.139705,0.046813
SVC (GridSearch),wholesale-channel,isotonic,2,0.904805,0.146427,0.043034
SVC (GridSearch),wholesale-channel,venn_abers,2,0.918523,0.143488,0.043063
SVC (GridSearch),wholesale-region,raw,3,0.573472,0.44513,0.060388
SVC (GridSearch),wholesale-region,isotonic,3,0.54861,0.450688,0.069565
SVC (GridSearch),wholesale-region,venn_abers,3,0.552218,0.458757,0.073088
SVC (GridSearch),wilt,raw,2,0.949729,0.018583,0.005365
SVC (GridSearch),wilt,isotonic,2,0.932077,0.017985,0.003878
SVC (GridSearch),wilt,venn_abers,2,0.945531,0.018172,0.0059
SVC (GridSearch),wine-quality-5class,raw,5,0.584449,0.541611,0.018478
SVC (GridSearch),wine-quality-5class,isotonic,5,0.58751,0.54029,0.018172
SVC (GridSearch),wine-quality-5class,venn_abers,5,0.587754,0.539926,0.014299
SVC (GridSearch),yeast-4class,raw,4,0.67575,0.483962,0.030839
SVC (GridSearch),yeast-4class,isotonic,4,0.664554,0.492908,0.040182
SVC (GridSearch),yeast-4class,venn_abers,4,0.667832,0.492148,0.034785
TabFM (zero-shot),abalone-3class,raw,3,0.740945,0.416558,0.022445
TabFM (zero-shot),abalone-3class,isotonic,3,0.736623,0.418698,0.02069
TabFM (zero-shot),abalone-3class,venn_abers,3,0.738226,0.418663,0.021046
TabFM (zero-shot),abalone-7class,raw,7,0.352349,0.735985,0.036546
TabFM (zero-shot),abalone-7class,isotonic,7,0.346585,0.740347,0.027351
TabFM (zero-shot),abalone-7class,venn_abers,7,0.348502,0.739328,0.016591
TabFM (zero-shot),appendicitis,raw,2,0.722049,0.197129,0.116284
TabFM (zero-shot),appendicitis,isotonic,2,0.7043,0.18867,0.095985
TabFM (zero-shot),appendicitis,venn_abers,2,0.713543,0.194911,0.100132
TabFM (zero-shot),artificial-characters,raw,10,0.994114,0.050937,0.010219
TabFM (zero-shot),artificial-characters,isotonic,10,0.990995,0.051403,0.008099
TabFM (zero-shot),artificial-characters,venn_abers,10,0.993881,0.05151,0.012091
TabFM (zero-shot),autoUniv-au1-1000,raw,2,0.844286,0.311306,0.06565
TabFM (zero-shot),autoUniv-au1-1000,isotonic,2,0.842892,0.317675,0.039837
TabFM (zero-shot),autoUniv-au1-1000,venn_abers,2,0.840004,0.31568,0.04071
TabFM (zero-shot),autoUniv-au4-2500,raw,3,0.769566,0.369191,0.033152
TabFM (zero-shot),autoUniv-au4-2500,isotonic,3,0.76357,0.372455,0.026711
TabFM (zero-shot),autoUniv-au4-2500,venn_abers,3,0.766014,0.373418,0.022597
TabFM (zero-shot),autoUniv-au6-1000,raw,8,0.312119,0.787262,0.043563
TabFM (zero-shot),autoUniv-au6-1000,isotonic,8,0.298851,0.79383,0.052564
TabFM (zero-shot),autoUniv-au6-1000,venn_abers,8,0.307311,0.792682,0.044768
TabFM (zero-shot),autoUniv-au6-250-drift-au6-cd1-500,raw,8,0.302404,0.793208,0.044089
TabFM (zero-shot),autoUniv-au6-250-drift-au6-cd1-500,isotonic,8,0.297735,0.798773,0.038131
TabFM (zero-shot),autoUniv-au6-250-drift-au6-cd1-500,venn_abers,8,0.302775,0.797479,0.054544
TabFM (zero-shot),autoUniv-au6-cd1-400,raw,8,0.402956,0.726399,0.059166
TabFM (zero-shot),autoUniv-au6-cd1-400,isotonic,8,0.394102,0.734986,0.077962
TabFM (zero-shot),autoUniv-au6-cd1-400,venn_abers,8,0.397561,0.73832,0.06606
TabFM (zero-shot),autoUniv-au7-300-drift-au7-cpd1-800,raw,5,0.476456,0.645056,0.028901
TabFM (zero-shot),autoUniv-au7-300-drift-au7-cpd1-800,isotonic,5,0.476713,0.650821,0.047709
TabFM (zero-shot),autoUniv-au7-300-drift-au7-cpd1-800,venn_abers,5,0.479665,0.648335,0.034969
TabFM (zero-shot),autoUniv-au7-700,raw,3,0.600631,0.517823,0.05748
TabFM (zero-shot),autoUniv-au7-700,isotonic,3,0.589447,0.518693,0.055111
TabFM (zero-shot),autoUniv-au7-700,venn_abers,3,0.599155,0.517233,0.046518
TabFM (zero-shot),autoUniv-au7-cpd1-500,raw,5,0.582318,0.567963,0.053344
TabFM (zero-shot),autoUniv-au7-cpd1-500,isotonic,5,0.579163,0.576909,0.086986
TabFM (zero-shot),autoUniv-au7-cpd1-500,venn_abers,5,0.574739,0.573771,0.079082
TabFM (zero-shot),balance-scale,raw,3,0.996939,0.014924,0.01004
TabFM (zero-shot),balance-scale,isotonic,3,0.993565,0.014081,0.011342
TabFM (zero-shot),balance-scale,venn_abers,3,0.997003,0.017986,0.031208
TabFM (zero-shot),banana,raw,2,0.969948,0.131112,0.014455
TabFM (zero-shot),banana,isotonic,2,0.965225,0.13146,0.010744
TabFM (zero-shot),banana,venn_abers,2,0.967293,0.131439,0.011301
TabFM (zero-shot),bank-marketing,raw,2,0.604989,0.125752,0.013687
TabFM (zero-shot),bank-marketing,isotonic,2,0.573719,0.128594,0.016971
TabFM (zero-shot),bank-marketing,venn_abers,2,0.582463,0.128493,0.017739
TabFM (zero-shot),bank-marketing-full,raw,2,0.640237,0.116192,0.009381
TabFM (zero-shot),bank-marketing-full,isotonic,2,0.617803,0.116517,0.006843
TabFM (zero-shot),bank-marketing-full,venn_abers,2,0.624249,0.116363,0.008942
TabFM (zero-shot),blogger,raw,2,0.902826,0.307081,0.158424
TabFM (zero-shot),blogger,isotonic,2,0.887538,0.314748,0.165315
TabFM (zero-shot),blogger,venn_abers,2,0.893013,0.309511,0.150563
TabFM (zero-shot),blood-transfusion-service,raw,2,0.528859,0.298938,0.04455
TabFM (zero-shot),blood-transfusion-service,isotonic,2,0.483739,0.3058,0.052692
TabFM (zero-shot),blood-transfusion-service,venn_abers,2,0.494772,0.303341,0.059071
TabFM (zero-shot),breast-cancer-wisconsin,raw,2,0.988625,0.04838,0.017815
TabFM (zero-shot),breast-cancer-wisconsin,isotonic,2,0.979939,0.046599,0.022862
TabFM (zero-shot),breast-cancer-wisconsin,venn_abers,2,0.987311,0.048506,0.02972
TabFM (zero-shot),bupa,raw,2,0.836063,0.343486,0.073653
TabFM (zero-shot),bupa,isotonic,2,0.7997,0.368679,0.087934
TabFM (zero-shot),bupa,venn_abers,2,0.809232,0.365261,0.090116
TabFM (zero-shot),cardiotocography-3class,raw,3,0.998183,0.015804,0.005229
TabFM (zero-shot),cardiotocography-3class,isotonic,3,0.995374,0.016532,0.004405
TabFM (zero-shot),cardiotocography-3class,venn_abers,3,0.998183,0.017201,0.013872
TabFM (zero-shot),car-evaluation,raw,4,1.0,1e-06,8.2e-05
TabFM (zero-shot),car-evaluation,isotonic,4,1.0,1e-06,3.8e-05
TabFM (zero-shot),car-evaluation,venn_abers,4,0.999975,0.005616,0.017607
TabFM (zero-shot),climate-simulation-craches,raw,2,0.985097,0.124977,0.030578
TabFM (zero-shot),climate-simulation-craches,isotonic,2,0.9776,0.12642,0.033577
TabFM (zero-shot),climate-simulation-craches,venn_abers,2,0.983953,0.127746,0.028558
TabFM (zero-shot),colon32,raw,2,0.889831,0.25117,0.126875
TabFM (zero-shot),colon32,isotonic,2,0.788988,0.284263,0.146731
TabFM (zero-shot),colon32,venn_abers,2,0.854201,0.285917,0.153052
TabFM (zero-shot),connectionist-mines-vs-rocks,raw,2,0.981414,0.136403,0.037057
TabFM (zero-shot),connectionist-mines-vs-rocks,isotonic,2,0.962364,0.139927,0.05652
TabFM (zero-shot),connectionist-mines-vs-rocks,venn_abers,2,0.97647,0.141242,0.087383
TabFM (zero-shot),contraceptive-method-choice,raw,3,0.618029,0.533161,0.028214
TabFM (zero-shot),contraceptive-method-choice,isotonic,3,0.606486,0.539199,0.039548
TabFM (zero-shot),contraceptive-method-choice,venn_abers,3,0.608088,0.538935,0.038989
TabFM (zero-shot),dermatology,raw,6,0.995353,0.029451,0.019919
TabFM (zero-shot),dermatology,isotonic,6,0.986265,0.030194,0.019441
TabFM (zero-shot),dermatology,venn_abers,6,0.994726,0.04878,0.088143
TabFM (zero-shot),eeg-eye-state,raw,2,0.999799,0.008983,0.003295
TabFM (zero-shot),eeg-eye-state,isotonic,2,0.99939,0.009269,0.001383
TabFM (zero-shot),eeg-eye-state,venn_abers,2,0.999779,0.009234,0.003479
TabFM (zero-shot),flare,raw,6,0.748292,0.320326,0.025411
TabFM (zero-shot),flare,isotonic,6,0.749775,0.321797,0.034259
TabFM (zero-shot),flare,venn_abers,6,0.748849,0.323915,0.034946
TabFM (zero-shot),glioma16,raw,2,0.893235,0.291466,0.171194
TabFM (zero-shot),glioma16,isotonic,2,0.869468,0.345793,0.191815
TabFM (zero-shot),glioma16,venn_abers,2,0.875703,0.343823,0.137724
TabFM (zero-shot),habermans-survival,raw,2,0.457022,0.367074,0.095108
TabFM (zero-shot),habermans-survival,isotonic,2,0.411675,0.375769,0.079756
TabFM (zero-shot),habermans-survival,venn_abers,2,0.417665,0.369087,0.08268
TabFM (zero-shot),hayes-roth,raw,3,0.93378,0.209642,0.114963
TabFM (zero-shot),hayes-roth,isotonic,3,0.930485,0.20991,0.107489
TabFM (zero-shot),hayes-roth,venn_abers,3,0.942255,0.221709,0.113775
TabFM (zero-shot),heart-disease-processed-hungarian,raw,2,0.851128,0.247688,0.058506
TabFM (zero-shot),heart-disease-processed-hungarian,isotonic,2,0.815783,0.26012,0.066311
TabFM (zero-shot),heart-disease-processed-hungarian,venn_abers,2,0.823352,0.259664,0.069131
TabFM (zero-shot),hepatitis,raw,2,0.96063,0.235589,0.060206
TabFM (zero-shot),hepatitis,isotonic,2,0.935934,0.26432,0.107779
TabFM (zero-shot),hepatitis,venn_abers,2,0.953842,0.254101,0.111521
TabFM (zero-shot),hill-valley-with-noise,raw,2,0.966526,0.15383,0.029971
TabFM (zero-shot),hill-valley-with-noise,isotonic,2,0.956509,0.152987,0.01721
TabFM (zero-shot),hill-valley-with-noise,venn_abers,2,0.961572,0.151973,0.020544
TabFM (zero-shot),hill-valley-without-noise,raw,2,0.975272,0.133393,0.026454
TabFM (zero-shot),hill-valley-without-noise,isotonic,2,0.967809,0.131786,0.03245
TabFM (zero-shot),hill-valley-without-noise,venn_abers,2,0.971741,0.131652,0.033857
TabFM (zero-shot),indian-liver-patient,raw,2,0.591976,0.321567,0.052418
TabFM (zero-shot),indian-liver-patient,isotonic,2,0.539912,0.328813,0.034204
TabFM (zero-shot),indian-liver-patient,venn_abers,2,0.554316,0.326766,0.030695
TabFM (zero-shot),ionosphere,raw,2,0.987024,0.081079,0.040674
TabFM (zero-shot),ionosphere,isotonic,2,0.977118,0.087913,0.040466
TabFM (zero-shot),ionosphere,venn_abers,2,0.982354,0.087177,0.057316
TabFM (zero-shot),iris,raw,3,0.991335,0.078738,0.05223
TabFM (zero-shot),iris,isotonic,3,0.989703,0.061152,0.038159
TabFM (zero-shot),iris,venn_abers,3,0.989986,0.083851,0.112495
TabFM (zero-shot),led7digit,raw,10,0.76191,0.383484,0.066884
TabFM (zero-shot),led7digit,isotonic,10,0.759748,0.393565,0.066487
TabFM (zero-shot),led7digit,venn_abers,10,0.770523,0.399652,0.098729
TabFM (zero-shot),leukemia-haslinger,raw,2,0.918983,0.221019,0.07893
TabFM (zero-shot),leukemia-haslinger,isotonic,2,0.882911,0.243068,0.142868
TabFM (zero-shot),leukemia-haslinger,venn_abers,2,0.912741,0.235768,0.109854
TabFM (zero-shot),lsvt-voice-rehabilitation,raw,2,0.959797,0.164757,0.120308
TabFM (zero-shot),lsvt-voice-rehabilitation,isotonic,2,0.941075,0.165427,0.072339
TabFM (zero-shot),lsvt-voice-rehabilitation,venn_abers,2,0.948227,0.162991,0.079757
TabFM (zero-shot),magic,raw,2,0.941872,0.139611,0.013418
TabFM (zero-shot),magic,isotonic,2,0.937018,0.140256,0.008451
TabFM (zero-shot),magic,venn_abers,2,0.938761,0.140313,0.010613
TabFM (zero-shot),mammographic-mass,raw,2,0.885204,0.238597,0.040164
TabFM (zero-shot),mammographic-mass,isotonic,2,0.872175,0.246339,0.031623
TabFM (zero-shot),mammographic-mass,venn_abers,2,0.876782,0.244647,0.027151
TabFM (zero-shot),mfeat-fourier,raw,10,0.957576,0.126022,0.022646
TabFM (zero-shot),mfeat-fourier,isotonic,10,0.949733,0.128852,0.015515
TabFM (zero-shot),mfeat-fourier,venn_abers,10,0.957075,0.130412,0.034515
TabFM (zero-shot),molecular-promotor-gene,raw,2,0.98406,0.134053,0.09889
TabFM (zero-shot),molecular-promotor-gene,isotonic,2,0.957725,0.137309,0.056525
TabFM (zero-shot),molecular-promotor-gene,venn_abers,2,0.966602,0.133891,0.094084
TabFM (zero-shot),molecular-splice-junction,raw,3,0.992106,0.046259,0.010861
TabFM (zero-shot),molecular-splice-junction,isotonic,3,0.991755,0.047553,0.007741
TabFM (zero-shot),molecular-splice-junction,venn_abers,3,0.992135,0.047757,0.011182
TabFM (zero-shot),monks1,raw,2,1.0,0.0,0.0
TabFM (zero-shot),monks1,isotonic,2,1.0,0.0,0.0
TabFM (zero-shot),monks1,venn_abers,2,1.0,0.002914,0.017368
TabFM (zero-shot),monks3,raw,2,0.97947,0.022121,0.014565
TabFM (zero-shot),monks3,isotonic,2,0.979489,0.021723,0.015657
TabFM (zero-shot),monks3,venn_abers,2,0.978711,0.029873,0.021361
TabFM (zero-shot),mushroom,raw,2,1.0,0.0,1e-06
TabFM (zero-shot),mushroom,isotonic,2,1.0,0.0,0.0
TabFM (zero-shot),mushroom,venn_abers,2,1.0,0.000418,0.002104
TabFM (zero-shot),mushroom-expanded,raw,2,1.0,0.0,1e-06
TabFM (zero-shot),mushroom-expanded,isotonic,2,1.0,0.0,1e-06
TabFM (zero-shot),mushroom-expanded,venn_abers,2,1.0,0.000824,0.001816
TabFM (zero-shot),nursery-4class,raw,4,1.0,7.6e-05,0.000275
TabFM (zero-shot),nursery-4class,isotonic,4,1.0,1e-06,1.4e-05
TabFM (zero-shot),nursery-4class,venn_abers,4,1.0,0.000649,0.004171
TabFM (zero-shot),optdigits,raw,10,0.999954,0.005189,0.001404
TabFM (zero-shot),optdigits,isotonic,10,0.997829,0.007093,0.003698
TabFM (zero-shot),optdigits,venn_abers,10,0.999941,0.008087,0.01533
TabFM (zero-shot),ozone-eighthr,raw,2,0.570671,0.079097,0.015455
TabFM (zero-shot),ozone-eighthr,isotonic,2,0.519201,0.080209,0.010357
TabFM (zero-shot),ozone-eighthr,venn_abers,2,0.547705,0.080081,0.014273
TabFM (zero-shot),ozone-onehr,raw,2,0.319822,0.047761,0.010774
TabFM (zero-shot),ozone-onehr,isotonic,2,0.278103,0.048176,0.00832
TabFM (zero-shot),ozone-onehr,venn_abers,2,0.30798,0.047761,0.011361
TabFM (zero-shot),page-blocks,raw,5,0.991254,0.035912,0.005463
TabFM (zero-shot),page-blocks,isotonic,5,0.990648,0.037286,0.004681
TabFM (zero-shot),page-blocks,venn_abers,5,0.991358,0.037189,0.010766
TabFM (zero-shot),parkinsons,raw,2,0.996866,0.038406,0.019031
TabFM (zero-shot),parkinsons,isotonic,2,0.993065,0.036432,0.019394
TabFM (zero-shot),parkinsons,venn_abers,2,0.996712,0.041431,0.043447
TabFM (zero-shot),pendigits,raw,10,0.99947,0.003214,0.001303
TabFM (zero-shot),pendigits,isotonic,10,0.998811,0.003506,0.001632
TabFM (zero-shot),pendigits,venn_abers,10,0.999597,0.004305,0.009758
TabFM (zero-shot),phoneme,raw,2,0.963158,0.092929,0.007325
TabFM (zero-shot),phoneme,isotonic,2,0.957343,0.094605,0.012555
TabFM (zero-shot),phoneme,venn_abers,2,0.960584,0.094686,0.014365
TabFM (zero-shot),pima-indians-diabetes,raw,2,0.719501,0.310541,0.046929
TabFM (zero-shot),pima-indians-diabetes,isotonic,2,0.702808,0.311115,0.029562
TabFM (zero-shot),pima-indians-diabetes,venn_abers,2,0.705464,0.309454,0.025003
TabFM (zero-shot),planning-relax,raw,2,0.315138,0.400301,0.145585
TabFM (zero-shot),planning-relax,isotonic,2,0.342862,0.390759,0.02816
TabFM (zero-shot),planning-relax,venn_abers,2,0.344586,0.39972,0.039162
TabFM (zero-shot),qsar-biodegradation,raw,2,0.910493,0.174199,0.030308
TabFM (zero-shot),qsar-biodegradation,isotonic,2,0.892528,0.18147,0.034429
TabFM (zero-shot),qsar-biodegradation,venn_abers,2,0.902743,0.180745,0.04067
TabFM (zero-shot),ringnorm,raw,2,0.997435,0.030825,0.002936
TabFM (zero-shot),ringnorm,isotonic,2,0.996325,0.030758,0.003621
TabFM (zero-shot),ringnorm,venn_abers,2,0.997001,0.030736,0.00626
TabFM (zero-shot),robot-failure-lp1,raw,4,0.972109,0.09099,0.077638
TabFM (zero-shot),robot-failure-lp1,isotonic,4,0.962247,0.074441,0.035789
TabFM (zero-shot),robot-failure-lp1,venn_abers,4,0.972236,0.127748,0.164671
TabFM (zero-shot),robot-failure-lp4,raw,3,0.989476,0.088228,0.065838
TabFM (zero-shot),robot-failure-lp4,isotonic,3,0.975852,0.07709,0.042976
TabFM (zero-shot),robot-failure-lp4,venn_abers,3,0.985572,0.108373,0.121744
TabFM (zero-shot),robot-failure-lp5,raw,5,0.814745,0.327774,0.085912
TabFM (zero-shot),robot-failure-lp5,isotonic,5,0.80493,0.3528,0.112393
TabFM (zero-shot),robot-failure-lp5,venn_abers,5,0.82177,0.351421,0.104418
TabFM (zero-shot),robot-nav-sensor-readings-24,raw,4,0.999906,0.006783,0.002304
TabFM (zero-shot),robot-nav-sensor-readings-24,isotonic,4,0.999009,0.007942,0.002301
TabFM (zero-shot),robot-nav-sensor-readings-24,venn_abers,4,0.999898,0.007844,0.006594
TabFM (zero-shot),robot-nav-sensor-readings-2,raw,4,1.0,0.000274,0.000634
TabFM (zero-shot),robot-nav-sensor-readings-2,isotonic,4,1.0,0.000236,0.000336
TabFM (zero-shot),robot-nav-sensor-readings-2,venn_abers,4,1.0,0.001514,0.007033
TabFM (zero-shot),robot-nav-sensor-readings-4,raw,4,1.0,0.000365,0.000848
TabFM (zero-shot),robot-nav-sensor-readings-4,isotonic,4,1.0,0.000423,0.000424
TabFM (zero-shot),robot-nav-sensor-readings-4,venn_abers,4,1.0,0.001481,0.00694
TabFM (zero-shot),saheart,raw,2,0.634078,0.366939,0.059507
TabFM (zero-shot),saheart,isotonic,2,0.586494,0.384455,0.064496
TabFM (zero-shot),saheart,venn_abers,2,0.604607,0.380595,0.074292
TabFM (zero-shot),seeds,raw,3,0.995084,0.061498,0.031895
TabFM (zero-shot),seeds,isotonic,3,0.960132,0.083215,0.044407
TabFM (zero-shot),seeds,venn_abers,3,0.993781,0.082085,0.068304
TabFM (zero-shot),seismic-bumps,raw,2,0.980435,0.111673,0.018809
TabFM (zero-shot),seismic-bumps,isotonic,2,0.976506,0.111396,0.011638
TabFM (zero-shot),seismic-bumps,venn_abers,2,0.978032,0.111165,0.012043
TabFM (zero-shot),semeion,raw,10,0.997342,0.034157,0.009132
TabFM (zero-shot),semeion,isotonic,10,0.987773,0.039611,0.01138
TabFM (zero-shot),semeion,venn_abers,10,0.99723,0.042665,0.044756
TabFM (zero-shot),skin-segmentation,raw,2,0.999999,0.001191,0.000865
TabFM (zero-shot),skin-segmentation,isotonic,2,0.999846,0.00145,0.000877
TabFM (zero-shot),skin-segmentation,venn_abers,2,0.999999,0.001536,0.002299
TabFM (zero-shot),spambase,raw,2,0.990275,0.050082,0.008707
TabFM (zero-shot),spambase,isotonic,2,0.988108,0.051064,0.009485
TabFM (zero-shot),spambase,venn_abers,2,0.989212,0.051123,0.010796
TabFM (zero-shot),spectf-heart,raw,2,0.983768,0.155229,0.068663
TabFM (zero-shot),spectf-heart,isotonic,2,0.973394,0.136138,0.051661
TabFM (zero-shot),spectf-heart,venn_abers,2,0.980361,0.139623,0.054891
TabFM (zero-shot),statlog-australian-credit,raw,2,0.924527,0.187793,0.027922
TabFM (zero-shot),statlog-australian-credit,isotonic,2,0.90244,0.195925,0.043257
TabFM (zero-shot),statlog-australian-credit,venn_abers,2,0.91566,0.19513,0.0358
TabFM (zero-shot),statlog-german-credit,raw,2,0.671847,0.31088,0.038999
TabFM (zero-shot),statlog-german-credit,isotonic,2,0.620658,0.31721,0.041799
TabFM (zero-shot),statlog-german-credit,venn_abers,2,0.637069,0.316143,0.034948
TabFM (zero-shot),statlog-heart,raw,2,0.904237,0.241717,0.053958
TabFM (zero-shot),statlog-heart,isotonic,2,0.872908,0.271277,0.103087
TabFM (zero-shot),statlog-heart,venn_abers,2,0.883525,0.266433,0.071759
TabFM (zero-shot),statlog-image-segmentation,raw,7,0.9994,0.012206,0.005527
TabFM (zero-shot),statlog-image-segmentation,isotonic,7,0.997454,0.014014,0.006455
TabFM (zero-shot),statlog-image-segmentation,venn_abers,7,0.999395,0.014964,0.023793
TabFM (zero-shot),statlog-landsat-satellite,raw,6,0.978777,0.091775,0.011198
TabFM (zero-shot),statlog-landsat-satellite,isotonic,6,0.976002,0.096039,0.020005
TabFM (zero-shot),statlog-landsat-satellite,venn_abers,6,0.977529,0.095852,0.023547
TabFM (zero-shot),statlog-vehicle-silhouettes,raw,4,0.967041,0.109405,0.021854
TabFM (zero-shot),statlog-vehicle-silhouettes,isotonic,4,0.957947,0.112291,0.02114
TabFM (zero-shot),statlog-vehicle-silhouettes,venn_abers,4,0.967492,0.115061,0.054089
TabFM (zero-shot),systhetic-control,raw,6,1.0,0.000351,0.000941
TabFM (zero-shot),systhetic-control,isotonic,6,1.0,0.000349,0.000832
TabFM (zero-shot),systhetic-control,venn_abers,6,1.0,0.01844,0.062898
TabFM (zero-shot),teaching-assistant-evaluation,raw,3,0.752631,0.462213,0.145443
TabFM (zero-shot),teaching-assistant-evaluation,isotonic,3,0.729454,0.463528,0.121634
TabFM (zero-shot),teaching-assistant-evaluation,venn_abers,3,0.733675,0.462494,0.124891
TabFM (zero-shot),thoracic-surgery,raw,2,0.913208,0.25749,0.048201
TabFM (zero-shot),thoracic-surgery,isotonic,2,0.896659,0.249794,0.054843
TabFM (zero-shot),thoracic-surgery,venn_abers,2,0.903475,0.257783,0.057473
TabFM (zero-shot),thyroid-allbp,raw,5,0.781933,0.38327,0.030371
TabFM (zero-shot),thyroid-allbp,isotonic,5,0.780192,0.384977,0.023657
TabFM (zero-shot),thyroid-allbp,venn_abers,5,0.781291,0.384768,0.035243
TabFM (zero-shot),thyroid-ann,raw,3,0.999808,0.004457,0.003307
TabFM (zero-shot),thyroid-ann,isotonic,3,0.999057,0.004443,0.001342
TabFM (zero-shot),thyroid-ann,venn_abers,3,0.999811,0.005149,0.00703
TabFM (zero-shot),thyroid-newthyroid,raw,3,0.995741,0.039098,0.025711
TabFM (zero-shot),thyroid-newthyroid,isotonic,3,0.971675,0.050254,0.034819
TabFM (zero-shot),thyroid-newthyroid,venn_abers,3,0.995741,0.056195,0.086136
TabFM (zero-shot),thyroid-sick,raw,5,0.77884,0.386447,0.035406
TabFM (zero-shot),thyroid-sick,isotonic,5,0.777425,0.387187,0.026279
TabFM (zero-shot),thyroid-sick,venn_abers,5,0.778313,0.38744,0.028304
TabFM (zero-shot),thyroid-sick-euthyroid,raw,2,0.928864,0.033885,0.006504
TabFM (zero-shot),thyroid-sick-euthyroid,isotonic,2,0.903172,0.035906,0.007282
TabFM (zero-shot),thyroid-sick-euthyroid,venn_abers,2,0.92079,0.035953,0.008219
TabFM (zero-shot),user-knowledge,raw,5,0.974878,0.095008,0.043969
TabFM (zero-shot),user-knowledge,isotonic,5,0.95122,0.109551,0.049391
TabFM (zero-shot),user-knowledge,venn_abers,5,0.974834,0.114482,0.07541
TabFM (zero-shot),vertebra-column-2c,raw,2,0.899938,0.183947,0.036633
TabFM (zero-shot),vertebra-column-2c,isotonic,2,0.879172,0.196006,0.066459
TabFM (zero-shot),vertebra-column-2c,venn_abers,2,0.890809,0.192372,0.044784
TabFM (zero-shot),vertebra-column-3c,raw,3,0.91823,0.191775,0.04988
TabFM (zero-shot),vertebra-column-3c,isotonic,3,0.887184,0.19514,0.052615
TabFM (zero-shot),vertebra-column-3c,venn_abers,3,0.915137,0.198502,0.057655
TabFM (zero-shot),volcanoes-a1,raw,5,0.993836,0.028057,0.004994
TabFM (zero-shot),volcanoes-a1,isotonic,5,0.989907,0.029921,0.007407
TabFM (zero-shot),volcanoes-a1,venn_abers,5,0.992875,0.029738,0.013878
TabFM (zero-shot),volcanoes-a2,raw,5,0.9241,0.124984,0.017789
TabFM (zero-shot),volcanoes-a2,isotonic,5,0.923163,0.126147,0.017118
TabFM (zero-shot),volcanoes-a2,venn_abers,5,0.925202,0.12642,0.028779
TabFM (zero-shot),volcanoes-a4,raw,5,0.916088,0.137474,0.023439
TabFM (zero-shot),volcanoes-a4,isotonic,5,0.911559,0.13904,0.017327
TabFM (zero-shot),volcanoes-a4,venn_abers,5,0.911643,0.139337,0.029966
TabFM (zero-shot),volcanoes-b1,raw,5,0.964391,0.056188,0.009325
TabFM (zero-shot),volcanoes-b1,isotonic,5,0.963254,0.056333,0.00299
TabFM (zero-shot),volcanoes-b1,venn_abers,5,0.964278,0.056501,0.006004
TabFM (zero-shot),volcanoes-b2,raw,5,0.966317,0.053145,0.00959
TabFM (zero-shot),volcanoes-b2,isotonic,5,0.966001,0.053963,0.006441
TabFM (zero-shot),volcanoes-b2,venn_abers,5,0.966708,0.054324,0.00796
TabFM (zero-shot),volcanoes-c1,raw,5,0.976834,0.040672,0.007256
TabFM (zero-shot),volcanoes-c1,isotonic,5,0.975401,0.041319,0.005127
TabFM (zero-shot),volcanoes-c1,venn_abers,5,0.976129,0.041502,0.007597
TabFM (zero-shot),volcanoes-d1,raw,5,0.933934,0.097856,0.016088
TabFM (zero-shot),volcanoes-d1,isotonic,5,0.932816,0.098511,0.005846
TabFM (zero-shot),volcanoes-d1,venn_abers,5,0.932976,0.099531,0.010845
TabFM (zero-shot),volcanoes-d2,raw,5,0.937696,0.094871,0.01451
TabFM (zero-shot),volcanoes-d2,isotonic,5,0.936102,0.094943,0.004308
TabFM (zero-shot),volcanoes-d2,venn_abers,5,0.93685,0.095373,0.008583
TabFM (zero-shot),waveform-v1,raw,3,0.95307,0.179606,0.01559
TabFM (zero-shot),waveform-v1,isotonic,3,0.950052,0.181054,0.01229
TabFM (zero-shot),waveform-v1,venn_abers,3,0.952718,0.18094,0.012598
TabFM (zero-shot),wdbc,raw,2,0.995871,0.032469,0.018683
TabFM (zero-shot),wdbc,isotonic,2,0.992578,0.043534,0.020759
TabFM (zero-shot),wdbc,venn_abers,2,0.995084,0.039687,0.036054
TabFM (zero-shot),wholesale-channel,raw,2,0.938799,0.119677,0.045872
TabFM (zero-shot),wholesale-channel,isotonic,2,0.918511,0.116732,0.036952
TabFM (zero-shot),wholesale-channel,venn_abers,2,0.935558,0.120734,0.04
TabFM (zero-shot),wholesale-region,raw,3,0.572549,0.443994,0.051644
TabFM (zero-shot),wholesale-region,isotonic,3,0.574885,0.47155,0.070412
TabFM (zero-shot),wholesale-region,venn_abers,3,0.584097,0.462726,0.060274
TabFM (zero-shot),wilt,raw,2,0.959763,0.016479,0.003563
TabFM (zero-shot),wilt,isotonic,2,0.944308,0.017701,0.0049
TabFM (zero-shot),wilt,venn_abers,2,0.955256,0.017464,0.005244
TabFM (zero-shot),wine-quality-5class,raw,5,0.788152,0.397529,0.03067
TabFM (zero-shot),wine-quality-5class,isotonic,5,0.785837,0.398295,0.024783
TabFM (zero-shot),wine-quality-5class,venn_abers,5,0.786291,0.398118,0.019928
TabFM (zero-shot),yeast-4class,raw,4,0.710936,0.460124,0.032955
TabFM (zero-shot),yeast-4class,isotonic,4,0.704691,0.465155,0.031791
TabFM (zero-shot),yeast-4class,venn_abers,4,0.707441,0.464707,0.03329
TabICL (GridSearch),abalone-3class,raw,3,0.738919,0.418632,0.018749
TabICL (GridSearch),abalone-3class,isotonic,3,0.735112,0.421856,0.016282
TabICL (GridSearch),abalone-3class,venn_abers,3,0.737486,0.421531,0.017957
TabICL (GridSearch),abalone-7class,raw,7,0.346861,0.742602,0.045436
TabICL (GridSearch),abalone-7class,isotonic,7,0.342614,0.745805,0.028585
TabICL (GridSearch),abalone-7class,venn_abers,7,0.345856,0.744698,0.027377
TabICL (GridSearch),appendicitis,raw,2,0.723779,0.210199,0.096196
TabICL (GridSearch),appendicitis,isotonic,2,0.582165,0.246888,0.115268
TabICL (GridSearch),appendicitis,venn_abers,2,0.687427,0.240052,0.119498
TabICL (GridSearch),artificial-characters,raw,10,0.981751,0.102221,0.018294
TabICL (GridSearch),artificial-characters,isotonic,10,0.978755,0.101962,0.008339
TabICL (GridSearch),artificial-characters,venn_abers,10,0.981862,0.101362,0.012738
TabICL (GridSearch),autoUniv-au1-1000,raw,2,0.852335,0.32903,0.080086
TabICL (GridSearch),autoUniv-au1-1000,isotonic,2,0.84249,0.324389,0.039357
TabICL (GridSearch),autoUniv-au1-1000,venn_abers,2,0.845663,0.324275,0.039621
TabICL (GridSearch),autoUniv-au4-2500,raw,3,0.73586,0.408487,0.035714
TabICL (GridSearch),autoUniv-au4-2500,isotonic,3,0.725014,0.412452,0.029714
TabICL (GridSearch),autoUniv-au4-2500,venn_abers,3,0.729186,0.41165,0.030317
TabICL (GridSearch),autoUniv-au6-1000,raw,8,0.287836,0.798315,0.043102
TabICL (GridSearch),autoUniv-au6-1000,isotonic,8,0.27479,0.80563,0.039892
TabICL (GridSearch),autoUniv-au6-1000,venn_abers,8,0.280148,0.806583,0.058642
TabICL (GridSearch),autoUniv-au6-250-drift-au6-cd1-500,raw,8,0.258905,0.832291,0.083385
TabICL (GridSearch),autoUniv-au6-250-drift-au6-cd1-500,isotonic,8,0.243299,0.83084,0.049103
TabICL (GridSearch),autoUniv-au6-250-drift-au6-cd1-500,venn_abers,8,0.247017,0.830362,0.041209
TabICL (GridSearch),autoUniv-au6-cd1-400,raw,8,0.347747,0.756179,0.038608
TabICL (GridSearch),autoUniv-au6-cd1-400,isotonic,8,0.336386,0.769808,0.050876
TabICL (GridSearch),autoUniv-au6-cd1-400,venn_abers,8,0.345546,0.769764,0.072702
TabICL (GridSearch),autoUniv-au7-300-drift-au7-cpd1-800,raw,5,0.445627,0.683357,0.061686
TabICL (GridSearch),autoUniv-au7-300-drift-au7-cpd1-800,isotonic,5,0.4396,0.68092,0.060484
TabICL (GridSearch),autoUniv-au7-300-drift-au7-cpd1-800,venn_abers,5,0.444082,0.676921,0.057854
TabICL (GridSearch),autoUniv-au7-700,raw,3,0.567703,0.538444,0.064018
TabICL (GridSearch),autoUniv-au7-700,isotonic,3,0.564498,0.542626,0.054984
TabICL (GridSearch),autoUniv-au7-700,venn_abers,3,0.573486,0.538954,0.03186
TabICL (GridSearch),autoUniv-au7-cpd1-500,raw,5,0.567027,0.592953,0.088847
TabICL (GridSearch),autoUniv-au7-cpd1-500,isotonic,5,0.566487,0.590742,0.086468
TabICL (GridSearch),autoUniv-au7-cpd1-500,venn_abers,5,0.570786,0.588657,0.07326
TabICL (GridSearch),balance-scale,raw,3,0.996639,0.02584,0.012662
TabICL (GridSearch),balance-scale,isotonic,3,0.994082,0.022953,0.012661
TabICL (GridSearch),balance-scale,venn_abers,3,0.99738,0.026664,0.039854
TabICL (GridSearch),banana,raw,2,0.968652,0.134011,0.019169
TabICL (GridSearch),banana,isotonic,2,0.963395,0.13422,0.014093
TabICL (GridSearch),banana,venn_abers,2,0.966016,0.134227,0.011611
TabICL (GridSearch),bank-marketing,raw,2,0.591312,0.132901,0.028979
TabICL (GridSearch),bank-marketing,isotonic,2,0.553798,0.131839,0.013958
TabICL (GridSearch),bank-marketing,venn_abers,2,0.567667,0.131331,0.012648
TabICL (GridSearch),bank-marketing-full,raw,2,0.622988,0.123534,0.021129
TabICL (GridSearch),bank-marketing-full,isotonic,2,0.602653,0.122576,0.013253
TabICL (GridSearch),bank-marketing-full,venn_abers,2,0.605594,0.122446,0.01059
TabICL (GridSearch),blogger,raw,2,0.888071,0.291615,0.159734
TabICL (GridSearch),blogger,isotonic,2,0.829037,0.32388,0.12667
TabICL (GridSearch),blogger,venn_abers,2,0.854489,0.327233,0.144739
TabICL (GridSearch),blood-transfusion-service,raw,2,0.528437,0.302722,0.072071
TabICL (GridSearch),blood-transfusion-service,isotonic,2,0.504932,0.305502,0.034066
TabICL (GridSearch),blood-transfusion-service,venn_abers,2,0.51526,0.304885,0.04463
TabICL (GridSearch),breast-cancer-wisconsin,raw,2,0.988781,0.050192,0.019627
TabICL (GridSearch),breast-cancer-wisconsin,isotonic,2,0.980171,0.050934,0.024534
TabICL (GridSearch),breast-cancer-wisconsin,venn_abers,2,0.98777,0.052245,0.032648
TabICL (GridSearch),bupa,raw,2,0.832932,0.347976,0.071719
TabICL (GridSearch),bupa,isotonic,2,0.801271,0.357365,0.087178
TabICL (GridSearch),bupa,venn_abers,2,0.813743,0.357462,0.092634
TabICL (GridSearch),cardiotocography-3class,raw,3,0.998031,0.015927,0.00372
TabICL (GridSearch),cardiotocography-3class,isotonic,3,0.994991,0.019459,0.009499
TabICL (GridSearch),cardiotocography-3class,venn_abers,3,0.99789,0.018474,0.013933
TabICL (GridSearch),car-evaluation,raw,4,0.999611,0.013237,0.010117
TabICL (GridSearch),car-evaluation,isotonic,4,0.997656,0.014957,0.007845
TabICL (GridSearch),car-evaluation,venn_abers,4,0.999571,0.015639,0.019332
TabICL (GridSearch),climate-simulation-craches,raw,2,0.985445,0.129891,0.043327
TabICL (GridSearch),climate-simulation-craches,isotonic,2,0.980091,0.135681,0.036863
TabICL (GridSearch),climate-simulation-craches,venn_abers,2,0.983066,0.13079,0.030696
TabICL (GridSearch),colon32,raw,2,0.878274,0.239202,0.136269
TabICL (GridSearch),colon32,isotonic,2,0.770387,0.298376,0.161355
TabICL (GridSearch),colon32,venn_abers,2,0.830357,0.276087,0.130408
TabICL (GridSearch),connectionist-mines-vs-rocks,raw,2,0.978621,0.14559,0.055428
TabICL (GridSearch),connectionist-mines-vs-rocks,isotonic,2,0.950692,0.178065,0.077659
TabICL (GridSearch),connectionist-mines-vs-rocks,venn_abers,2,0.972589,0.167695,0.085333
TabICL (GridSearch),contraceptive-method-choice,raw,3,0.618035,0.536978,0.044681
TabICL (GridSearch),contraceptive-method-choice,isotonic,3,0.605626,0.544372,0.059091
TabICL (GridSearch),contraceptive-method-choice,venn_abers,3,0.610911,0.540936,0.04831
TabICL (GridSearch),dermatology,raw,6,0.996985,0.032077,0.019937
TabICL (GridSearch),dermatology,isotonic,6,0.985983,0.037334,0.013029
TabICL (GridSearch),dermatology,venn_abers,6,0.994881,0.052929,0.09131
TabICL (GridSearch),eeg-eye-state,raw,2,0.999644,0.011677,0.002519
TabICL (GridSearch),eeg-eye-state,isotonic,2,0.999233,0.011763,0.004052
TabICL (GridSearch),eeg-eye-state,venn_abers,2,0.999596,0.011878,0.004916
TabICL (GridSearch),flare,raw,6,0.750403,0.323108,0.026715
TabICL (GridSearch),flare,isotonic,6,0.745657,0.3325,0.039666
TabICL (GridSearch),flare,venn_abers,6,0.747466,0.334254,0.051579
TabICL (GridSearch),glioma16,raw,2,0.920701,0.255587,0.132101
TabICL (GridSearch),glioma16,isotonic,2,0.879332,0.307371,0.132809
TabICL (GridSearch),glioma16,venn_abers,2,0.895105,0.287811,0.15779
TabICL (GridSearch),habermans-survival,raw,2,0.479591,0.362933,0.081258
TabICL (GridSearch),habermans-survival,isotonic,2,0.412216,0.387514,0.113932
TabICL (GridSearch),habermans-survival,venn_abers,2,0.438132,0.378687,0.101682
TabICL (GridSearch),hayes-roth,raw,3,0.962098,0.133838,0.044091
TabICL (GridSearch),hayes-roth,isotonic,3,0.93793,0.142654,0.051176
TabICL (GridSearch),hayes-roth,venn_abers,3,0.961382,0.151384,0.104633
TabICL (GridSearch),heart-disease-processed-hungarian,raw,2,0.859227,0.253101,0.085212
TabICL (GridSearch),heart-disease-processed-hungarian,isotonic,2,0.816342,0.253873,0.06373
TabICL (GridSearch),heart-disease-processed-hungarian,venn_abers,2,0.831222,0.253108,0.075727
TabICL (GridSearch),hepatitis,raw,2,0.96305,0.235193,0.085985
TabICL (GridSearch),hepatitis,isotonic,2,0.946748,0.261359,0.093716
TabICL (GridSearch),hepatitis,venn_abers,2,0.959103,0.250304,0.086746
TabICL (GridSearch),hill-valley-with-noise,raw,2,0.996686,0.047643,0.025854
TabICL (GridSearch),hill-valley-with-noise,isotonic,2,0.993416,0.041212,0.011402
TabICL (GridSearch),hill-valley-with-noise,venn_abers,2,0.995842,0.042219,0.01526
TabICL (GridSearch),hill-valley-without-noise,raw,2,0.999862,0.018957,0.021278
TabICL (GridSearch),hill-valley-without-noise,isotonic,2,0.997256,0.015367,0.008404
TabICL (GridSearch),hill-valley-without-noise,venn_abers,2,0.999841,0.01463,0.014658
TabICL (GridSearch),indian-liver-patient,raw,2,0.577491,0.325717,0.050278
TabICL (GridSearch),indian-liver-patient,isotonic,2,0.513998,0.331975,0.044932
TabICL (GridSearch),indian-liver-patient,venn_abers,2,0.529441,0.329949,0.043617
TabICL (GridSearch),ionosphere,raw,2,0.988717,0.07966,0.038979
TabICL (GridSearch),ionosphere,isotonic,2,0.979432,0.089222,0.035798
TabICL (GridSearch),ionosphere,venn_abers,2,0.985433,0.089093,0.048963
TabICL (GridSearch),iris,raw,3,0.993142,0.057424,0.031672
TabICL (GridSearch),iris,isotonic,3,0.993142,0.06348,0.032424
TabICL (GridSearch),iris,venn_abers,3,0.993162,0.078088,0.116383
TabICL (GridSearch),led7digit,raw,10,0.765462,0.39134,0.090329
TabICL (GridSearch),led7digit,isotonic,10,0.752691,0.398548,0.08907
TabICL (GridSearch),led7digit,venn_abers,10,0.759226,0.411689,0.106958
TabICL (GridSearch),leukemia-haslinger,raw,2,0.923339,0.230454,0.12343
TabICL (GridSearch),leukemia-haslinger,isotonic,2,0.892216,0.256667,0.120862
TabICL (GridSearch),leukemia-haslinger,venn_abers,2,0.902201,0.24891,0.114043
TabICL (GridSearch),lsvt-voice-rehabilitation,raw,2,0.973085,0.198363,0.09307
TabICL (GridSearch),lsvt-voice-rehabilitation,isotonic,2,0.946804,0.215136,0.117088
TabICL (GridSearch),lsvt-voice-rehabilitation,venn_abers,2,0.967496,0.221192,0.116048
TabICL (GridSearch),magic,raw,2,0.933228,0.15479,0.032563
TabICL (GridSearch),magic,isotonic,2,0.926324,0.152914,0.011184
TabICL (GridSearch),magic,venn_abers,2,0.928248,0.152808,0.010811
TabICL (GridSearch),mammographic-mass,raw,2,0.881362,0.244557,0.059661
TabICL (GridSearch),mammographic-mass,isotonic,2,0.869885,0.24352,0.039538
TabICL (GridSearch),mammographic-mass,venn_abers,2,0.872794,0.243133,0.037599
TabICL (GridSearch),mfeat-fourier,raw,10,0.940056,0.145258,0.022646
TabICL (GridSearch),mfeat-fourier,isotonic,10,0.931151,0.151378,0.021759
TabICL (GridSearch),mfeat-fourier,venn_abers,10,0.937425,0.155031,0.046507
TabICL (GridSearch),molecular-promotor-gene,raw,2,0.979971,0.13585,0.101078
TabICL (GridSearch),molecular-promotor-gene,isotonic,2,0.952941,0.1392,0.073108
TabICL (GridSearch),molecular-promotor-gene,venn_abers,2,0.971456,0.146388,0.1177
TabICL (GridSearch),molecular-splice-junction,raw,3,0.992675,0.047753,0.010848
TabICL (GridSearch),molecular-splice-junction,isotonic,3,0.99085,0.050511,0.010946
TabICL (GridSearch),molecular-splice-junction,venn_abers,3,0.992454,0.050618,0.014912
TabICL (GridSearch),monks1,raw,2,1.0,0.0,0.0
TabICL (GridSearch),monks1,isotonic,2,1.0,0.0,0.0
TabICL (GridSearch),monks1,venn_abers,2,1.0,0.007,0.022873
TabICL (GridSearch),monks3,raw,2,0.979272,0.021741,0.012687
TabICL (GridSearch),monks3,isotonic,2,0.97996,0.021711,0.015693
TabICL (GridSearch),monks3,venn_abers,2,0.979618,0.030022,0.019899
TabICL (GridSearch),mushroom,raw,2,1.0,0.0,0.0
TabICL (GridSearch),mushroom,isotonic,2,1.0,0.0,0.0
TabICL (GridSearch),mushroom,venn_abers,2,1.0,0.000561,0.002225
TabICL (GridSearch),mushroom-expanded,raw,2,1.0,0.0,0.0
TabICL (GridSearch),mushroom-expanded,isotonic,2,1.0,0.0,0.0
TabICL (GridSearch),mushroom-expanded,venn_abers,2,1.0,0.000521,0.002395
TabICL (GridSearch),nursery-4class,raw,4,1.0,2.4e-05,0.000102
TabICL (GridSearch),nursery-4class,isotonic,4,1.0,2e-05,3.6e-05
TabICL (GridSearch),nursery-4class,venn_abers,4,1.0,0.000623,0.00425
TabICL (GridSearch),optdigits,raw,10,0.999898,0.008196,0.002368
TabICL (GridSearch),optdigits,isotonic,10,0.997918,0.00952,0.004209
TabICL (GridSearch),optdigits,venn_abers,10,0.999874,0.011004,0.017589
TabICL (GridSearch),ozone-eighthr,raw,2,0.574022,0.080437,0.019725
TabICL (GridSearch),ozone-eighthr,isotonic,2,0.521804,0.081042,0.006897
TabICL (GridSearch),ozone-eighthr,venn_abers,2,0.541888,0.080772,0.015935
TabICL (GridSearch),ozone-onehr,raw,2,0.340199,0.048624,0.017306
TabICL (GridSearch),ozone-onehr,isotonic,2,0.282339,0.048965,0.011451
TabICL (GridSearch),ozone-onehr,venn_abers,2,0.305602,0.047909,0.007736
TabICL (GridSearch),page-blocks,raw,5,0.991115,0.036429,0.00698
TabICL (GridSearch),page-blocks,isotonic,5,0.989941,0.037603,0.006977
TabICL (GridSearch),page-blocks,venn_abers,5,0.990667,0.038017,0.009571
TabICL (GridSearch),parkinsons,raw,2,0.997889,0.053007,0.036345
TabICL (GridSearch),parkinsons,isotonic,2,0.989408,0.077004,0.0467
TabICL (GridSearch),parkinsons,venn_abers,2,0.997234,0.072405,0.069152
TabICL (GridSearch),pendigits,raw,10,0.999619,0.003407,0.002331
TabICL (GridSearch),pendigits,isotonic,10,0.999407,0.003982,0.001577
TabICL (GridSearch),pendigits,venn_abers,10,0.999615,0.004419,0.010144
TabICL (GridSearch),phoneme,raw,2,0.945607,0.114504,0.018266
TabICL (GridSearch),phoneme,isotonic,2,0.936888,0.115653,0.014507
TabICL (GridSearch),phoneme,venn_abers,2,0.940684,0.115832,0.014644
TabICL (GridSearch),pima-indians-diabetes,raw,2,0.716051,0.318207,0.067468
TabICL (GridSearch),pima-indians-diabetes,isotonic,2,0.698048,0.315568,0.046333
TabICL (GridSearch),pima-indians-diabetes,venn_abers,2,0.701245,0.314069,0.053969
TabICL (GridSearch),planning-relax,raw,2,0.312847,0.415485,0.147719
TabICL (GridSearch),planning-relax,isotonic,2,0.349637,0.380113,0.020526
TabICL (GridSearch),planning-relax,venn_abers,2,0.348416,0.3957,0.041316
TabICL (GridSearch),qsar-biodegradation,raw,2,0.907562,0.180157,0.0439
TabICL (GridSearch),qsar-biodegradation,isotonic,2,0.888948,0.186759,0.034862
TabICL (GridSearch),qsar-biodegradation,venn_abers,2,0.899303,0.186059,0.038761
TabICL (GridSearch),ringnorm,raw,2,0.997487,0.032045,0.008761
TabICL (GridSearch),ringnorm,isotonic,2,0.996636,0.032092,0.005473
TabICL (GridSearch),ringnorm,venn_abers,2,0.997246,0.032083,0.006973
TabICL (GridSearch),robot-failure-lp1,raw,4,0.966051,0.088125,0.045811
TabICL (GridSearch),robot-failure-lp1,isotonic,4,0.953027,0.101307,0.056149
TabICL (GridSearch),robot-failure-lp1,venn_abers,4,0.965801,0.143729,0.197197
TabICL (GridSearch),robot-failure-lp4,raw,3,0.984725,0.074109,0.060507
TabICL (GridSearch),robot-failure-lp4,isotonic,3,0.969593,0.075855,0.046111
TabICL (GridSearch),robot-failure-lp4,venn_abers,3,0.98523,0.099748,0.121106
TabICL (GridSearch),robot-failure-lp5,raw,5,0.81794,0.320761,0.067914
TabICL (GridSearch),robot-failure-lp5,isotonic,5,0.793669,0.326601,0.085044
TabICL (GridSearch),robot-failure-lp5,venn_abers,5,0.794405,0.342522,0.146404
TabICL (GridSearch),robot-nav-sensor-readings-24,raw,4,0.999716,0.012716,0.003325
TabICL (GridSearch),robot-nav-sensor-readings-24,isotonic,4,0.998419,0.013586,0.004081
TabICL (GridSearch),robot-nav-sensor-readings-24,venn_abers,4,0.999718,0.013874,0.00886
TabICL (GridSearch),robot-nav-sensor-readings-2,raw,4,0.999994,0.001743,0.001053
TabICL (GridSearch),robot-nav-sensor-readings-2,isotonic,4,0.998411,0.003027,0.00162
TabICL (GridSearch),robot-nav-sensor-readings-2,venn_abers,4,0.999991,0.003034,0.010477
TabICL (GridSearch),robot-nav-sensor-readings-4,raw,4,0.999993,0.002881,0.002105
TabICL (GridSearch),robot-nav-sensor-readings-4,isotonic,4,0.998989,0.003836,0.001729
TabICL (GridSearch),robot-nav-sensor-readings-4,venn_abers,4,0.999992,0.003891,0.008029
TabICL (GridSearch),saheart,raw,2,0.650921,0.362121,0.061807
TabICL (GridSearch),saheart,isotonic,2,0.601315,0.363985,0.065151
TabICL (GridSearch),saheart,venn_abers,2,0.624502,0.361661,0.060858
TabICL (GridSearch),seeds,raw,3,0.994905,0.067264,0.044777
TabICL (GridSearch),seeds,isotonic,3,0.964064,0.083342,0.045749
TabICL (GridSearch),seeds,venn_abers,3,0.993969,0.085105,0.083619
TabICL (GridSearch),seismic-bumps,raw,2,0.97748,0.11534,0.037795
TabICL (GridSearch),seismic-bumps,isotonic,2,0.974543,0.112985,0.010844
TabICL (GridSearch),seismic-bumps,venn_abers,2,0.975101,0.112659,0.012301
TabICL (GridSearch),semeion,raw,10,0.995115,0.044161,0.012012
TabICL (GridSearch),semeion,isotonic,10,0.98946,0.047492,0.010281
TabICL (GridSearch),semeion,venn_abers,10,0.995128,0.053291,0.053104
TabICL (GridSearch),skin-segmentation,raw,2,0.999998,0.001121,0.00068
TabICL (GridSearch),skin-segmentation,isotonic,2,0.999819,0.001305,0.000897
TabICL (GridSearch),skin-segmentation,venn_abers,2,0.999998,0.001527,0.002871
TabICL (GridSearch),spambase,raw,2,0.988594,0.05549,0.009612
TabICL (GridSearch),spambase,isotonic,2,0.98681,0.056643,0.009579
TabICL (GridSearch),spambase,venn_abers,2,0.987829,0.056906,0.011488
TabICL (GridSearch),spectf-heart,raw,2,0.984659,0.1477,0.064997
TabICL (GridSearch),spectf-heart,isotonic,2,0.977566,0.139861,0.067294
TabICL (GridSearch),spectf-heart,venn_abers,2,0.982036,0.148828,0.078463
TabICL (GridSearch),statlog-australian-credit,raw,2,0.925012,0.190449,0.055168
TabICL (GridSearch),statlog-australian-credit,isotonic,2,0.901201,0.197866,0.040481
TabICL (GridSearch),statlog-australian-credit,venn_abers,2,0.91991,0.195838,0.036282
TabICL (GridSearch),statlog-german-credit,raw,2,0.654516,0.322355,0.057431
TabICL (GridSearch),statlog-german-credit,isotonic,2,0.614558,0.323665,0.050176
TabICL (GridSearch),statlog-german-credit,venn_abers,2,0.627721,0.323199,0.040036
TabICL (GridSearch),statlog-heart,raw,2,0.909677,0.236156,0.055192
TabICL (GridSearch),statlog-heart,isotonic,2,0.891925,0.237068,0.035536
TabICL (GridSearch),statlog-heart,venn_abers,2,0.899687,0.23969,0.05377
TabICL (GridSearch),statlog-image-segmentation,raw,7,0.99883,0.018201,0.005459
TabICL (GridSearch),statlog-image-segmentation,isotonic,7,0.996794,0.020742,0.005421
TabICL (GridSearch),statlog-image-segmentation,venn_abers,7,0.99878,0.023081,0.02763
TabICL (GridSearch),statlog-landsat-satellite,raw,6,0.974905,0.099551,0.014428
TabICL (GridSearch),statlog-landsat-satellite,isotonic,6,0.971735,0.102827,0.010992
TabICL (GridSearch),statlog-landsat-satellite,venn_abers,6,0.973934,0.103364,0.022941
TabICL (GridSearch),statlog-vehicle-silhouettes,raw,4,0.957226,0.132644,0.026403
TabICL (GridSearch),statlog-vehicle-silhouettes,isotonic,4,0.944738,0.139718,0.028232
TabICL (GridSearch),statlog-vehicle-silhouettes,venn_abers,4,0.954464,0.141114,0.041369
TabICL (GridSearch),systhetic-control,raw,6,1.0,0.003749,0.002316
TabICL (GridSearch),systhetic-control,isotonic,6,1.0,0.003717,0.0024
TabICL (GridSearch),systhetic-control,venn_abers,6,0.999748,0.018794,0.064121
TabICL (GridSearch),teaching-assistant-evaluation,raw,3,0.757934,0.436723,0.108189
TabICL (GridSearch),teaching-assistant-evaluation,isotonic,3,0.736044,0.463637,0.119057
TabICL (GridSearch),teaching-assistant-evaluation,venn_abers,3,0.754697,0.454497,0.145799
TabICL (GridSearch),thoracic-surgery,raw,2,0.902666,0.265463,0.086818
TabICL (GridSearch),thoracic-surgery,isotonic,2,0.884165,0.253004,0.05774
TabICL (GridSearch),thoracic-surgery,venn_abers,2,0.885367,0.259555,0.039699
TabICL (GridSearch),thyroid-allbp,raw,5,0.776866,0.393076,0.036089
TabICL (GridSearch),thyroid-allbp,isotonic,5,0.772297,0.399462,0.02827
TabICL (GridSearch),thyroid-allbp,venn_abers,5,0.773238,0.399837,0.033561
TabICL (GridSearch),thyroid-ann,raw,3,0.999451,0.007769,0.002433
TabICL (GridSearch),thyroid-ann,isotonic,3,0.998127,0.007727,0.002457
TabICL (GridSearch),thyroid-ann,venn_abers,3,0.999417,0.008557,0.008782
TabICL (GridSearch),thyroid-newthyroid,raw,3,0.994703,0.044484,0.025541
TabICL (GridSearch),thyroid-newthyroid,isotonic,3,0.971834,0.048232,0.036564
TabICL (GridSearch),thyroid-newthyroid,venn_abers,3,0.993903,0.059169,0.083114
TabICL (GridSearch),thyroid-sick,raw,5,0.776271,0.389999,0.022475
TabICL (GridSearch),thyroid-sick,isotonic,5,0.772621,0.394262,0.02124
TabICL (GridSearch),thyroid-sick,venn_abers,5,0.774793,0.394432,0.027459
TabICL (GridSearch),thyroid-sick-euthyroid,raw,2,0.913991,0.037897,0.011853
TabICL (GridSearch),thyroid-sick-euthyroid,isotonic,2,0.895172,0.038206,0.010058
TabICL (GridSearch),thyroid-sick-euthyroid,venn_abers,2,0.903566,0.038048,0.007217
TabICL (GridSearch),user-knowledge,raw,5,0.97147,0.103768,0.036021
TabICL (GridSearch),user-knowledge,isotonic,5,0.941581,0.118463,0.03458
TabICL (GridSearch),user-knowledge,venn_abers,5,0.969594,0.12299,0.069073
TabICL (GridSearch),vertebra-column-2c,raw,2,0.897775,0.194451,0.049222
TabICL (GridSearch),vertebra-column-2c,isotonic,2,0.864308,0.207274,0.068245
TabICL (GridSearch),vertebra-column-2c,venn_abers,2,0.886065,0.201014,0.061572
TabICL (GridSearch),vertebra-column-3c,raw,3,0.922035,0.195337,0.057223
TabICL (GridSearch),vertebra-column-3c,isotonic,3,0.894593,0.198561,0.058058
TabICL (GridSearch),vertebra-column-3c,venn_abers,3,0.914027,0.201837,0.054102
TabICL (GridSearch),volcanoes-a1,raw,5,0.9937,0.028081,0.007287
TabICL (GridSearch),volcanoes-a1,isotonic,5,0.988135,0.030801,0.007298
TabICL (GridSearch),volcanoes-a1,venn_abers,5,0.992852,0.030706,0.016045
TabICL (GridSearch),volcanoes-a2,raw,5,0.927741,0.124101,0.023156
TabICL (GridSearch),volcanoes-a2,isotonic,5,0.925925,0.125428,0.015205
TabICL (GridSearch),volcanoes-a2,venn_abers,5,0.92655,0.126182,0.029252
TabICL (GridSearch),volcanoes-a4,raw,5,0.917303,0.136798,0.016881
TabICL (GridSearch),volcanoes-a4,isotonic,5,0.912852,0.139475,0.018391
TabICL (GridSearch),volcanoes-a4,venn_abers,5,0.914701,0.140391,0.033068
TabICL (GridSearch),volcanoes-b1,raw,5,0.96424,0.056882,0.009833
TabICL (GridSearch),volcanoes-b1,isotonic,5,0.96295,0.05847,0.00688
TabICL (GridSearch),volcanoes-b1,venn_abers,5,0.963491,0.059119,0.013991
TabICL (GridSearch),volcanoes-b2,raw,5,0.966078,0.05356,0.011371
TabICL (GridSearch),volcanoes-b2,isotonic,5,0.965294,0.054246,0.005282
TabICL (GridSearch),volcanoes-b2,venn_abers,5,0.965246,0.054589,0.008495
TabICL (GridSearch),volcanoes-c1,raw,5,0.976761,0.041056,0.007461
TabICL (GridSearch),volcanoes-c1,isotonic,5,0.975319,0.042504,0.003457
TabICL (GridSearch),volcanoes-c1,venn_abers,5,0.976108,0.042944,0.010166
TabICL (GridSearch),volcanoes-d1,raw,5,0.935148,0.097688,0.018549
TabICL (GridSearch),volcanoes-d1,isotonic,5,0.933358,0.098769,0.007742
TabICL (GridSearch),volcanoes-d1,venn_abers,5,0.934038,0.099693,0.00987
TabICL (GridSearch),volcanoes-d2,raw,5,0.937304,0.094868,0.011502
TabICL (GridSearch),volcanoes-d2,isotonic,5,0.936669,0.095633,0.007529
TabICL (GridSearch),volcanoes-d2,venn_abers,5,0.937071,0.096133,0.008924
TabICL (GridSearch),waveform-v1,raw,3,0.952705,0.182604,0.02861
TabICL (GridSearch),waveform-v1,isotonic,3,0.949648,0.18217,0.017008
TabICL (GridSearch),waveform-v1,venn_abers,3,0.952083,0.182075,0.014853
TabICL (GridSearch),wdbc,raw,2,0.995611,0.03349,0.021943
TabICL (GridSearch),wdbc,isotonic,2,0.984465,0.038549,0.016288
TabICL (GridSearch),wdbc,venn_abers,2,0.99532,0.038089,0.029298
TabICL (GridSearch),wholesale-channel,raw,2,0.939546,0.119015,0.039558
TabICL (GridSearch),wholesale-channel,isotonic,2,0.914738,0.123324,0.030739
TabICL (GridSearch),wholesale-channel,venn_abers,2,0.928184,0.12309,0.039153
TabICL (GridSearch),wholesale-region,raw,3,0.573925,0.452706,0.094638
TabICL (GridSearch),wholesale-region,isotonic,3,0.570064,0.457913,0.075308
TabICL (GridSearch),wholesale-region,venn_abers,3,0.572783,0.449415,0.068341
TabICL (GridSearch),wilt,raw,2,0.959687,0.016337,0.005401
TabICL (GridSearch),wilt,isotonic,2,0.944076,0.016696,0.006283
TabICL (GridSearch),wilt,venn_abers,2,0.955027,0.016942,0.005325
TabICL (GridSearch),wine-quality-5class,raw,5,0.782983,0.406112,0.030691
TabICL (GridSearch),wine-quality-5class,isotonic,5,0.779552,0.408363,0.026651
TabICL (GridSearch),wine-quality-5class,venn_abers,5,0.780913,0.408261,0.023568
TabICL (GridSearch),yeast-4class,raw,4,0.711298,0.463511,0.045769
TabICL (GridSearch),yeast-4class,isotonic,4,0.702233,0.471992,0.048326
TabICL (GridSearch),yeast-4class,venn_abers,4,0.705835,0.470813,0.043481
TabNet (Optuna),abalone-3class,raw,3,0.668734,0.51447,0.065867
TabNet (Optuna),abalone-3class,isotonic,3,0.678606,0.490033,0.036954
TabNet (Optuna),abalone-3class,venn_abers,3,0.679485,0.489989,0.050263
TabNet (Optuna),abalone-7class,raw,7,0.27814,0.824709,0.09197
TabNet (Optuna),abalone-7class,isotonic,7,0.265111,0.819348,0.094898
TabNet (Optuna),abalone-7class,venn_abers,7,0.266915,0.818169,0.088749
TabNet (Optuna),artificial-characters,raw,10,0.765699,0.394947,0.047744
TabNet (Optuna),artificial-characters,isotonic,10,0.759794,0.392903,0.028903
TabNet (Optuna),artificial-characters,venn_abers,10,0.764644,0.392136,0.023321
TabNet (Optuna),autoUniv-au4-2500,raw,3,0.43839,0.782377,0.253952
TabNet (Optuna),autoUniv-au4-2500,isotonic,3,0.430587,0.640622,0.096218
TabNet (Optuna),autoUniv-au4-2500,venn_abers,3,0.430014,0.608642,0.076183
TabNet (Optuna),banana,raw,2,0.966901,0.135639,0.009914
TabNet (Optuna),banana,isotonic,2,0.962428,0.137803,0.013176
TabNet (Optuna),banana,venn_abers,2,0.963911,0.137699,0.013007
TabNet (Optuna),bank-marketing,raw,2,0.373057,0.173566,0.010057
TabNet (Optuna),bank-marketing,isotonic,2,0.353013,0.171525,0.017934
TabNet (Optuna),bank-marketing,venn_abers,2,0.358058,0.171351,0.018215
TabNet (Optuna),bank-marketing-full,raw,2,0.521395,0.142185,0.012558
TabNet (Optuna),bank-marketing-full,isotonic,2,0.504471,0.142551,0.011498
TabNet (Optuna),bank-marketing-full,venn_abers,2,0.510536,0.142385,0.009737
TabNet (Optuna),eeg-eye-state,raw,2,0.46575,0.75261,0.317369
TabNet (Optuna),eeg-eye-state,isotonic,2,0.469106,0.518487,0.070712
TabNet (Optuna),eeg-eye-state,venn_abers,2,0.465232,0.512236,0.071357
TabNet (Optuna),magic,raw,2,0.902035,0.189283,0.016016
TabNet (Optuna),magic,isotonic,2,0.895175,0.188955,0.00882
TabNet (Optuna),magic,venn_abers,2,0.896947,0.188909,0.010521
TabNet (Optuna),molecular-splice-junction,raw,3,0.880257,0.268247,0.042243
TabNet (Optuna),molecular-splice-junction,isotonic,3,0.879838,0.26521,0.020239
TabNet (Optuna),molecular-splice-junction,venn_abers,3,0.880543,0.265031,0.017638
TabNet (Optuna),mushroom,raw,2,1.0,4e-06,0.000147
TabNet (Optuna),mushroom,isotonic,2,1.0,0.0,5e-06
TabNet (Optuna),mushroom,venn_abers,2,1.0,0.000451,0.003
TabNet (Optuna),mushroom-expanded,raw,2,1.0,0.0,6.9e-05
TabNet (Optuna),mushroom-expanded,isotonic,2,1.0,0.0,5e-06
TabNet (Optuna),mushroom-expanded,venn_abers,2,0.999999,0.000586,0.002838
TabNet (Optuna),nursery-4class,raw,4,0.999982,0.000915,0.000849
TabNet (Optuna),nursery-4class,isotonic,4,0.999306,0.001508,0.001433
TabNet (Optuna),nursery-4class,venn_abers,4,0.999985,0.002467,0.007017
TabNet (Optuna),optdigits,raw,10,0.995806,0.039293,0.015502
TabNet (Optuna),optdigits,isotonic,10,0.994589,0.038619,0.005368
TabNet (Optuna),optdigits,venn_abers,10,0.995965,0.039288,0.019739
TabNet (Optuna),ozone-eighthr,raw,2,0.1647,0.141466,0.046613
TabNet (Optuna),ozone-eighthr,isotonic,2,0.13598,0.115053,0.022148
TabNet (Optuna),ozone-eighthr,venn_abers,2,0.153261,0.115941,0.018654
TabNet (Optuna),ozone-onehr,raw,2,0.054769,0.05904,0.030112
TabNet (Optuna),ozone-onehr,isotonic,2,0.041522,0.056566,0.008633
TabNet (Optuna),ozone-onehr,venn_abers,2,0.041209,0.059229,0.012096
TabNet (Optuna),page-blocks,raw,5,0.966345,0.095935,0.03211
TabNet (Optuna),page-blocks,isotonic,5,0.964884,0.082601,0.009738
TabNet (Optuna),page-blocks,venn_abers,5,0.966906,0.082233,0.017161
TabNet (Optuna),pendigits,raw,10,0.997154,0.012301,0.00329
TabNet (Optuna),pendigits,isotonic,10,0.996717,0.013365,0.001882
TabNet (Optuna),pendigits,venn_abers,10,0.997552,0.013614,0.012431
TabNet (Optuna),phoneme,raw,2,0.848223,0.185529,0.018455
TabNet (Optuna),phoneme,isotonic,2,0.830811,0.186419,0.016018
TabNet (Optuna),phoneme,venn_abers,2,0.837476,0.186275,0.017537
TabNet (Optuna),ringnorm,raw,2,0.993063,0.061594,0.021111
TabNet (Optuna),ringnorm,isotonic,2,0.99167,0.058984,0.009711
TabNet (Optuna),ringnorm,venn_abers,2,0.992351,0.058917,0.011712
TabNet (Optuna),robot-nav-sensor-readings-24,raw,4,0.835421,0.289214,0.100951
TabNet (Optuna),robot-nav-sensor-readings-24,isotonic,4,0.83461,0.274203,0.030678
TabNet (Optuna),robot-nav-sensor-readings-24,venn_abers,4,0.83422,0.271815,0.029303
TabNet (Optuna),robot-nav-sensor-readings-2,raw,4,0.947729,0.219769,0.106997
TabNet (Optuna),robot-nav-sensor-readings-2,isotonic,4,0.938136,0.203992,0.106356
TabNet (Optuna),robot-nav-sensor-readings-2,venn_abers,4,0.947971,0.18648,0.092933
TabNet (Optuna),robot-nav-sensor-readings-4,raw,4,0.653777,0.810536,0.374973
TabNet (Optuna),robot-nav-sensor-readings-4,isotonic,4,0.656716,0.533416,0.160494
TabNet (Optuna),robot-nav-sensor-readings-4,venn_abers,4,0.664129,0.534479,0.162189
TabNet (Optuna),seismic-bumps,raw,2,0.951505,0.130494,0.044342
TabNet (Optuna),seismic-bumps,isotonic,2,0.954536,0.119474,0.013967
TabNet (Optuna),seismic-bumps,venn_abers,2,0.952784,0.119052,0.011617
TabNet (Optuna),skin-segmentation,raw,2,0.999992,0.002486,0.000974
TabNet (Optuna),skin-segmentation,isotonic,2,0.999739,0.002831,0.000888
TabNet (Optuna),skin-segmentation,venn_abers,2,0.999992,0.002763,0.002643
TabNet (Optuna),spambase,raw,2,0.961589,0.113391,0.020337
TabNet (Optuna),spambase,isotonic,2,0.957374,0.113443,0.015502
TabNet (Optuna),spambase,venn_abers,2,0.959728,0.113324,0.012911
TabNet (Optuna),statlog-image-segmentation,raw,7,0.806732,0.389892,0.151353
TabNet (Optuna),statlog-image-segmentation,isotonic,7,0.80184,0.398092,0.168155
TabNet (Optuna),statlog-image-segmentation,venn_abers,7,0.808132,0.386372,0.144438
TabNet (Optuna),statlog-landsat-satellite,raw,6,0.453929,1.013066,0.491794
TabNet (Optuna),statlog-landsat-satellite,isotonic,6,0.44368,0.697898,0.164865
TabNet (Optuna),statlog-landsat-satellite,venn_abers,6,0.483449,0.703771,0.174654
TabNet (Optuna),thyroid-allbp,raw,5,0.68049,0.463452,0.041105
TabNet (Optuna),thyroid-allbp,isotonic,5,0.673046,0.472024,0.043099
TabNet (Optuna),thyroid-allbp,venn_abers,5,0.674658,0.473064,0.04087
TabNet (Optuna),thyroid-ann,raw,3,0.941154,0.128367,0.04074
TabNet (Optuna),thyroid-ann,isotonic,3,0.942388,0.111565,0.035408
TabNet (Optuna),thyroid-ann,venn_abers,3,0.943315,0.112851,0.045285
TabNet (Optuna),thyroid-sick,raw,5,0.644388,0.499621,0.040779
TabNet (Optuna),thyroid-sick,isotonic,5,0.641286,0.492563,0.025686
TabNet (Optuna),thyroid-sick,venn_abers,5,0.643257,0.492536,0.029829
TabNet (Optuna),thyroid-sick-euthyroid,raw,2,0.216713,0.192589,0.056252
TabNet (Optuna),thyroid-sick-euthyroid,isotonic,2,0.169663,0.172461,0.038963
TabNet (Optuna),thyroid-sick-euthyroid,venn_abers,2,0.18265,0.173018,0.051241
TabNet (Optuna),volcanoes-a1,raw,5,0.924962,0.133789,0.03337
TabNet (Optuna),volcanoes-a1,isotonic,5,0.921344,0.133618,0.016864
TabNet (Optuna),volcanoes-a1,venn_abers,5,0.922374,0.132899,0.025695
TabNet (Optuna),volcanoes-b1,raw,5,0.962164,0.058246,0.006723
TabNet (Optuna),volcanoes-b1,isotonic,5,0.961463,0.058497,0.003829
TabNet (Optuna),volcanoes-b1,venn_abers,5,0.961801,0.058586,0.0076
TabNet (Optuna),volcanoes-b2,raw,5,0.964231,0.054793,0.004961
TabNet (Optuna),volcanoes-b2,isotonic,5,0.963366,0.055288,0.005095
TabNet (Optuna),volcanoes-b2,venn_abers,5,0.963249,0.05543,0.008611
TabNet (Optuna),volcanoes-c1,raw,5,0.975426,0.042059,0.005744
TabNet (Optuna),volcanoes-c1,isotonic,5,0.975325,0.042042,0.004028
TabNet (Optuna),volcanoes-c1,venn_abers,5,0.975277,0.042285,0.00929
TabNet (Optuna),volcanoes-d1,raw,5,0.931584,0.099755,0.00595
TabNet (Optuna),volcanoes-d1,isotonic,5,0.93111,0.099685,0.007131
TabNet (Optuna),volcanoes-d1,venn_abers,5,0.932054,0.099876,0.010379
TabNet (Optuna),volcanoes-d2,raw,5,0.936178,0.095895,0.007072
TabNet (Optuna),volcanoes-d2,isotonic,5,0.935898,0.096064,0.005021
TabNet (Optuna),volcanoes-d2,venn_abers,5,0.936326,0.096193,0.009866
TabNet (Optuna),waveform-v1,raw,3,0.928845,0.224136,0.050086
TabNet (Optuna),waveform-v1,isotonic,3,0.925885,0.21749,0.01964
TabNet (Optuna),waveform-v1,venn_abers,3,0.927617,0.217766,0.017161
TabNet (Optuna),wilt,raw,2,0.926957,0.023567,0.003345
TabNet (Optuna),wilt,isotonic,2,0.901617,0.022558,0.004616
TabNet (Optuna),wilt,venn_abers,2,0.922228,0.022451,0.006459
TabNet (Optuna),wine-quality-5class,raw,5,0.529837,0.576455,0.035313
TabNet (Optuna),wine-quality-5class,isotonic,5,0.531756,0.574027,0.018011
TabNet (Optuna),wine-quality-5class,venn_abers,5,0.532144,0.573995,0.012876
TabNet (Optuna),appendicitis,raw,2,0.792857,0.247554,0.136116
TabNet (Optuna),appendicitis,isotonic,2,0.626115,0.257694,0.107876
TabNet (Optuna),appendicitis,venn_abers,2,0.726491,0.245544,0.097311
TabNet (Optuna),autoUniv-au1-1000,raw,2,0.790025,0.399147,0.05629
TabNet (Optuna),autoUniv-au1-1000,isotonic,2,0.784404,0.381402,0.046947
TabNet (Optuna),autoUniv-au1-1000,venn_abers,2,0.786414,0.380272,0.064452
TabNet (Optuna),autoUniv-au6-1000,raw,8,0.159363,0.912246,0.11373
TabNet (Optuna),autoUniv-au6-1000,isotonic,8,0.155764,0.878622,0.043334
TabNet (Optuna),autoUniv-au6-1000,venn_abers,8,0.160599,0.87434,0.048448
TabNet (Optuna),autoUniv-au6-250-drift-au6-cd1-500,raw,8,0.167118,0.90444,0.106785
TabNet (Optuna),autoUniv-au6-250-drift-au6-cd1-500,isotonic,8,0.161602,0.868743,0.045399
TabNet (Optuna),autoUniv-au6-250-drift-au6-cd1-500,venn_abers,8,0.165948,0.867441,0.041926
TabNet (Optuna),autoUniv-au6-cd1-400,raw,8,0.199791,0.971748,0.192709
TabNet (Optuna),autoUniv-au6-cd1-400,isotonic,8,0.199551,0.853125,0.071043
TabNet (Optuna),autoUniv-au6-cd1-400,venn_abers,8,0.206574,0.847345,0.0703
TabNet (Optuna),autoUniv-au7-300-drift-au7-cpd1-800,raw,5,0.319822,0.78282,0.112923
TabNet (Optuna),autoUniv-au7-300-drift-au7-cpd1-800,isotonic,5,0.316206,0.765081,0.034535
TabNet (Optuna),autoUniv-au7-300-drift-au7-cpd1-800,venn_abers,5,0.316854,0.762385,0.042048
TabNet (Optuna),autoUniv-au7-700,raw,3,0.452192,0.653608,0.091344
TabNet (Optuna),autoUniv-au7-700,isotonic,3,0.44235,0.634014,0.052368
TabNet (Optuna),autoUniv-au7-700,venn_abers,3,0.451763,0.630352,0.059934
TabNet (Optuna),autoUniv-au7-cpd1-500,raw,5,0.327019,0.827259,0.175036
TabNet (Optuna),autoUniv-au7-cpd1-500,isotonic,5,0.323732,0.759211,0.062614
TabNet (Optuna),autoUniv-au7-cpd1-500,venn_abers,5,0.327925,0.755148,0.071916
TabNet (Optuna),balance-scale,raw,3,0.949147,0.124485,0.032425
TabNet (Optuna),balance-scale,isotonic,3,0.944036,0.124527,0.025889
TabNet (Optuna),balance-scale,venn_abers,3,0.950516,0.123104,0.045621
TabNet (Optuna),blogger,raw,2,0.854884,0.4358,0.230946
TabNet (Optuna),blogger,isotonic,2,0.833042,0.429617,0.193819
TabNet (Optuna),blogger,venn_abers,2,0.836527,0.405144,0.151184
TabNet (Optuna),blood-transfusion-service,raw,2,0.477153,0.318018,0.059825
TabNet (Optuna),blood-transfusion-service,isotonic,2,0.438026,0.323675,0.055283
TabNet (Optuna),blood-transfusion-service,venn_abers,2,0.449092,0.322,0.052619
TabNet (Optuna),breast-cancer-wisconsin,raw,2,0.986267,0.064572,0.025629
TabNet (Optuna),breast-cancer-wisconsin,isotonic,2,0.974331,0.060108,0.019806
TabNet (Optuna),breast-cancer-wisconsin,venn_abers,2,0.982042,0.062912,0.028753
TabNet (Optuna),bupa,raw,2,0.773586,0.404245,0.093317
TabNet (Optuna),bupa,isotonic,2,0.755361,0.39211,0.05446
TabNet (Optuna),bupa,venn_abers,2,0.768595,0.390304,0.060443
TabNet (Optuna),cardiotocography-3class,raw,3,0.934762,0.135405,0.028017
TabNet (Optuna),cardiotocography-3class,isotonic,3,0.929328,0.141952,0.047967
TabNet (Optuna),cardiotocography-3class,venn_abers,3,0.933401,0.143171,0.040666
TabNet (Optuna),car-evaluation,raw,4,0.988069,0.073336,0.018101
TabNet (Optuna),car-evaluation,isotonic,4,0.985441,0.086874,0.03184
TabNet (Optuna),car-evaluation,venn_abers,4,0.986865,0.086139,0.029609
TabNet (Optuna),climate-simulation-craches,raw,2,0.969206,0.160841,0.055385
TabNet (Optuna),climate-simulation-craches,isotonic,2,0.960687,0.157141,0.042411
TabNet (Optuna),climate-simulation-craches,venn_abers,2,0.963876,0.153221,0.036231
TabNet (Optuna),colon32,raw,2,0.73069,0.394651,0.202164
TabNet (Optuna),colon32,isotonic,2,0.609375,0.400541,0.141545
TabNet (Optuna),colon32,venn_abers,2,0.716031,0.363653,0.175644
TabNet (Optuna),connectionist-mines-vs-rocks,raw,2,0.81819,0.355268,0.093866
TabNet (Optuna),connectionist-mines-vs-rocks,isotonic,2,0.775387,0.373309,0.124093
TabNet (Optuna),connectionist-mines-vs-rocks,venn_abers,2,0.803868,0.364131,0.097447
TabNet (Optuna),contraceptive-method-choice,raw,3,0.56892,0.568836,0.04015
TabNet (Optuna),contraceptive-method-choice,isotonic,3,0.564105,0.56924,0.048397
TabNet (Optuna),contraceptive-method-choice,venn_abers,3,0.56557,0.568148,0.041676
TabNet (Optuna),dermatology,raw,6,0.990337,0.048435,0.026457
TabNet (Optuna),dermatology,isotonic,6,0.97054,0.060013,0.029284
TabNet (Optuna),dermatology,venn_abers,6,0.988146,0.074376,0.09594
TabNet (Optuna),flare,raw,6,0.7058,0.355254,0.056105
TabNet (Optuna),flare,isotonic,6,0.703975,0.353152,0.020886
TabNet (Optuna),flare,venn_abers,6,0.703347,0.356535,0.041145
TabNet (Optuna),glioma16,raw,2,0.777572,0.632663,0.341433
TabNet (Optuna),glioma16,isotonic,2,0.736052,0.58368,0.3214
TabNet (Optuna),glioma16,venn_abers,2,0.751529,0.518208,0.250029
TabNet (Optuna),habermans-survival,raw,2,0.441056,0.399747,0.146478
TabNet (Optuna),habermans-survival,isotonic,2,0.383983,0.394567,0.111909
TabNet (Optuna),habermans-survival,venn_abers,2,0.402259,0.385092,0.090655
TabNet (Optuna),hayes-roth,raw,3,0.873158,0.333342,0.082078
TabNet (Optuna),hayes-roth,isotonic,3,0.853295,0.389315,0.135345
TabNet (Optuna),hayes-roth,venn_abers,3,0.868964,0.375013,0.137242
TabNet (Optuna),heart-disease-processed-hungarian,raw,2,0.798514,0.328995,0.125795
TabNet (Optuna),heart-disease-processed-hungarian,isotonic,2,0.748304,0.311578,0.102944
TabNet (Optuna),heart-disease-processed-hungarian,venn_abers,2,0.750819,0.307293,0.112779
TabNet (Optuna),hepatitis,raw,2,0.887428,0.396599,0.200293
TabNet (Optuna),hepatitis,isotonic,2,0.875944,0.302988,0.124873
TabNet (Optuna),hepatitis,venn_abers,2,0.874535,0.299241,0.093558
TabNet (Optuna),hill-valley-with-noise,raw,2,0.521194,0.51815,0.043522
TabNet (Optuna),hill-valley-with-noise,isotonic,2,0.498997,0.509077,0.021074
TabNet (Optuna),hill-valley-with-noise,venn_abers,2,0.502148,0.503622,0.021352
TabNet (Optuna),hill-valley-without-noise,raw,2,0.489746,0.523268,0.06282
TabNet (Optuna),hill-valley-without-noise,isotonic,2,0.508167,0.51368,0.027574
TabNet (Optuna),hill-valley-without-noise,venn_abers,2,0.510431,0.504248,0.024358
TabNet (Optuna),indian-liver-patient,raw,2,0.436582,0.3943,0.074494
TabNet (Optuna),indian-liver-patient,isotonic,2,0.400132,0.381568,0.062752
TabNet (Optuna),indian-liver-patient,venn_abers,2,0.412395,0.379082,0.055107
TabNet (Optuna),ionosphere,raw,2,0.936955,0.18862,0.083979
TabNet (Optuna),ionosphere,isotonic,2,0.936376,0.175453,0.086319
TabNet (Optuna),ionosphere,venn_abers,2,0.936665,0.172498,0.072367
TabNet (Optuna),iris,raw,3,0.989583,0.055844,0.033089
TabNet (Optuna),iris,isotonic,3,0.979492,0.058822,0.04307
TabNet (Optuna),iris,venn_abers,3,0.989516,0.088777,0.097095
TabNet (Optuna),led7digit,raw,10,0.710179,0.462549,0.074166
TabNet (Optuna),led7digit,isotonic,10,0.699891,0.469362,0.062693
TabNet (Optuna),led7digit,venn_abers,10,0.706044,0.47769,0.100137
TabNet (Optuna),leukemia-haslinger,raw,2,0.871966,0.413293,0.21098
TabNet (Optuna),leukemia-haslinger,isotonic,2,0.858619,0.384623,0.172085
TabNet (Optuna),leukemia-haslinger,venn_abers,2,0.859111,0.38357,0.180665
TabNet (Optuna),lsvt-voice-rehabilitation,raw,2,0.923161,0.335243,0.105744
TabNet (Optuna),lsvt-voice-rehabilitation,isotonic,2,0.888769,0.349029,0.162221
TabNet (Optuna),lsvt-voice-rehabilitation,venn_abers,2,0.901894,0.334006,0.099534
TabNet (Optuna),mammographic-mass,raw,2,0.861044,0.270966,0.037026
TabNet (Optuna),mammographic-mass,isotonic,2,0.843723,0.275313,0.050639
TabNet (Optuna),mammographic-mass,venn_abers,2,0.845892,0.274976,0.04839
TabNet (Optuna),mfeat-fourier,raw,10,0.681023,0.667197,0.107189
TabNet (Optuna),mfeat-fourier,isotonic,10,0.633521,0.667945,0.169424
TabNet (Optuna),mfeat-fourier,venn_abers,10,0.649265,0.655199,0.133696
TabNet (Optuna),molecular-promotor-gene,raw,2,0.688686,0.65582,0.315907
TabNet (Optuna),molecular-promotor-gene,isotonic,2,0.609176,0.498815,0.147426
TabNet (Optuna),molecular-promotor-gene,venn_abers,2,0.614193,0.486882,0.147068
TabNet (Optuna),monks1,raw,2,1.0,0.003587,0.007286
TabNet (Optuna),monks1,isotonic,2,1.0,0.003103,0.001972
TabNet (Optuna),monks1,venn_abers,2,0.999333,0.012906,0.028385
TabNet (Optuna),monks3,raw,2,0.991634,0.035373,0.017639
TabNet (Optuna),monks3,isotonic,2,0.974338,0.047326,0.025507
TabNet (Optuna),monks3,venn_abers,2,0.990012,0.048942,0.028435
TabNet (Optuna),parkinsons,raw,2,0.952127,0.258009,0.101762
TabNet (Optuna),parkinsons,isotonic,2,0.930548,0.268249,0.1057
TabNet (Optuna),parkinsons,venn_abers,2,0.940654,0.258553,0.091981
TabNet (Optuna),pima-indians-diabetes,raw,2,0.705662,0.329456,0.057969
TabNet (Optuna),pima-indians-diabetes,isotonic,2,0.669651,0.336309,0.057638
TabNet (Optuna),pima-indians-diabetes,venn_abers,2,0.67895,0.334616,0.048358
TabNet (Optuna),planning-relax,raw,2,0.37434,0.478775,0.138813
TabNet (Optuna),planning-relax,isotonic,2,0.291543,0.428472,0.07488
TabNet (Optuna),planning-relax,venn_abers,2,0.315138,0.431221,0.095984
TabNet (Optuna),qsar-biodegradation,raw,2,0.85598,0.215765,0.049138
TabNet (Optuna),qsar-biodegradation,isotonic,2,0.827153,0.221381,0.047268
TabNet (Optuna),qsar-biodegradation,venn_abers,2,0.841998,0.220163,0.025308
TabNet (Optuna),robot-failure-lp1,raw,4,0.628945,0.565743,0.190761
TabNet (Optuna),robot-failure-lp1,isotonic,4,0.650525,0.545826,0.142269
TabNet (Optuna),robot-failure-lp1,venn_abers,4,0.616977,0.540079,0.176803
TabNet (Optuna),robot-failure-lp4,raw,3,0.68372,0.508771,0.192785
TabNet (Optuna),robot-failure-lp4,isotonic,3,0.634945,0.510793,0.173939
TabNet (Optuna),robot-failure-lp4,venn_abers,3,0.671433,0.49457,0.141171
TabNet (Optuna),robot-failure-lp5,raw,5,0.521587,0.720335,0.189171
TabNet (Optuna),robot-failure-lp5,isotonic,5,0.503188,0.727337,0.152626
TabNet (Optuna),robot-failure-lp5,venn_abers,5,0.527638,0.704453,0.130035
TabNet (Optuna),saheart,raw,2,0.573262,0.403868,0.090626
TabNet (Optuna),saheart,isotonic,2,0.536131,0.403473,0.061017
TabNet (Optuna),saheart,venn_abers,2,0.545787,0.399595,0.060923
TabNet (Optuna),seeds,raw,3,0.976526,0.110533,0.050922
TabNet (Optuna),seeds,isotonic,3,0.96625,0.117818,0.053094
TabNet (Optuna),seeds,venn_abers,3,0.975657,0.123459,0.086813
TabNet (Optuna),semeion,raw,10,0.911311,0.241044,0.088092
TabNet (Optuna),semeion,isotonic,10,0.906351,0.232824,0.022883
TabNet (Optuna),semeion,venn_abers,10,0.909647,0.234002,0.045333
TabNet (Optuna),spectf-heart,raw,2,0.930568,0.302239,0.059551
TabNet (Optuna),spectf-heart,isotonic,2,0.903549,0.329333,0.079444
TabNet (Optuna),spectf-heart,venn_abers,2,0.916469,0.323941,0.082235
TabNet (Optuna),statlog-australian-credit,raw,2,0.894998,0.213232,0.060863
TabNet (Optuna),statlog-australian-credit,isotonic,2,0.86897,0.216719,0.048267
TabNet (Optuna),statlog-australian-credit,venn_abers,2,0.880651,0.216346,0.042813
TabNet (Optuna),statlog-german-credit,raw,2,0.513428,0.375528,0.068806
TabNet (Optuna),statlog-german-credit,isotonic,2,0.481069,0.37177,0.049433
TabNet (Optuna),statlog-german-credit,venn_abers,2,0.491766,0.369417,0.045402
TabNet (Optuna),statlog-heart,raw,2,0.785786,0.358111,0.115533
TabNet (Optuna),statlog-heart,isotonic,2,0.746033,0.355698,0.091007
TabNet (Optuna),statlog-heart,venn_abers,2,0.768554,0.348314,0.09974
TabNet (Optuna),statlog-vehicle-silhouettes,raw,4,0.873473,0.255132,0.070034
TabNet (Optuna),statlog-vehicle-silhouettes,isotonic,4,0.865445,0.255327,0.056412
TabNet (Optuna),statlog-vehicle-silhouettes,venn_abers,4,0.869755,0.258199,0.049533
TabNet (Optuna),systhetic-control,raw,6,0.993206,0.04415,0.019005
TabNet (Optuna),systhetic-control,isotonic,6,0.982789,0.052432,0.024495
TabNet (Optuna),systhetic-control,venn_abers,6,0.99321,0.060254,0.060125
TabNet (Optuna),teaching-assistant-evaluation,raw,3,0.48065,0.806061,0.307274
TabNet (Optuna),teaching-assistant-evaluation,isotonic,3,0.474277,0.663521,0.126689
TabNet (Optuna),teaching-assistant-evaluation,venn_abers,3,0.473645,0.650474,0.149135
TabNet (Optuna),thoracic-surgery,raw,2,0.837585,0.281032,0.089637
TabNet (Optuna),thoracic-surgery,isotonic,2,0.854338,0.259926,0.025007
TabNet (Optuna),thoracic-surgery,venn_abers,2,0.856724,0.259277,0.023786
TabNet (Optuna),thyroid-newthyroid,raw,3,0.984335,0.112571,0.052608
TabNet (Optuna),thyroid-newthyroid,isotonic,3,0.963432,0.154399,0.075323
TabNet (Optuna),thyroid-newthyroid,venn_abers,3,0.983732,0.149769,0.072739
TabNet (Optuna),user-knowledge,raw,5,0.921317,0.206276,0.07175
TabNet (Optuna),user-knowledge,isotonic,5,0.916382,0.214903,0.067133
TabNet (Optuna),user-knowledge,venn_abers,5,0.921137,0.217936,0.07275
TabNet (Optuna),vertebra-column-2c,raw,2,0.841778,0.236874,0.067286
TabNet (Optuna),vertebra-column-2c,isotonic,2,0.791321,0.228316,0.060281
TabNet (Optuna),vertebra-column-2c,venn_abers,2,0.804539,0.225749,0.053795
TabNet (Optuna),vertebra-column-3c,raw,3,0.875142,0.258963,0.066394
TabNet (Optuna),vertebra-column-3c,isotonic,3,0.857292,0.267628,0.066471
TabNet (Optuna),vertebra-column-3c,venn_abers,3,0.870855,0.267829,0.071201
TabNet (Optuna),volcanoes-a2,raw,5,0.902281,0.160597,0.037802
TabNet (Optuna),volcanoes-a2,isotonic,5,0.899499,0.166305,0.02262
TabNet (Optuna),volcanoes-a2,venn_abers,5,0.89928,0.165695,0.033937
TabNet (Optuna),volcanoes-a4,raw,5,0.910982,0.152828,0.024583
TabNet (Optuna),volcanoes-a4,isotonic,5,0.908609,0.157574,0.036412
TabNet (Optuna),volcanoes-a4,venn_abers,5,0.910043,0.157177,0.044658
TabNet (Optuna),wdbc,raw,2,0.984126,0.079569,0.030959
TabNet (Optuna),wdbc,isotonic,2,0.975466,0.091775,0.037236
TabNet (Optuna),wdbc,venn_abers,2,0.982114,0.09153,0.040511
TabNet (Optuna),wholesale-channel,raw,2,0.918976,0.142848,0.038555
TabNet (Optuna),wholesale-channel,isotonic,2,0.891242,0.151432,0.046856
TabNet (Optuna),wholesale-channel,venn_abers,2,0.909106,0.151124,0.042558
TabNet (Optuna),wholesale-region,raw,3,0.59504,0.487506,0.113866
TabNet (Optuna),wholesale-region,isotonic,3,0.58716,0.445904,0.047977
TabNet (Optuna),wholesale-region,venn_abers,3,0.586077,0.448856,0.048345
TabNet (Optuna),yeast-4class,raw,4,0.601549,0.570171,0.068656
TabNet (Optuna),yeast-4class,isotonic,4,0.583747,0.57062,0.056188
TabNet (Optuna),yeast-4class,venn_abers,4,0.606576,0.566159,0.046667
TabPFN-3 (GridSearch),abalone-3class,raw,3,0.737836,0.417942,0.019636
TabPFN-3 (GridSearch),abalone-3class,isotonic,3,0.734441,0.420748,0.02106
TabPFN-3 (GridSearch),abalone-3class,venn_abers,3,0.736876,0.420477,0.019201
TabPFN-3 (GridSearch),abalone-7class,raw,7,0.348697,0.743738,0.031648
TabPFN-3 (GridSearch),abalone-7class,isotonic,7,0.344671,0.743953,0.025036
TabPFN-3 (GridSearch),abalone-7class,venn_abers,7,0.346513,0.74283,0.019214
TabPFN-3 (GridSearch),appendicitis,raw,2,0.713274,0.305133,0.132713
TabPFN-3 (GridSearch),appendicitis,isotonic,2,0.613071,0.246568,0.109087
TabPFN-3 (GridSearch),appendicitis,venn_abers,2,0.695763,0.231023,0.112509
TabPFN-3 (GridSearch),artificial-characters,raw,10,0.96732,0.140045,0.016681
TabPFN-3 (GridSearch),artificial-characters,isotonic,10,0.9647,0.138656,0.010552
TabPFN-3 (GridSearch),artificial-characters,venn_abers,10,0.967503,0.138719,0.018389
TabPFN-3 (GridSearch),autoUniv-au1-1000,raw,2,0.850914,0.389267,0.07541
TabPFN-3 (GridSearch),autoUniv-au1-1000,isotonic,2,0.83435,0.326898,0.029993
TabPFN-3 (GridSearch),autoUniv-au1-1000,venn_abers,2,0.842379,0.323541,0.024026
TabPFN-3 (GridSearch),autoUniv-au4-2500,raw,3,0.723109,0.422246,0.031772
TabPFN-3 (GridSearch),autoUniv-au4-2500,isotonic,3,0.710985,0.423322,0.025472
TabPFN-3 (GridSearch),autoUniv-au4-2500,venn_abers,3,0.716809,0.423988,0.024252
TabPFN-3 (GridSearch),autoUniv-au6-1000,raw,8,0.272912,0.811609,0.037228
TabPFN-3 (GridSearch),autoUniv-au6-1000,isotonic,8,0.273853,0.819437,0.055262
TabPFN-3 (GridSearch),autoUniv-au6-1000,venn_abers,8,0.273717,0.818292,0.043006
TabPFN-3 (GridSearch),autoUniv-au6-250-drift-au6-cd1-500,raw,8,0.262943,0.840609,0.067186
TabPFN-3 (GridSearch),autoUniv-au6-250-drift-au6-cd1-500,isotonic,8,0.227979,0.87121,0.095604
TabPFN-3 (GridSearch),autoUniv-au6-250-drift-au6-cd1-500,venn_abers,8,0.238187,0.864188,0.090241
TabPFN-3 (GridSearch),autoUniv-au6-cd1-400,raw,8,0.350581,0.806932,0.116199
TabPFN-3 (GridSearch),autoUniv-au6-cd1-400,isotonic,8,0.335109,0.796546,0.082356
TabPFN-3 (GridSearch),autoUniv-au6-cd1-400,venn_abers,8,0.33749,0.795523,0.071142
TabPFN-3 (GridSearch),autoUniv-au7-300-drift-au7-cpd1-800,raw,5,0.427775,0.685885,0.040228
TabPFN-3 (GridSearch),autoUniv-au7-300-drift-au7-cpd1-800,isotonic,5,0.427304,0.695784,0.047135
TabPFN-3 (GridSearch),autoUniv-au7-300-drift-au7-cpd1-800,venn_abers,5,0.428387,0.693007,0.043808
TabPFN-3 (GridSearch),autoUniv-au7-700,raw,3,0.585849,0.527961,0.072393
TabPFN-3 (GridSearch),autoUniv-au7-700,isotonic,3,0.57905,0.530768,0.061349
TabPFN-3 (GridSearch),autoUniv-au7-700,venn_abers,3,0.578079,0.529412,0.053127
TabPFN-3 (GridSearch),autoUniv-au7-cpd1-500,raw,5,0.549376,0.634593,0.066856
TabPFN-3 (GridSearch),autoUniv-au7-cpd1-500,isotonic,5,0.536372,0.621257,0.059474
TabPFN-3 (GridSearch),autoUniv-au7-cpd1-500,venn_abers,5,0.54071,0.616253,0.050145
TabPFN-3 (GridSearch),balance-scale,raw,3,0.996347,0.053266,0.022061
TabPFN-3 (GridSearch),balance-scale,isotonic,3,0.984285,0.052018,0.022847
TabPFN-3 (GridSearch),balance-scale,venn_abers,3,0.995123,0.048702,0.035333
TabPFN-3 (GridSearch),banana,raw,2,0.969526,0.133144,0.011936
TabPFN-3 (GridSearch),banana,isotonic,2,0.96519,0.132419,0.01441
TabPFN-3 (GridSearch),banana,venn_abers,2,0.967024,0.132516,0.015158
TabPFN-3 (GridSearch),bank-marketing,raw,2,0.593224,0.217777,0.05335
TabPFN-3 (GridSearch),bank-marketing,isotonic,2,0.561931,0.130672,0.0159
TabPFN-3 (GridSearch),bank-marketing,venn_abers,2,0.56684,0.130269,0.019218
TabPFN-3 (GridSearch),bank-marketing-full,raw,2,0.634416,0.199509,0.051355
TabPFN-3 (GridSearch),bank-marketing-full,isotonic,2,0.611753,0.11912,0.012704
TabPFN-3 (GridSearch),bank-marketing-full,venn_abers,2,0.619682,0.119048,0.010375
TabPFN-3 (GridSearch),blogger,raw,2,0.891335,0.308762,0.124153
TabPFN-3 (GridSearch),blogger,isotonic,2,0.830283,0.373141,0.126139
TabPFN-3 (GridSearch),blogger,venn_abers,2,0.881616,0.34858,0.129285
TabPFN-3 (GridSearch),blood-transfusion-service,raw,2,0.529629,0.365015,0.046218
TabPFN-3 (GridSearch),blood-transfusion-service,isotonic,2,0.473566,0.322405,0.063469
TabPFN-3 (GridSearch),blood-transfusion-service,venn_abers,2,0.495988,0.321118,0.053229
TabPFN-3 (GridSearch),breast-cancer-wisconsin,raw,2,0.988184,0.049222,0.02142
TabPFN-3 (GridSearch),breast-cancer-wisconsin,isotonic,2,0.977797,0.049374,0.020267
TabPFN-3 (GridSearch),breast-cancer-wisconsin,venn_abers,2,0.985619,0.051891,0.02985
TabPFN-3 (GridSearch),bupa,raw,2,0.820473,0.360651,0.052644
TabPFN-3 (GridSearch),bupa,isotonic,2,0.79385,0.365032,0.081546
TabPFN-3 (GridSearch),bupa,venn_abers,2,0.797809,0.360339,0.054657
TabPFN-3 (GridSearch),cardiotocography-3class,raw,3,0.996939,0.015728,0.00515
TabPFN-3 (GridSearch),cardiotocography-3class,isotonic,3,0.994002,0.017153,0.007851
TabPFN-3 (GridSearch),cardiotocography-3class,venn_abers,3,0.996594,0.01798,0.013278
TabPFN-3 (GridSearch),car-evaluation,raw,4,0.999569,0.013189,0.010437
TabPFN-3 (GridSearch),car-evaluation,isotonic,4,0.995776,0.015048,0.005714
TabPFN-3 (GridSearch),car-evaluation,venn_abers,4,0.999602,0.014858,0.018166
TabPFN-3 (GridSearch),climate-simulation-craches,raw,2,0.985797,0.282361,0.066029
TabPFN-3 (GridSearch),climate-simulation-craches,isotonic,2,0.977158,0.128051,0.040404
TabPFN-3 (GridSearch),climate-simulation-craches,venn_abers,2,0.982791,0.125517,0.025388
TabPFN-3 (GridSearch),colon32,raw,2,0.867361,0.274441,0.176445
TabPFN-3 (GridSearch),colon32,isotonic,2,0.779067,0.316899,0.181535
TabPFN-3 (GridSearch),colon32,venn_abers,2,0.805456,0.305134,0.172849
TabPFN-3 (GridSearch),connectionist-mines-vs-rocks,raw,2,0.955822,0.18492,0.066678
TabPFN-3 (GridSearch),connectionist-mines-vs-rocks,isotonic,2,0.930882,0.222279,0.095908
TabPFN-3 (GridSearch),connectionist-mines-vs-rocks,venn_abers,2,0.949889,0.21788,0.095538
TabPFN-3 (GridSearch),contraceptive-method-choice,raw,3,0.61508,0.535151,0.03241
TabPFN-3 (GridSearch),contraceptive-method-choice,isotonic,3,0.606459,0.543379,0.04087
TabPFN-3 (GridSearch),contraceptive-method-choice,venn_abers,3,0.606193,0.542189,0.041147
TabPFN-3 (GridSearch),dermatology,raw,6,0.996958,0.031741,0.019731
TabPFN-3 (GridSearch),dermatology,isotonic,6,0.987924,0.046274,0.022638
TabPFN-3 (GridSearch),dermatology,venn_abers,6,0.996152,0.057569,0.087262
TabPFN-3 (GridSearch),eeg-eye-state,raw,2,0.999593,0.012378,0.00238
TabPFN-3 (GridSearch),eeg-eye-state,isotonic,2,0.999393,0.012186,0.00243
TabPFN-3 (GridSearch),eeg-eye-state,venn_abers,2,0.999543,0.012344,0.00405
TabPFN-3 (GridSearch),flare,raw,6,0.749392,0.319841,0.018424
TabPFN-3 (GridSearch),flare,isotonic,6,0.74121,0.325227,0.032996
TabPFN-3 (GridSearch),flare,venn_abers,6,0.746321,0.326388,0.049487
TabPFN-3 (GridSearch),glioma16,raw,2,0.871494,0.303408,0.130844
TabPFN-3 (GridSearch),glioma16,isotonic,2,0.844684,0.355743,0.173814
TabPFN-3 (GridSearch),glioma16,venn_abers,2,0.869609,0.33809,0.198483
TabPFN-3 (GridSearch),habermans-survival,raw,2,0.499302,0.424018,0.060271
TabPFN-3 (GridSearch),habermans-survival,isotonic,2,0.426469,0.382935,0.110645
TabPFN-3 (GridSearch),habermans-survival,venn_abers,2,0.48767,0.373959,0.093479
TabPFN-3 (GridSearch),hayes-roth,raw,3,0.963602,0.132879,0.067772
TabPFN-3 (GridSearch),hayes-roth,isotonic,3,0.949585,0.133392,0.043223
TabPFN-3 (GridSearch),hayes-roth,venn_abers,3,0.958784,0.156044,0.097766
TabPFN-3 (GridSearch),heart-disease-processed-hungarian,raw,2,0.862122,0.249686,0.06443
TabPFN-3 (GridSearch),heart-disease-processed-hungarian,isotonic,2,0.812558,0.247586,0.056289
TabPFN-3 (GridSearch),heart-disease-processed-hungarian,venn_abers,2,0.832101,0.246204,0.059775
TabPFN-3 (GridSearch),hepatitis,raw,2,0.958907,0.312395,0.118798
TabPFN-3 (GridSearch),hepatitis,isotonic,2,0.937289,0.273818,0.107344
TabPFN-3 (GridSearch),hepatitis,venn_abers,2,0.948382,0.259784,0.08834
TabPFN-3 (GridSearch),hill-valley-with-noise,raw,2,0.996852,0.105429,0.152846
TabPFN-3 (GridSearch),hill-valley-with-noise,isotonic,2,0.993741,0.043775,0.013749
TabPFN-3 (GridSearch),hill-valley-with-noise,venn_abers,2,0.99636,0.04313,0.019713
TabPFN-3 (GridSearch),hill-valley-without-noise,raw,2,0.999676,0.043768,0.087479
TabPFN-3 (GridSearch),hill-valley-without-noise,isotonic,2,0.996231,0.011443,0.006205
TabPFN-3 (GridSearch),hill-valley-without-noise,venn_abers,2,0.99964,0.011849,0.014957
TabPFN-3 (GridSearch),indian-liver-patient,raw,2,0.561673,0.382678,0.095537
TabPFN-3 (GridSearch),indian-liver-patient,isotonic,2,0.531369,0.335533,0.052198
TabPFN-3 (GridSearch),indian-liver-patient,venn_abers,2,0.539856,0.333593,0.042931
TabPFN-3 (GridSearch),ionosphere,raw,2,0.987502,0.097924,0.024331
TabPFN-3 (GridSearch),ionosphere,isotonic,2,0.972194,0.096125,0.042713
TabPFN-3 (GridSearch),ionosphere,venn_abers,2,0.986375,0.097562,0.036712
TabPFN-3 (GridSearch),iris,raw,3,0.997014,0.032751,0.018241
TabPFN-3 (GridSearch),iris,isotonic,3,0.971363,0.049687,0.027102
TabPFN-3 (GridSearch),iris,venn_abers,3,0.994796,0.066553,0.106526
TabPFN-3 (GridSearch),led7digit,raw,10,0.756547,0.400825,0.068828
TabPFN-3 (GridSearch),led7digit,isotonic,10,0.749273,0.413241,0.057095
TabPFN-3 (GridSearch),led7digit,venn_abers,10,0.75962,0.415894,0.08119
TabPFN-3 (GridSearch),leukemia-haslinger,raw,2,0.899412,0.25705,0.102955
TabPFN-3 (GridSearch),leukemia-haslinger,isotonic,2,0.882414,0.246346,0.099533
TabPFN-3 (GridSearch),leukemia-haslinger,venn_abers,2,0.887943,0.257825,0.107975
TabPFN-3 (GridSearch),lsvt-voice-rehabilitation,raw,2,0.957695,0.238811,0.11779
TabPFN-3 (GridSearch),lsvt-voice-rehabilitation,isotonic,2,0.926382,0.252278,0.109495
TabPFN-3 (GridSearch),lsvt-voice-rehabilitation,venn_abers,2,0.950127,0.248935,0.09814
TabPFN-3 (GridSearch),magic,raw,2,0.934351,0.156122,0.014258
TabPFN-3 (GridSearch),magic,isotonic,2,0.92789,0.150437,0.009574
TabPFN-3 (GridSearch),magic,venn_abers,2,0.929991,0.150581,0.008807
TabPFN-3 (GridSearch),mammographic-mass,raw,2,0.881278,0.240394,0.03348
TabPFN-3 (GridSearch),mammographic-mass,isotonic,2,0.865218,0.241846,0.040423
TabPFN-3 (GridSearch),mammographic-mass,venn_abers,2,0.869042,0.242456,0.041534
TabPFN-3 (GridSearch),mfeat-fourier,raw,10,0.935502,0.144987,0.021294
TabPFN-3 (GridSearch),mfeat-fourier,isotonic,10,0.925675,0.147023,0.023369
TabPFN-3 (GridSearch),mfeat-fourier,venn_abers,10,0.934713,0.150601,0.0421
TabPFN-3 (GridSearch),molecular-promotor-gene,raw,2,0.984311,0.111468,0.056346
TabPFN-3 (GridSearch),molecular-promotor-gene,isotonic,2,0.950171,0.141746,0.054788
TabPFN-3 (GridSearch),molecular-promotor-gene,venn_abers,2,0.979059,0.138373,0.097204
TabPFN-3 (GridSearch),molecular-splice-junction,raw,3,0.989917,0.048986,0.009492
TabPFN-3 (GridSearch),molecular-splice-junction,isotonic,3,0.989988,0.049407,0.008722
TabPFN-3 (GridSearch),molecular-splice-junction,venn_abers,3,0.990631,0.049858,0.012112
TabPFN-3 (GridSearch),monks1,raw,2,1.0,0.0,3.6e-05
TabPFN-3 (GridSearch),monks1,isotonic,2,1.0,0.0,0.0
TabPFN-3 (GridSearch),monks1,venn_abers,2,1.0,0.006936,0.023491
TabPFN-3 (GridSearch),monks3,raw,2,0.979952,0.022594,0.01741
TabPFN-3 (GridSearch),monks3,isotonic,2,0.978848,0.021754,0.013369
TabPFN-3 (GridSearch),monks3,venn_abers,2,0.98208,0.03014,0.02183
TabPFN-3 (GridSearch),mushroom,raw,2,1.0,0.0,1.3e-05
TabPFN-3 (GridSearch),mushroom,isotonic,2,1.0,0.0,0.0
TabPFN-3 (GridSearch),mushroom,venn_abers,2,1.0,0.000256,0.002137
TabPFN-3 (GridSearch),mushroom-expanded,raw,2,1.0,0.0,1.3e-05
TabPFN-3 (GridSearch),mushroom-expanded,isotonic,2,1.0,0.0,0.0
TabPFN-3 (GridSearch),mushroom-expanded,venn_abers,2,1.0,0.000314,0.002191
TabPFN-3 (GridSearch),nursery-4class,raw,4,1.0,0.000223,0.000646
TabPFN-3 (GridSearch),nursery-4class,isotonic,4,1.0,0.000161,0.000145
TabPFN-3 (GridSearch),nursery-4class,venn_abers,4,1.0,0.000652,0.00478
TabPFN-3 (GridSearch),optdigits,raw,10,0.999872,0.007242,0.002133
TabPFN-3 (GridSearch),optdigits,isotonic,10,0.998857,0.008646,0.004795
TabPFN-3 (GridSearch),optdigits,venn_abers,10,0.999858,0.010032,0.016793
TabPFN-3 (GridSearch),ozone-eighthr,raw,2,0.562276,0.198055,0.031899
TabPFN-3 (GridSearch),ozone-eighthr,isotonic,2,0.522347,0.079803,0.010773
TabPFN-3 (GridSearch),ozone-eighthr,venn_abers,2,0.534061,0.079529,0.013782
TabPFN-3 (GridSearch),ozone-onehr,raw,2,0.349859,0.200763,0.041154
TabPFN-3 (GridSearch),ozone-onehr,isotonic,2,0.294872,0.047471,0.009929
TabPFN-3 (GridSearch),ozone-onehr,venn_abers,2,0.315277,0.046721,0.012789
TabPFN-3 (GridSearch),page-blocks,raw,5,0.991298,0.035098,0.003563
TabPFN-3 (GridSearch),page-blocks,isotonic,5,0.989916,0.03692,0.005858
TabPFN-3 (GridSearch),page-blocks,venn_abers,5,0.99092,0.036954,0.008326
TabPFN-3 (GridSearch),parkinsons,raw,2,0.995174,0.102283,0.044642
TabPFN-3 (GridSearch),parkinsons,isotonic,2,0.987762,0.105522,0.037183
TabPFN-3 (GridSearch),parkinsons,venn_abers,2,0.994826,0.105179,0.05842
TabPFN-3 (GridSearch),pendigits,raw,10,0.999484,0.003507,0.001583
TabPFN-3 (GridSearch),pendigits,isotonic,10,0.999311,0.004158,0.0016
TabPFN-3 (GridSearch),pendigits,venn_abers,10,0.999568,0.004777,0.010289
TabPFN-3 (GridSearch),phoneme,raw,2,0.952153,0.114828,0.014176
TabPFN-3 (GridSearch),phoneme,isotonic,2,0.945531,0.106077,0.00836
TabPFN-3 (GridSearch),phoneme,venn_abers,2,0.948457,0.106037,0.010746
TabPFN-3 (GridSearch),pima-indians-diabetes,raw,2,0.714661,0.328047,0.05805
TabPFN-3 (GridSearch),pima-indians-diabetes,isotonic,2,0.68947,0.310415,0.03513
TabPFN-3 (GridSearch),pima-indians-diabetes,venn_abers,2,0.69804,0.309051,0.051749
TabPFN-3 (GridSearch),planning-relax,raw,2,0.346129,0.466789,0.120443
TabPFN-3 (GridSearch),planning-relax,isotonic,2,0.337924,0.384635,0.041917
TabPFN-3 (GridSearch),planning-relax,venn_abers,2,0.343016,0.408312,0.075369
TabPFN-3 (GridSearch),qsar-biodegradation,raw,2,0.908099,0.189565,0.026252
TabPFN-3 (GridSearch),qsar-biodegradation,isotonic,2,0.883192,0.182346,0.042759
TabPFN-3 (GridSearch),qsar-biodegradation,venn_abers,2,0.89787,0.181359,0.027938
TabPFN-3 (GridSearch),ringnorm,raw,2,0.997435,0.032156,0.00664
TabPFN-3 (GridSearch),ringnorm,isotonic,2,0.996268,0.032628,0.004944
TabPFN-3 (GridSearch),ringnorm,venn_abers,2,0.99723,0.03262,0.007448
TabPFN-3 (GridSearch),robot-failure-lp1,raw,4,0.969259,0.133313,0.077599
TabPFN-3 (GridSearch),robot-failure-lp1,isotonic,4,0.941738,0.111169,0.061947
TabPFN-3 (GridSearch),robot-failure-lp1,venn_abers,4,0.966653,0.151366,0.172665
TabPFN-3 (GridSearch),robot-failure-lp4,raw,3,0.973144,0.125341,0.056378
TabPFN-3 (GridSearch),robot-failure-lp4,isotonic,3,0.940323,0.121986,0.072167
TabPFN-3 (GridSearch),robot-failure-lp4,venn_abers,3,0.970122,0.136279,0.120815
TabPFN-3 (GridSearch),robot-failure-lp5,raw,5,0.810016,0.380232,0.108733
TabPFN-3 (GridSearch),robot-failure-lp5,isotonic,5,0.799691,0.390148,0.171043
TabPFN-3 (GridSearch),robot-failure-lp5,venn_abers,5,0.804772,0.384262,0.10173
TabPFN-3 (GridSearch),robot-nav-sensor-readings-24,raw,4,0.999515,0.017408,0.006305
TabPFN-3 (GridSearch),robot-nav-sensor-readings-24,isotonic,4,0.998933,0.016484,0.004465
TabPFN-3 (GridSearch),robot-nav-sensor-readings-24,venn_abers,4,0.999525,0.016914,0.008406
TabPFN-3 (GridSearch),robot-nav-sensor-readings-2,raw,4,0.999995,0.002624,0.001422
TabPFN-3 (GridSearch),robot-nav-sensor-readings-2,isotonic,4,0.998967,0.003452,0.002112
TabPFN-3 (GridSearch),robot-nav-sensor-readings-2,venn_abers,4,0.999993,0.003618,0.008975
TabPFN-3 (GridSearch),robot-nav-sensor-readings-4,raw,4,0.999986,0.002917,0.002307
TabPFN-3 (GridSearch),robot-nav-sensor-readings-4,isotonic,4,0.999441,0.002821,0.001782
TabPFN-3 (GridSearch),robot-nav-sensor-readings-4,venn_abers,4,0.999981,0.003371,0.007381
TabPFN-3 (GridSearch),saheart,raw,2,0.644394,0.393521,0.064
TabPFN-3 (GridSearch),saheart,isotonic,2,0.5957,0.379822,0.078976
TabPFN-3 (GridSearch),saheart,venn_abers,2,0.619289,0.374681,0.072285
TabPFN-3 (GridSearch),seeds,raw,3,0.996769,0.062507,0.033197
TabPFN-3 (GridSearch),seeds,isotonic,3,0.961903,0.081095,0.050173
TabPFN-3 (GridSearch),seeds,venn_abers,3,0.995476,0.082821,0.065833
TabPFN-3 (GridSearch),seismic-bumps,raw,2,0.976192,0.264748,0.04763
TabPFN-3 (GridSearch),seismic-bumps,isotonic,2,0.970969,0.117533,0.031593
TabPFN-3 (GridSearch),seismic-bumps,venn_abers,2,0.972348,0.116915,0.029366
TabPFN-3 (GridSearch),semeion,raw,10,0.990826,0.067353,0.051307
TabPFN-3 (GridSearch),semeion,isotonic,10,0.988155,0.062535,0.015983
TabPFN-3 (GridSearch),semeion,venn_abers,10,0.990763,0.066806,0.056299
TabPFN-3 (GridSearch),skin-segmentation,raw,2,0.999999,0.001442,0.000829
TabPFN-3 (GridSearch),skin-segmentation,isotonic,2,0.999819,0.001381,0.001085
TabPFN-3 (GridSearch),skin-segmentation,venn_abers,2,0.999998,0.001579,0.003054
TabPFN-3 (GridSearch),spambase,raw,2,0.988053,0.058295,0.007995
TabPFN-3 (GridSearch),spambase,isotonic,2,0.984716,0.058222,0.009482
TabPFN-3 (GridSearch),spambase,venn_abers,2,0.986791,0.058288,0.010225
TabPFN-3 (GridSearch),spectf-heart,raw,2,0.985553,0.182956,0.072605
TabPFN-3 (GridSearch),spectf-heart,isotonic,2,0.973553,0.133839,0.04431
TabPFN-3 (GridSearch),spectf-heart,venn_abers,2,0.979375,0.147863,0.077284
TabPFN-3 (GridSearch),statlog-australian-credit,raw,2,0.932165,0.187122,0.030977
TabPFN-3 (GridSearch),statlog-australian-credit,isotonic,2,0.918286,0.191028,0.038766
TabPFN-3 (GridSearch),statlog-australian-credit,venn_abers,2,0.925482,0.188608,0.031793
TabPFN-3 (GridSearch),statlog-german-credit,raw,2,0.65277,0.353724,0.047901
TabPFN-3 (GridSearch),statlog-german-credit,isotonic,2,0.625229,0.317119,0.041593
TabPFN-3 (GridSearch),statlog-german-credit,venn_abers,2,0.631361,0.31686,0.045444
TabPFN-3 (GridSearch),statlog-heart,raw,2,0.913217,0.230724,0.065114
TabPFN-3 (GridSearch),statlog-heart,isotonic,2,0.878984,0.243553,0.075532
TabPFN-3 (GridSearch),statlog-heart,venn_abers,2,0.899066,0.242559,0.083637
TabPFN-3 (GridSearch),statlog-image-segmentation,raw,7,0.99803,0.024215,0.006992
TabPFN-3 (GridSearch),statlog-image-segmentation,isotonic,7,0.994785,0.026832,0.008472
TabPFN-3 (GridSearch),statlog-image-segmentation,venn_abers,7,0.997683,0.027811,0.025683
TabPFN-3 (GridSearch),statlog-landsat-satellite,raw,6,0.975847,0.098463,0.012619
TabPFN-3 (GridSearch),statlog-landsat-satellite,isotonic,6,0.973417,0.102128,0.016224
TabPFN-3 (GridSearch),statlog-landsat-satellite,venn_abers,6,0.974843,0.1021,0.023529
TabPFN-3 (GridSearch),statlog-vehicle-silhouettes,raw,4,0.944556,0.150699,0.02743
TabPFN-3 (GridSearch),statlog-vehicle-silhouettes,isotonic,4,0.931487,0.158145,0.032701
TabPFN-3 (GridSearch),statlog-vehicle-silhouettes,venn_abers,4,0.94207,0.158193,0.050936
TabPFN-3 (GridSearch),systhetic-control,raw,6,1.0,0.001709,0.003327
TabPFN-3 (GridSearch),systhetic-control,isotonic,6,1.0,0.002959,0.002293
TabPFN-3 (GridSearch),systhetic-control,venn_abers,6,0.999872,0.019906,0.065462
TabPFN-3 (GridSearch),teaching-assistant-evaluation,raw,3,0.767071,0.448113,0.136458
TabPFN-3 (GridSearch),teaching-assistant-evaluation,isotonic,3,0.748236,0.45829,0.107022
TabPFN-3 (GridSearch),teaching-assistant-evaluation,venn_abers,3,0.760758,0.448163,0.121569
TabPFN-3 (GridSearch),thoracic-surgery,raw,2,0.903491,0.444807,0.100624
TabPFN-3 (GridSearch),thoracic-surgery,isotonic,2,0.895598,0.316397,0.106447
TabPFN-3 (GridSearch),thoracic-surgery,venn_abers,2,0.897599,0.277019,0.086911
TabPFN-3 (GridSearch),thyroid-allbp,raw,5,0.777647,0.38673,0.023608
TabPFN-3 (GridSearch),thyroid-allbp,isotonic,5,0.774898,0.390467,0.02746
TabPFN-3 (GridSearch),thyroid-allbp,venn_abers,5,0.776425,0.390797,0.022526
TabPFN-3 (GridSearch),thyroid-ann,raw,3,0.999532,0.008296,0.002477
TabPFN-3 (GridSearch),thyroid-ann,isotonic,3,0.998635,0.010265,0.004402
TabPFN-3 (GridSearch),thyroid-ann,venn_abers,3,0.999504,0.009986,0.006487
TabPFN-3 (GridSearch),thyroid-newthyroid,raw,3,0.996894,0.04094,0.034738
TabPFN-3 (GridSearch),thyroid-newthyroid,isotonic,3,0.981575,0.049968,0.023491
TabPFN-3 (GridSearch),thyroid-newthyroid,venn_abers,3,0.997557,0.053121,0.071081
TabPFN-3 (GridSearch),thyroid-sick,raw,5,0.775993,0.388986,0.032176
TabPFN-3 (GridSearch),thyroid-sick,isotonic,5,0.772712,0.391752,0.026908
TabPFN-3 (GridSearch),thyroid-sick,venn_abers,5,0.775023,0.391918,0.026819
TabPFN-3 (GridSearch),thyroid-sick-euthyroid,raw,2,0.923136,0.058467,0.009891
TabPFN-3 (GridSearch),thyroid-sick-euthyroid,isotonic,2,0.901095,0.036251,0.01008
TabPFN-3 (GridSearch),thyroid-sick-euthyroid,venn_abers,2,0.908234,0.036594,0.011388
TabPFN-3 (GridSearch),user-knowledge,raw,5,0.966773,0.104538,0.036577
TabPFN-3 (GridSearch),user-knowledge,isotonic,5,0.939235,0.118231,0.046433
TabPFN-3 (GridSearch),user-knowledge,venn_abers,5,0.960313,0.122225,0.069766
TabPFN-3 (GridSearch),vertebra-column-2c,raw,2,0.895327,0.220013,0.065821
TabPFN-3 (GridSearch),vertebra-column-2c,isotonic,2,0.855318,0.209755,0.062535
TabPFN-3 (GridSearch),vertebra-column-2c,venn_abers,2,0.878036,0.207074,0.096968
TabPFN-3 (GridSearch),vertebra-column-3c,raw,3,0.920512,0.19017,0.049789
TabPFN-3 (GridSearch),vertebra-column-3c,isotonic,3,0.90906,0.194744,0.056663
TabPFN-3 (GridSearch),vertebra-column-3c,venn_abers,3,0.916924,0.195718,0.061497
TabPFN-3 (GridSearch),volcanoes-a1,raw,5,0.99232,0.029939,0.008688
TabPFN-3 (GridSearch),volcanoes-a1,isotonic,5,0.990134,0.033262,0.009992
TabPFN-3 (GridSearch),volcanoes-a1,venn_abers,5,0.991638,0.033528,0.019806
TabPFN-3 (GridSearch),volcanoes-a2,raw,5,0.923465,0.124817,0.018058
TabPFN-3 (GridSearch),volcanoes-a2,isotonic,5,0.921097,0.126246,0.013661
TabPFN-3 (GridSearch),volcanoes-a2,venn_abers,5,0.922975,0.127313,0.029088
TabPFN-3 (GridSearch),volcanoes-a4,raw,5,0.915838,0.137563,0.024426
TabPFN-3 (GridSearch),volcanoes-a4,isotonic,5,0.910793,0.138483,0.014667
TabPFN-3 (GridSearch),volcanoes-a4,venn_abers,5,0.911946,0.13943,0.027014
TabPFN-3 (GridSearch),volcanoes-b1,raw,5,0.964462,0.056153,0.008273
TabPFN-3 (GridSearch),volcanoes-b1,isotonic,5,0.963551,0.056541,0.002943
TabPFN-3 (GridSearch),volcanoes-b1,venn_abers,5,0.963647,0.056922,0.006492
TabPFN-3 (GridSearch),volcanoes-b2,raw,5,0.96597,0.05338,0.008542
TabPFN-3 (GridSearch),volcanoes-b2,isotonic,5,0.965558,0.054115,0.005284
TabPFN-3 (GridSearch),volcanoes-b2,venn_abers,5,0.965766,0.054283,0.007588
TabPFN-3 (GridSearch),volcanoes-c1,raw,5,0.976556,0.040566,0.006143
TabPFN-3 (GridSearch),volcanoes-c1,isotonic,5,0.975848,0.041141,0.002938
TabPFN-3 (GridSearch),volcanoes-c1,venn_abers,5,0.976382,0.041364,0.008127
TabPFN-3 (GridSearch),volcanoes-d1,raw,5,0.933801,0.097526,0.014497
TabPFN-3 (GridSearch),volcanoes-d1,isotonic,5,0.932947,0.098431,0.004533
TabPFN-3 (GridSearch),volcanoes-d1,venn_abers,5,0.933994,0.099187,0.009317
TabPFN-3 (GridSearch),volcanoes-d2,raw,5,0.937168,0.094792,0.013964
TabPFN-3 (GridSearch),volcanoes-d2,isotonic,5,0.935931,0.095064,0.004508
TabPFN-3 (GridSearch),volcanoes-d2,venn_abers,5,0.936737,0.096229,0.008655
TabPFN-3 (GridSearch),waveform-v1,raw,3,0.952944,0.179551,0.010732
TabPFN-3 (GridSearch),waveform-v1,isotonic,3,0.94964,0.181461,0.015086
TabPFN-3 (GridSearch),waveform-v1,venn_abers,3,0.952426,0.181541,0.013605
TabPFN-3 (GridSearch),wdbc,raw,2,0.994706,0.038741,0.017799
TabPFN-3 (GridSearch),wdbc,isotonic,2,0.982625,0.043859,0.025466
TabPFN-3 (GridSearch),wdbc,venn_abers,2,0.994436,0.043871,0.036328
TabPFN-3 (GridSearch),wholesale-channel,raw,2,0.941723,0.133407,0.023842
TabPFN-3 (GridSearch),wholesale-channel,isotonic,2,0.917737,0.123495,0.036984
TabPFN-3 (GridSearch),wholesale-channel,venn_abers,2,0.931643,0.124498,0.045197
TabPFN-3 (GridSearch),wholesale-region,raw,3,0.588902,0.583489,0.23671
TabPFN-3 (GridSearch),wholesale-region,isotonic,3,0.576861,0.478622,0.120406
TabPFN-3 (GridSearch),wholesale-region,venn_abers,3,0.579324,0.461448,0.090599
TabPFN-3 (GridSearch),wilt,raw,2,0.959742,0.036743,0.008084
TabPFN-3 (GridSearch),wilt,isotonic,2,0.937893,0.016888,0.004102
TabPFN-3 (GridSearch),wilt,venn_abers,2,0.955433,0.016738,0.006232
TabPFN-3 (GridSearch),wine-quality-5class,raw,5,0.783971,0.401735,0.029075
TabPFN-3 (GridSearch),wine-quality-5class,isotonic,5,0.78171,0.403076,0.018837
TabPFN-3 (GridSearch),wine-quality-5class,venn_abers,5,0.782659,0.402938,0.017967
TabPFN-3 (GridSearch),yeast-4class,raw,4,0.698154,0.469875,0.040978
TabPFN-3 (GridSearch),yeast-4class,isotonic,4,0.690461,0.473539,0.038131
TabPFN-3 (GridSearch),yeast-4class,venn_abers,4,0.693424,0.473244,0.040817
TabPFN-3.5 (GridSearch),abalone-3class,raw,3,0.740248,0.417065,0.014371
TabPFN-3.5 (GridSearch),abalone-3class,isotonic,3,0.736948,0.420026,0.017781
TabPFN-3.5 (GridSearch),abalone-3class,venn_abers,3,0.738713,0.419811,0.020395
TabPFN-3.5 (GridSearch),abalone-7class,raw,7,0.351026,0.739481,0.028252
TabPFN-3.5 (GridSearch),abalone-7class,isotonic,7,0.343308,0.744865,0.036327
TabPFN-3.5 (GridSearch),abalone-7class,venn_abers,7,0.34645,0.743571,0.031477
TabPFN-3.5 (GridSearch),appendicitis,raw,2,0.717563,0.309747,0.112116
TabPFN-3.5 (GridSearch),appendicitis,isotonic,2,0.680645,0.211083,0.078569
TabPFN-3.5 (GridSearch),appendicitis,venn_abers,2,0.701577,0.210679,0.097668
TabPFN-3.5 (GridSearch),artificial-characters,raw,10,0.996814,0.040226,0.011714
TabPFN-3.5 (GridSearch),artificial-characters,isotonic,10,0.993672,0.040186,0.009382
TabPFN-3.5 (GridSearch),artificial-characters,venn_abers,10,0.996814,0.040031,0.012272
TabPFN-3.5 (GridSearch),autoUniv-au1-1000,raw,2,0.845923,0.403634,0.083152
TabPFN-3.5 (GridSearch),autoUniv-au1-1000,isotonic,2,0.830902,0.318623,0.055464
TabPFN-3.5 (GridSearch),autoUniv-au1-1000,venn_abers,2,0.828319,0.318717,0.064596
TabPFN-3.5 (GridSearch),autoUniv-au4-2500,raw,3,0.738449,0.404689,0.031923
TabPFN-3.5 (GridSearch),autoUniv-au4-2500,isotonic,3,0.7282,0.40674,0.025561
TabPFN-3.5 (GridSearch),autoUniv-au4-2500,venn_abers,3,0.732482,0.406873,0.025349
TabPFN-3.5 (GridSearch),autoUniv-au6-1000,raw,8,0.309121,0.796454,0.034432
TabPFN-3.5 (GridSearch),autoUniv-au6-1000,isotonic,8,0.299656,0.80618,0.056908
TabPFN-3.5 (GridSearch),autoUniv-au6-1000,venn_abers,8,0.301669,0.802698,0.045423
TabPFN-3.5 (GridSearch),autoUniv-au6-250-drift-au6-cd1-500,raw,8,0.294037,0.80836,0.072798
TabPFN-3.5 (GridSearch),autoUniv-au6-250-drift-au6-cd1-500,isotonic,8,0.285069,0.817257,0.047985
TabPFN-3.5 (GridSearch),autoUniv-au6-250-drift-au6-cd1-500,venn_abers,8,0.287199,0.823564,0.062985
TabPFN-3.5 (GridSearch),autoUniv-au6-cd1-400,raw,8,0.430236,0.721836,0.086571
TabPFN-3.5 (GridSearch),autoUniv-au6-cd1-400,isotonic,8,0.412234,0.747979,0.101787
TabPFN-3.5 (GridSearch),autoUniv-au6-cd1-400,venn_abers,8,0.412044,0.74708,0.076823
TabPFN-3.5 (GridSearch),autoUniv-au7-300-drift-au7-cpd1-800,raw,5,0.473704,0.64912,0.031814
TabPFN-3.5 (GridSearch),autoUniv-au7-300-drift-au7-cpd1-800,isotonic,5,0.470297,0.651782,0.055626
TabPFN-3.5 (GridSearch),autoUniv-au7-300-drift-au7-cpd1-800,venn_abers,5,0.469619,0.649186,0.041682
TabPFN-3.5 (GridSearch),autoUniv-au7-700,raw,3,0.600513,0.520233,0.049738
TabPFN-3.5 (GridSearch),autoUniv-au7-700,isotonic,3,0.583631,0.525551,0.048324
TabPFN-3.5 (GridSearch),autoUniv-au7-700,venn_abers,3,0.594312,0.524562,0.043166
TabPFN-3.5 (GridSearch),autoUniv-au7-cpd1-500,raw,5,0.568555,0.644468,0.082238
TabPFN-3.5 (GridSearch),autoUniv-au7-cpd1-500,isotonic,5,0.561203,0.589845,0.058838
TabPFN-3.5 (GridSearch),autoUniv-au7-cpd1-500,venn_abers,5,0.564758,0.589128,0.080859
TabPFN-3.5 (GridSearch),balance-scale,raw,3,0.996056,0.02789,0.021836
TabPFN-3.5 (GridSearch),balance-scale,isotonic,3,0.986918,0.028179,0.015211
TabPFN-3.5 (GridSearch),balance-scale,venn_abers,3,0.995675,0.0271,0.033407
TabPFN-3.5 (GridSearch),banana,raw,2,0.969526,0.132695,0.009048
TabPFN-3.5 (GridSearch),banana,isotonic,2,0.965179,0.132823,0.010185
TabPFN-3.5 (GridSearch),banana,venn_abers,2,0.967073,0.132767,0.013003
TabPFN-3.5 (GridSearch),bank-marketing,raw,2,0.617725,0.227578,0.060914
TabPFN-3.5 (GridSearch),bank-marketing,isotonic,2,0.581497,0.128481,0.016769
TabPFN-3.5 (GridSearch),bank-marketing,venn_abers,2,0.598598,0.128223,0.012837
TabPFN-3.5 (GridSearch),bank-marketing-full,raw,2,0.645692,0.207104,0.052656
TabPFN-3.5 (GridSearch),bank-marketing-full,isotonic,2,0.624754,0.116191,0.005891
TabPFN-3.5 (GridSearch),bank-marketing-full,venn_abers,2,0.631095,0.116136,0.005981
TabPFN-3.5 (GridSearch),blogger,raw,2,0.892923,0.318581,0.134857
TabPFN-3.5 (GridSearch),blogger,isotonic,2,0.852243,0.368619,0.1497
TabPFN-3.5 (GridSearch),blogger,venn_abers,2,0.844246,0.34529,0.129009
TabPFN-3.5 (GridSearch),blood-transfusion-service,raw,2,0.5291,0.403119,0.049999
TabPFN-3.5 (GridSearch),blood-transfusion-service,isotonic,2,0.494057,0.299429,0.053968
TabPFN-3.5 (GridSearch),blood-transfusion-service,venn_abers,2,0.507882,0.298605,0.047998
TabPFN-3.5 (GridSearch),breast-cancer-wisconsin,raw,2,0.990974,0.047619,0.017783
TabPFN-3.5 (GridSearch),breast-cancer-wisconsin,isotonic,2,0.980891,0.051156,0.017448
TabPFN-3.5 (GridSearch),breast-cancer-wisconsin,venn_abers,2,0.990274,0.049625,0.024374
TabPFN-3.5 (GridSearch),bupa,raw,2,0.808993,0.371918,0.070812
TabPFN-3.5 (GridSearch),bupa,isotonic,2,0.769971,0.380748,0.074102
TabPFN-3.5 (GridSearch),bupa,venn_abers,2,0.794829,0.373236,0.069439
TabPFN-3.5 (GridSearch),cardiotocography-3class,raw,3,0.998161,0.014239,0.005422
TabPFN-3.5 (GridSearch),cardiotocography-3class,isotonic,3,0.995671,0.014122,0.006372
TabPFN-3.5 (GridSearch),cardiotocography-3class,venn_abers,3,0.998111,0.015398,0.012982
TabPFN-3.5 (GridSearch),car-evaluation,raw,4,0.999972,0.007181,0.012855
TabPFN-3.5 (GridSearch),car-evaluation,isotonic,4,0.99925,0.002559,0.002544
TabPFN-3.5 (GridSearch),car-evaluation,venn_abers,4,0.999972,0.006319,0.019089
TabPFN-3.5 (GridSearch),climate-simulation-craches,raw,2,0.984807,0.326181,0.056227
TabPFN-3.5 (GridSearch),climate-simulation-craches,isotonic,2,0.975688,0.126656,0.026037
TabPFN-3.5 (GridSearch),climate-simulation-craches,venn_abers,2,0.981848,0.127109,0.033327
TabPFN-3.5 (GridSearch),colon32,raw,2,0.843114,0.254511,0.150609
TabPFN-3.5 (GridSearch),colon32,isotonic,2,0.740427,0.335809,0.165256
TabPFN-3.5 (GridSearch),colon32,venn_abers,2,0.821586,0.312412,0.159531
TabPFN-3.5 (GridSearch),connectionist-mines-vs-rocks,raw,2,0.978081,0.145277,0.058956
TabPFN-3.5 (GridSearch),connectionist-mines-vs-rocks,isotonic,2,0.955593,0.172849,0.06178
TabPFN-3.5 (GridSearch),connectionist-mines-vs-rocks,venn_abers,2,0.973087,0.164991,0.065758
TabPFN-3.5 (GridSearch),contraceptive-method-choice,raw,3,0.61811,0.539784,0.032574
TabPFN-3.5 (GridSearch),contraceptive-method-choice,isotonic,3,0.608786,0.544088,0.044508
TabPFN-3.5 (GridSearch),contraceptive-method-choice,venn_abers,3,0.609863,0.543392,0.039922
TabPFN-3.5 (GridSearch),dermatology,raw,6,0.99719,0.026366,0.014804
TabPFN-3.5 (GridSearch),dermatology,isotonic,6,0.986685,0.031432,0.020275
TabPFN-3.5 (GridSearch),dermatology,venn_abers,6,0.996896,0.047532,0.085517
TabPFN-3.5 (GridSearch),eeg-eye-state,raw,2,0.999731,0.010774,0.003612
TabPFN-3.5 (GridSearch),eeg-eye-state,isotonic,2,0.999135,0.010323,0.001659
TabPFN-3.5 (GridSearch),eeg-eye-state,venn_abers,2,0.999693,0.010327,0.004191
TabPFN-3.5 (GridSearch),flare,raw,6,0.751711,0.319129,0.027006
TabPFN-3.5 (GridSearch),flare,isotonic,6,0.74891,0.325719,0.035406
TabPFN-3.5 (GridSearch),flare,venn_abers,6,0.752949,0.326918,0.040537
TabPFN-3.5 (GridSearch),glioma16,raw,2,0.894709,0.262135,0.195185
TabPFN-3.5 (GridSearch),glioma16,isotonic,2,0.852172,0.328921,0.219303
TabPFN-3.5 (GridSearch),glioma16,venn_abers,2,0.901299,0.291994,0.195461
TabPFN-3.5 (GridSearch),habermans-survival,raw,2,0.488759,0.447958,0.094691
TabPFN-3.5 (GridSearch),habermans-survival,isotonic,2,0.451907,0.368254,0.069078
TabPFN-3.5 (GridSearch),habermans-survival,venn_abers,2,0.460597,0.368735,0.112037
TabPFN-3.5 (GridSearch),hayes-roth,raw,3,0.9612,0.133642,0.066966
TabPFN-3.5 (GridSearch),hayes-roth,isotonic,3,0.955597,0.131973,0.043075
TabPFN-3.5 (GridSearch),hayes-roth,venn_abers,3,0.964155,0.148122,0.093418
TabPFN-3.5 (GridSearch),heart-disease-processed-hungarian,raw,2,0.859019,0.25314,0.069441
TabPFN-3.5 (GridSearch),heart-disease-processed-hungarian,isotonic,2,0.817338,0.244108,0.062975
TabPFN-3.5 (GridSearch),heart-disease-processed-hungarian,venn_abers,2,0.833807,0.243493,0.044725
TabPFN-3.5 (GridSearch),hepatitis,raw,2,0.958851,0.318995,0.114293
TabPFN-3.5 (GridSearch),hepatitis,isotonic,2,0.938947,0.284711,0.095517
TabPFN-3.5 (GridSearch),hepatitis,venn_abers,2,0.955392,0.257325,0.110386
TabPFN-3.5 (GridSearch),hill-valley-with-noise,raw,2,0.999764,0.036906,0.079863
TabPFN-3.5 (GridSearch),hill-valley-with-noise,isotonic,2,0.995734,0.016136,0.009009
TabPFN-3.5 (GridSearch),hill-valley-with-noise,venn_abers,2,0.999743,0.01499,0.014364
TabPFN-3.5 (GridSearch),hill-valley-without-noise,raw,2,1.0,0.003847,0.00907
TabPFN-3.5 (GridSearch),hill-valley-without-noise,isotonic,2,0.997568,0.004399,0.002542
TabPFN-3.5 (GridSearch),hill-valley-without-noise,venn_abers,2,0.999989,0.004145,0.012049
TabPFN-3.5 (GridSearch),indian-liver-patient,raw,2,0.581063,0.384011,0.094748
TabPFN-3.5 (GridSearch),indian-liver-patient,isotonic,2,0.54749,0.328364,0.050228
TabPFN-3.5 (GridSearch),indian-liver-patient,venn_abers,2,0.564912,0.327004,0.036334
TabPFN-3.5 (GridSearch),ionosphere,raw,2,0.988502,0.094003,0.039575
TabPFN-3.5 (GridSearch),ionosphere,isotonic,2,0.978706,0.086547,0.03182
TabPFN-3.5 (GridSearch),ionosphere,venn_abers,2,0.986776,0.087689,0.043164
TabPFN-3.5 (GridSearch),iris,raw,3,0.990333,0.045834,0.03324
TabPFN-3.5 (GridSearch),iris,isotonic,3,0.973083,0.067489,0.037109
TabPFN-3.5 (GridSearch),iris,venn_abers,3,0.99079,0.0812,0.107005
TabPFN-3.5 (GridSearch),led7digit,raw,10,0.764623,0.386892,0.06783
TabPFN-3.5 (GridSearch),led7digit,isotonic,10,0.758135,0.397509,0.072259
TabPFN-3.5 (GridSearch),led7digit,venn_abers,10,0.76137,0.403691,0.081538
TabPFN-3.5 (GridSearch),leukemia-haslinger,raw,2,0.925704,0.225244,0.121724
TabPFN-3.5 (GridSearch),leukemia-haslinger,isotonic,2,0.915396,0.254314,0.110342
TabPFN-3.5 (GridSearch),leukemia-haslinger,venn_abers,2,0.926057,0.255517,0.172873
TabPFN-3.5 (GridSearch),lsvt-voice-rehabilitation,raw,2,0.967851,0.205138,0.127169
TabPFN-3.5 (GridSearch),lsvt-voice-rehabilitation,isotonic,2,0.954639,0.198572,0.129289
TabPFN-3.5 (GridSearch),lsvt-voice-rehabilitation,venn_abers,2,0.963638,0.194635,0.097242
TabPFN-3.5 (GridSearch),magic,raw,2,0.939665,0.15289,0.019701
TabPFN-3.5 (GridSearch),magic,isotonic,2,0.93406,0.144423,0.009808
TabPFN-3.5 (GridSearch),magic,venn_abers,2,0.93593,0.144457,0.010863
TabPFN-3.5 (GridSearch),mammographic-mass,raw,2,0.881521,0.239618,0.033302
TabPFN-3.5 (GridSearch),mammographic-mass,isotonic,2,0.868163,0.244422,0.040036
TabPFN-3.5 (GridSearch),mammographic-mass,venn_abers,2,0.873261,0.24409,0.03028
TabPFN-3.5 (GridSearch),mfeat-fourier,raw,10,0.94826,0.134209,0.01459
TabPFN-3.5 (GridSearch),mfeat-fourier,isotonic,10,0.939711,0.138521,0.017157
TabPFN-3.5 (GridSearch),mfeat-fourier,venn_abers,10,0.945899,0.142135,0.037476
TabPFN-3.5 (GridSearch),molecular-promotor-gene,raw,2,0.99179,0.097315,0.044688
TabPFN-3.5 (GridSearch),molecular-promotor-gene,isotonic,2,0.954272,0.15172,0.093864
TabPFN-3.5 (GridSearch),molecular-promotor-gene,venn_abers,2,0.986627,0.13495,0.105491
TabPFN-3.5 (GridSearch),molecular-splice-junction,raw,3,0.990634,0.047305,0.008115
TabPFN-3.5 (GridSearch),molecular-splice-junction,isotonic,3,0.990798,0.048872,0.009717
TabPFN-3.5 (GridSearch),molecular-splice-junction,venn_abers,3,0.99115,0.04891,0.012614
TabPFN-3.5 (GridSearch),monks1,raw,2,1.0,0.0,0.000185
TabPFN-3.5 (GridSearch),monks1,isotonic,2,1.0,0.0,5e-06
TabPFN-3.5 (GridSearch),monks1,venn_abers,2,0.999853,0.009751,0.027826
TabPFN-3.5 (GridSearch),monks3,raw,2,0.98317,0.02287,0.01673
TabPFN-3.5 (GridSearch),monks3,isotonic,2,0.980688,0.021817,0.011136
TabPFN-3.5 (GridSearch),monks3,venn_abers,2,0.982828,0.028588,0.020991
TabPFN-3.5 (GridSearch),mushroom,raw,2,1.0,0.0,4.1e-05
TabPFN-3.5 (GridSearch),mushroom,isotonic,2,1.0,0.0,0.0
TabPFN-3.5 (GridSearch),mushroom,venn_abers,2,1.0,0.000594,0.002287
TabPFN-3.5 (GridSearch),mushroom-expanded,raw,2,1.0,0.0,4.3e-05
TabPFN-3.5 (GridSearch),mushroom-expanded,isotonic,2,1.0,0.0,1e-06
TabPFN-3.5 (GridSearch),mushroom-expanded,venn_abers,2,1.0,0.000596,0.002335
TabPFN-3.5 (GridSearch),nursery-4class,raw,4,1.0,3.1e-05,0.00083
TabPFN-3.5 (GridSearch),nursery-4class,isotonic,4,1.0,3e-06,2e-05
TabPFN-3.5 (GridSearch),nursery-4class,venn_abers,4,1.0,0.002559,0.012873
TabPFN-3.5 (GridSearch),optdigits,raw,10,0.999929,0.00639,0.002461
TabPFN-3.5 (GridSearch),optdigits,isotonic,10,0.999263,0.008331,0.004019
TabPFN-3.5 (GridSearch),optdigits,venn_abers,10,0.999915,0.008942,0.016199
TabPFN-3.5 (GridSearch),ozone-eighthr,raw,2,0.582009,0.220449,0.038348
TabPFN-3.5 (GridSearch),ozone-eighthr,isotonic,2,0.542105,0.080481,0.009752
TabPFN-3.5 (GridSearch),ozone-eighthr,venn_abers,2,0.557393,0.079877,0.012524
TabPFN-3.5 (GridSearch),ozone-onehr,raw,2,0.311102,0.259617,0.041727
TabPFN-3.5 (GridSearch),ozone-onehr,isotonic,2,0.279127,0.04764,0.00698
TabPFN-3.5 (GridSearch),ozone-onehr,venn_abers,2,0.296099,0.047145,0.010068
TabPFN-3.5 (GridSearch),page-blocks,raw,5,0.991311,0.03571,0.006742
TabPFN-3.5 (GridSearch),page-blocks,isotonic,5,0.98987,0.036648,0.006316
TabPFN-3.5 (GridSearch),page-blocks,venn_abers,5,0.991003,0.037283,0.00989
TabPFN-3.5 (GridSearch),parkinsons,raw,2,0.996798,0.080837,0.033781
TabPFN-3.5 (GridSearch),parkinsons,isotonic,2,0.98413,0.068603,0.033099
TabPFN-3.5 (GridSearch),parkinsons,venn_abers,2,0.996113,0.06867,0.039099
TabPFN-3.5 (GridSearch),pendigits,raw,10,0.99961,0.002952,0.00179
TabPFN-3.5 (GridSearch),pendigits,isotonic,10,0.999153,0.003965,0.001376
TabPFN-3.5 (GridSearch),pendigits,venn_abers,10,0.999533,0.004331,0.010409
TabPFN-3.5 (GridSearch),phoneme,raw,2,0.951923,0.118363,0.010649
TabPFN-3.5 (GridSearch),phoneme,isotonic,2,0.944646,0.106469,0.010565
TabPFN-3.5 (GridSearch),phoneme,venn_abers,2,0.947977,0.106262,0.010449
TabPFN-3.5 (GridSearch),pima-indians-diabetes,raw,2,0.718832,0.32845,0.034401
TabPFN-3.5 (GridSearch),pima-indians-diabetes,isotonic,2,0.700209,0.314676,0.054268
TabPFN-3.5 (GridSearch),pima-indians-diabetes,venn_abers,2,0.708701,0.313877,0.049449
TabPFN-3.5 (GridSearch),planning-relax,raw,2,0.305228,0.494594,0.225862
TabPFN-3.5 (GridSearch),planning-relax,isotonic,2,0.343319,0.395669,0.031207
TabPFN-3.5 (GridSearch),planning-relax,venn_abers,2,0.34543,0.39564,0.03099
TabPFN-3.5 (GridSearch),qsar-biodegradation,raw,2,0.905792,0.19467,0.026516
TabPFN-3.5 (GridSearch),qsar-biodegradation,isotonic,2,0.88981,0.189362,0.041047
TabPFN-3.5 (GridSearch),qsar-biodegradation,venn_abers,2,0.896747,0.188617,0.042559
TabPFN-3.5 (GridSearch),ringnorm,raw,2,0.997555,0.03074,0.005521
TabPFN-3.5 (GridSearch),ringnorm,isotonic,2,0.996524,0.030741,0.003625
TabPFN-3.5 (GridSearch),ringnorm,venn_abers,2,0.997322,0.030838,0.007886
TabPFN-3.5 (GridSearch),robot-failure-lp1,raw,4,0.976215,0.105028,0.066612
TabPFN-3.5 (GridSearch),robot-failure-lp1,isotonic,4,0.94862,0.087057,0.046724
TabPFN-3.5 (GridSearch),robot-failure-lp1,venn_abers,4,0.975646,0.138396,0.175366
TabPFN-3.5 (GridSearch),robot-failure-lp4,raw,3,0.981432,0.126152,0.073979
TabPFN-3.5 (GridSearch),robot-failure-lp4,isotonic,3,0.974301,0.089908,0.046004
TabPFN-3.5 (GridSearch),robot-failure-lp4,venn_abers,3,0.980346,0.119011,0.110418
TabPFN-3.5 (GridSearch),robot-failure-lp5,raw,5,0.797212,0.350425,0.080523
TabPFN-3.5 (GridSearch),robot-failure-lp5,isotonic,5,0.75227,0.340791,0.098465
TabPFN-3.5 (GridSearch),robot-failure-lp5,venn_abers,5,0.764277,0.350956,0.13402
TabPFN-3.5 (GridSearch),robot-nav-sensor-readings-24,raw,4,0.999794,0.009722,0.003113
TabPFN-3.5 (GridSearch),robot-nav-sensor-readings-24,isotonic,4,0.999132,0.011022,0.003251
TabPFN-3.5 (GridSearch),robot-nav-sensor-readings-24,venn_abers,4,0.999791,0.010896,0.008209
TabPFN-3.5 (GridSearch),robot-nav-sensor-readings-2,raw,4,1.0,0.000195,0.000702
TabPFN-3.5 (GridSearch),robot-nav-sensor-readings-2,isotonic,4,1.0,0.000323,0.000268
TabPFN-3.5 (GridSearch),robot-nav-sensor-readings-2,venn_abers,4,1.0,0.00162,0.00877
TabPFN-3.5 (GridSearch),robot-nav-sensor-readings-4,raw,4,1.0,0.000637,0.001144
TabPFN-3.5 (GridSearch),robot-nav-sensor-readings-4,isotonic,4,1.0,0.000182,0.000309
TabPFN-3.5 (GridSearch),robot-nav-sensor-readings-4,venn_abers,4,1.0,0.0015,0.007978
TabPFN-3.5 (GridSearch),saheart,raw,2,0.65198,0.394907,0.061696
TabPFN-3.5 (GridSearch),saheart,isotonic,2,0.598568,0.368731,0.048426
TabPFN-3.5 (GridSearch),saheart,venn_abers,2,0.617611,0.364171,0.05608
TabPFN-3.5 (GridSearch),seeds,raw,3,0.99573,0.058662,0.02844
TabPFN-3.5 (GridSearch),seeds,isotonic,3,0.968045,0.061344,0.046672
TabPFN-3.5 (GridSearch),seeds,venn_abers,3,0.993131,0.075795,0.075939
TabPFN-3.5 (GridSearch),seismic-bumps,raw,2,0.978258,0.244609,0.04401
TabPFN-3.5 (GridSearch),seismic-bumps,isotonic,2,0.966905,0.122421,0.041843
TabPFN-3.5 (GridSearch),seismic-bumps,venn_abers,2,0.969113,0.122145,0.04141
TabPFN-3.5 (GridSearch),semeion,raw,10,0.994858,0.052653,0.038737
TabPFN-3.5 (GridSearch),semeion,isotonic,10,0.988498,0.053804,0.013194
TabPFN-3.5 (GridSearch),semeion,venn_abers,10,0.994686,0.057033,0.05368
TabPFN-3.5 (GridSearch),skin-segmentation,raw,2,0.999998,0.001409,0.000628
TabPFN-3.5 (GridSearch),skin-segmentation,isotonic,2,0.999971,0.00098,0.000428
TabPFN-3.5 (GridSearch),skin-segmentation,venn_abers,2,0.999998,0.00107,0.002246
TabPFN-3.5 (GridSearch),spambase,raw,2,0.98975,0.054398,0.007185
TabPFN-3.5 (GridSearch),spambase,isotonic,2,0.987767,0.053657,0.007836
TabPFN-3.5 (GridSearch),spambase,venn_abers,2,0.988802,0.053661,0.009423
TabPFN-3.5 (GridSearch),spectf-heart,raw,2,0.983948,0.205165,0.066744
TabPFN-3.5 (GridSearch),spectf-heart,isotonic,2,0.966326,0.138715,0.050559
TabPFN-3.5 (GridSearch),spectf-heart,venn_abers,2,0.977031,0.141942,0.047221
TabPFN-3.5 (GridSearch),statlog-australian-credit,raw,2,0.926585,0.185901,0.036384
TabPFN-3.5 (GridSearch),statlog-australian-credit,isotonic,2,0.917177,0.196619,0.048982
TabPFN-3.5 (GridSearch),statlog-australian-credit,venn_abers,2,0.924828,0.19534,0.04228
TabPFN-3.5 (GridSearch),statlog-german-credit,raw,2,0.67793,0.355199,0.032571
TabPFN-3.5 (GridSearch),statlog-german-credit,isotonic,2,0.646221,0.312489,0.043565
TabPFN-3.5 (GridSearch),statlog-german-credit,venn_abers,2,0.659247,0.311737,0.045959
TabPFN-3.5 (GridSearch),statlog-heart,raw,2,0.910028,0.234681,0.065836
TabPFN-3.5 (GridSearch),statlog-heart,isotonic,2,0.889246,0.236554,0.06511
TabPFN-3.5 (GridSearch),statlog-heart,venn_abers,2,0.897604,0.238685,0.074563
TabPFN-3.5 (GridSearch),statlog-image-segmentation,raw,7,0.999203,0.015555,0.005113
TabPFN-3.5 (GridSearch),statlog-image-segmentation,isotonic,7,0.996464,0.016945,0.00527
TabPFN-3.5 (GridSearch),statlog-image-segmentation,venn_abers,7,0.999143,0.018055,0.02592
TabPFN-3.5 (GridSearch),statlog-landsat-satellite,raw,6,0.976159,0.098123,0.015703
TabPFN-3.5 (GridSearch),statlog-landsat-satellite,isotonic,6,0.973201,0.101817,0.014769
TabPFN-3.5 (GridSearch),statlog-landsat-satellite,venn_abers,6,0.974961,0.101645,0.025479
TabPFN-3.5 (GridSearch),statlog-vehicle-silhouettes,raw,4,0.9588,0.12622,0.025547
TabPFN-3.5 (GridSearch),statlog-vehicle-silhouettes,isotonic,4,0.95139,0.132707,0.036414
TabPFN-3.5 (GridSearch),statlog-vehicle-silhouettes,venn_abers,4,0.957095,0.134523,0.038916
TabPFN-3.5 (GridSearch),systhetic-control,raw,6,1.0,0.002923,0.003153
TabPFN-3.5 (GridSearch),systhetic-control,isotonic,6,1.0,0.002599,0.002451
TabPFN-3.5 (GridSearch),systhetic-control,venn_abers,6,0.999748,0.019263,0.065133
TabPFN-3.5 (GridSearch),teaching-assistant-evaluation,raw,3,0.76887,0.435678,0.117887
TabPFN-3.5 (GridSearch),teaching-assistant-evaluation,isotonic,3,0.759257,0.456807,0.080345
TabPFN-3.5 (GridSearch),teaching-assistant-evaluation,venn_abers,3,0.768554,0.454716,0.111944
TabPFN-3.5 (GridSearch),thoracic-surgery,raw,2,0.901934,0.487386,0.101574
TabPFN-3.5 (GridSearch),thoracic-surgery,isotonic,2,0.902146,0.274676,0.074617
TabPFN-3.5 (GridSearch),thoracic-surgery,venn_abers,2,0.897939,0.276759,0.086825
TabPFN-3.5 (GridSearch),thyroid-allbp,raw,5,0.781117,0.383776,0.023139
TabPFN-3.5 (GridSearch),thyroid-allbp,isotonic,5,0.778176,0.386549,0.022323
TabPFN-3.5 (GridSearch),thyroid-allbp,venn_abers,5,0.77941,0.386618,0.018317
TabPFN-3.5 (GridSearch),thyroid-ann,raw,3,0.99965,0.007339,0.002906
TabPFN-3.5 (GridSearch),thyroid-ann,isotonic,3,0.998849,0.009125,0.003954
TabPFN-3.5 (GridSearch),thyroid-ann,venn_abers,3,0.999632,0.008955,0.007432
TabPFN-3.5 (GridSearch),thyroid-newthyroid,raw,3,0.993903,0.056363,0.03871
TabPFN-3.5 (GridSearch),thyroid-newthyroid,isotonic,3,0.976415,0.05135,0.035051
TabPFN-3.5 (GridSearch),thyroid-newthyroid,venn_abers,3,0.994418,0.057261,0.080775
TabPFN-3.5 (GridSearch),thyroid-sick,raw,5,0.778679,0.386778,0.0229
TabPFN-3.5 (GridSearch),thyroid-sick,isotonic,5,0.774981,0.390428,0.016364
TabPFN-3.5 (GridSearch),thyroid-sick,venn_abers,5,0.776459,0.390246,0.024726
TabPFN-3.5 (GridSearch),thyroid-sick-euthyroid,raw,2,0.924508,0.063522,0.017146
TabPFN-3.5 (GridSearch),thyroid-sick-euthyroid,isotonic,2,0.900554,0.037306,0.009525
TabPFN-3.5 (GridSearch),thyroid-sick-euthyroid,venn_abers,2,0.914825,0.037563,0.011701
TabPFN-3.5 (GridSearch),user-knowledge,raw,5,0.972942,0.095111,0.024622
TabPFN-3.5 (GridSearch),user-knowledge,isotonic,5,0.943139,0.11001,0.044057
TabPFN-3.5 (GridSearch),user-knowledge,venn_abers,5,0.968776,0.114374,0.072347
TabPFN-3.5 (GridSearch),vertebra-column-2c,raw,2,0.894799,0.210681,0.057089
TabPFN-3.5 (GridSearch),vertebra-column-2c,isotonic,2,0.854404,0.205818,0.06575
TabPFN-3.5 (GridSearch),vertebra-column-2c,venn_abers,2,0.874953,0.202137,0.06182
TabPFN-3.5 (GridSearch),vertebra-column-3c,raw,3,0.919275,0.192637,0.048263
TabPFN-3.5 (GridSearch),vertebra-column-3c,isotonic,3,0.902799,0.193092,0.048191
TabPFN-3.5 (GridSearch),vertebra-column-3c,venn_abers,3,0.914396,0.198689,0.060543
TabPFN-3.5 (GridSearch),volcanoes-a1,raw,5,0.993353,0.028594,0.005765
TabPFN-3.5 (GridSearch),volcanoes-a1,isotonic,5,0.989564,0.03009,0.009024
TabPFN-3.5 (GridSearch),volcanoes-a1,venn_abers,5,0.992656,0.029972,0.016942
TabPFN-3.5 (GridSearch),volcanoes-a2,raw,5,0.923686,0.124602,0.014149
TabPFN-3.5 (GridSearch),volcanoes-a2,isotonic,5,0.919828,0.127167,0.016013
TabPFN-3.5 (GridSearch),volcanoes-a2,venn_abers,5,0.92361,0.127404,0.030005
TabPFN-3.5 (GridSearch),volcanoes-a4,raw,5,0.914924,0.307666,0.170187
TabPFN-3.5 (GridSearch),volcanoes-a4,isotonic,5,0.907779,0.150531,0.025078
TabPFN-3.5 (GridSearch),volcanoes-a4,venn_abers,5,0.915143,0.154149,0.045657
TabPFN-3.5 (GridSearch),volcanoes-b1,raw,5,0.964557,0.055636,0.004901
TabPFN-3.5 (GridSearch),volcanoes-b1,isotonic,5,0.963735,0.056127,0.00196
TabPFN-3.5 (GridSearch),volcanoes-b1,venn_abers,5,0.964077,0.056491,0.00701
TabPFN-3.5 (GridSearch),volcanoes-b2,raw,5,0.967143,0.052666,0.00287
TabPFN-3.5 (GridSearch),volcanoes-b2,isotonic,5,0.966379,0.05355,0.005091
TabPFN-3.5 (GridSearch),volcanoes-b2,venn_abers,5,0.96633,0.053857,0.007776
TabPFN-3.5 (GridSearch),volcanoes-c1,raw,5,0.976631,0.04024,0.003173
TabPFN-3.5 (GridSearch),volcanoes-c1,isotonic,5,0.975612,0.040944,0.002181
TabPFN-3.5 (GridSearch),volcanoes-c1,venn_abers,5,0.975662,0.041043,0.006624
TabPFN-3.5 (GridSearch),volcanoes-d1,raw,5,0.933427,0.09705,0.003208
TabPFN-3.5 (GridSearch),volcanoes-d1,isotonic,5,0.933255,0.098648,0.005234
TabPFN-3.5 (GridSearch),volcanoes-d1,venn_abers,5,0.933084,0.098949,0.008945
TabPFN-3.5 (GridSearch),volcanoes-d2,raw,5,0.937679,0.094369,0.003796
TabPFN-3.5 (GridSearch),volcanoes-d2,isotonic,5,0.936394,0.094966,0.004207
TabPFN-3.5 (GridSearch),volcanoes-d2,venn_abers,5,0.936805,0.095087,0.00801
TabPFN-3.5 (GridSearch),waveform-v1,raw,3,0.95285,0.179678,0.011129
TabPFN-3.5 (GridSearch),waveform-v1,isotonic,3,0.94989,0.18144,0.016009
TabPFN-3.5 (GridSearch),waveform-v1,venn_abers,3,0.952005,0.181486,0.017429
TabPFN-3.5 (GridSearch),wdbc,raw,2,0.994828,0.04095,0.019686
TabPFN-3.5 (GridSearch),wdbc,isotonic,2,0.978921,0.042501,0.017067
TabPFN-3.5 (GridSearch),wdbc,venn_abers,2,0.994314,0.041768,0.025587
TabPFN-3.5 (GridSearch),wholesale-channel,raw,2,0.939784,0.136214,0.035643
TabPFN-3.5 (GridSearch),wholesale-channel,isotonic,2,0.908562,0.118391,0.033595
TabPFN-3.5 (GridSearch),wholesale-channel,venn_abers,2,0.930536,0.118143,0.043739
TabPFN-3.5 (GridSearch),wholesale-region,raw,3,0.569661,0.615613,0.089216
TabPFN-3.5 (GridSearch),wholesale-region,isotonic,3,0.559783,0.464473,0.095895
TabPFN-3.5 (GridSearch),wholesale-region,venn_abers,3,0.563585,0.460854,0.086733
TabPFN-3.5 (GridSearch),wilt,raw,2,0.959461,0.041434,0.007993
TabPFN-3.5 (GridSearch),wilt,isotonic,2,0.945397,0.016956,0.0055
TabPFN-3.5 (GridSearch),wilt,venn_abers,2,0.954795,0.0171,0.006303
TabPFN-3.5 (GridSearch),wine-quality-5class,raw,5,0.787731,0.396565,0.017186
TabPFN-3.5 (GridSearch),wine-quality-5class,isotonic,5,0.784295,0.399077,0.018657
TabPFN-3.5 (GridSearch),wine-quality-5class,venn_abers,5,0.785281,0.398823,0.023324
TabPFN-3.5 (GridSearch),yeast-4class,raw,4,0.709383,0.460216,0.033327
TabPFN-3.5 (GridSearch),yeast-4class,isotonic,4,0.699963,0.46642,0.03107
TabPFN-3.5 (GridSearch),yeast-4class,venn_abers,4,0.704512,0.465687,0.020345
TabPFN-3.5-fast (GridSearch),abalone-3class,raw,3,0.740041,0.417222,0.01726
TabPFN-3.5-fast (GridSearch),abalone-3class,isotonic,3,0.736883,0.420717,0.016759
TabPFN-3.5-fast (GridSearch),abalone-3class,venn_abers,3,0.738047,0.420463,0.017668
TabPFN-3.5-fast (GridSearch),abalone-7class,raw,7,0.347339,0.744659,0.029163
TabPFN-3.5-fast (GridSearch),abalone-7class,isotonic,7,0.345436,0.744522,0.031456
TabPFN-3.5-fast (GridSearch),abalone-7class,venn_abers,7,0.345733,0.743834,0.022482
TabPFN-3.5-fast (GridSearch),appendicitis,raw,2,0.71422,0.302167,0.121069
TabPFN-3.5-fast (GridSearch),appendicitis,isotonic,2,0.665934,0.22258,0.108758
TabPFN-3.5-fast (GridSearch),appendicitis,venn_abers,2,0.695098,0.215341,0.085749
TabPFN-3.5-fast (GridSearch),artificial-characters,raw,10,0.997084,0.039482,0.015495
TabPFN-3.5-fast (GridSearch),artificial-characters,isotonic,10,0.993221,0.038763,0.006223
TabPFN-3.5-fast (GridSearch),artificial-characters,venn_abers,10,0.997032,0.038836,0.010746
TabPFN-3.5-fast (GridSearch),autoUniv-au1-1000,raw,2,0.850045,0.404663,0.079321
TabPFN-3.5-fast (GridSearch),autoUniv-au1-1000,isotonic,2,0.82718,0.319996,0.045927
TabPFN-3.5-fast (GridSearch),autoUniv-au1-1000,venn_abers,2,0.82649,0.318327,0.046043
TabPFN-3.5-fast (GridSearch),autoUniv-au4-2500,raw,3,0.727391,0.417954,0.034378
TabPFN-3.5-fast (GridSearch),autoUniv-au4-2500,isotonic,3,0.714837,0.416153,0.030901
TabPFN-3.5-fast (GridSearch),autoUniv-au4-2500,venn_abers,3,0.717848,0.41661,0.027077
TabPFN-3.5-fast (GridSearch),autoUniv-au6-1000,raw,8,0.282328,0.805471,0.058712
TabPFN-3.5-fast (GridSearch),autoUniv-au6-1000,isotonic,8,0.281294,0.807468,0.067046
TabPFN-3.5-fast (GridSearch),autoUniv-au6-1000,venn_abers,8,0.277154,0.806529,0.04446
TabPFN-3.5-fast (GridSearch),autoUniv-au6-250-drift-au6-cd1-500,raw,8,0.275127,0.823719,0.050094
TabPFN-3.5-fast (GridSearch),autoUniv-au6-250-drift-au6-cd1-500,isotonic,8,0.261805,0.826979,0.054119
TabPFN-3.5-fast (GridSearch),autoUniv-au6-250-drift-au6-cd1-500,venn_abers,8,0.269242,0.823385,0.040223
TabPFN-3.5-fast (GridSearch),autoUniv-au6-cd1-400,raw,8,0.394977,0.728427,0.05973
TabPFN-3.5-fast (GridSearch),autoUniv-au6-cd1-400,isotonic,8,0.392232,0.734481,0.073694
TabPFN-3.5-fast (GridSearch),autoUniv-au6-cd1-400,venn_abers,8,0.388667,0.736572,0.07408
TabPFN-3.5-fast (GridSearch),autoUniv-au7-300-drift-au7-cpd1-800,raw,5,0.460949,0.661609,0.037872
TabPFN-3.5-fast (GridSearch),autoUniv-au7-300-drift-au7-cpd1-800,isotonic,5,0.455711,0.664416,0.039465
TabPFN-3.5-fast (GridSearch),autoUniv-au7-300-drift-au7-cpd1-800,venn_abers,5,0.456752,0.661472,0.035045
TabPFN-3.5-fast (GridSearch),autoUniv-au7-700,raw,3,0.601675,0.523036,0.058164
TabPFN-3.5-fast (GridSearch),autoUniv-au7-700,isotonic,3,0.586925,0.530452,0.068845
TabPFN-3.5-fast (GridSearch),autoUniv-au7-700,venn_abers,3,0.595381,0.528625,0.059539
TabPFN-3.5-fast (GridSearch),autoUniv-au7-cpd1-500,raw,5,0.570815,0.61343,0.058669
TabPFN-3.5-fast (GridSearch),autoUniv-au7-cpd1-500,isotonic,5,0.566744,0.615513,0.067349
TabPFN-3.5-fast (GridSearch),autoUniv-au7-cpd1-500,venn_abers,5,0.570597,0.612044,0.067793
TabPFN-3.5-fast (GridSearch),balance-scale,raw,3,0.989621,0.060366,0.02207
TabPFN-3.5-fast (GridSearch),balance-scale,isotonic,3,0.984582,0.05864,0.028271
TabPFN-3.5-fast (GridSearch),balance-scale,venn_abers,3,0.985296,0.06004,0.034523
TabPFN-3.5-fast (GridSearch),banana,raw,2,0.969623,0.133039,0.009982
TabPFN-3.5-fast (GridSearch),banana,isotonic,2,0.964059,0.132552,0.014298
TabPFN-3.5-fast (GridSearch),banana,venn_abers,2,0.966453,0.132527,0.016141
TabPFN-3.5-fast (GridSearch),bank-marketing,raw,2,0.613774,0.23109,0.055925
TabPFN-3.5-fast (GridSearch),bank-marketing,isotonic,2,0.584417,0.128355,0.014829
TabPFN-3.5-fast (GridSearch),bank-marketing,venn_abers,2,0.594668,0.127939,0.01535
TabPFN-3.5-fast (GridSearch),bank-marketing-full,raw,2,0.635098,0.211338,0.054674
TabPFN-3.5-fast (GridSearch),bank-marketing-full,isotonic,2,0.613506,0.117302,0.00935
TabPFN-3.5-fast (GridSearch),bank-marketing-full,venn_abers,2,0.620162,0.117149,0.009279
TabPFN-3.5-fast (GridSearch),blogger,raw,2,0.896212,0.314984,0.154571
TabPFN-3.5-fast (GridSearch),blogger,isotonic,2,0.841176,0.36356,0.141113
TabPFN-3.5-fast (GridSearch),blogger,venn_abers,2,0.847818,0.346432,0.149128
TabPFN-3.5-fast (GridSearch),blood-transfusion-service,raw,2,0.525589,0.404299,0.052688
TabPFN-3.5-fast (GridSearch),blood-transfusion-service,isotonic,2,0.492377,0.304907,0.046092
TabPFN-3.5-fast (GridSearch),blood-transfusion-service,venn_abers,2,0.495668,0.302361,0.052176
TabPFN-3.5-fast (GridSearch),breast-cancer-wisconsin,raw,2,0.990834,0.045158,0.016531
TabPFN-3.5-fast (GridSearch),breast-cancer-wisconsin,isotonic,2,0.977877,0.049024,0.016558
TabPFN-3.5-fast (GridSearch),breast-cancer-wisconsin,venn_abers,2,0.987766,0.04782,0.020149
TabPFN-3.5-fast (GridSearch),bupa,raw,2,0.813449,0.368372,0.060075
TabPFN-3.5-fast (GridSearch),bupa,isotonic,2,0.78436,0.369304,0.068098
TabPFN-3.5-fast (GridSearch),bupa,venn_abers,2,0.791579,0.368695,0.078827
TabPFN-3.5-fast (GridSearch),cardiotocography-3class,raw,3,0.99811,0.01488,0.005047
TabPFN-3.5-fast (GridSearch),cardiotocography-3class,isotonic,3,0.994754,0.017214,0.006334
TabPFN-3.5-fast (GridSearch),cardiotocography-3class,venn_abers,3,0.998025,0.017253,0.013924
TabPFN-3.5-fast (GridSearch),car-evaluation,raw,4,0.998716,0.024657,0.01004
TabPFN-3.5-fast (GridSearch),car-evaluation,isotonic,4,0.994666,0.027599,0.012487
TabPFN-3.5-fast (GridSearch),car-evaluation,venn_abers,4,0.998641,0.027011,0.020855
TabPFN-3.5-fast (GridSearch),climate-simulation-craches,raw,2,0.985378,0.326541,0.055578
TabPFN-3.5-fast (GridSearch),climate-simulation-craches,isotonic,2,0.974994,0.127864,0.037557
TabPFN-3.5-fast (GridSearch),climate-simulation-craches,venn_abers,2,0.981083,0.12885,0.044169
TabPFN-3.5-fast (GridSearch),colon32,raw,2,0.85372,0.2497,0.137222
TabPFN-3.5-fast (GridSearch),colon32,isotonic,2,0.71751,0.307109,0.145563
TabPFN-3.5-fast (GridSearch),colon32,venn_abers,2,0.796974,0.286303,0.164157
TabPFN-3.5-fast (GridSearch),connectionist-mines-vs-rocks,raw,2,0.976148,0.146486,0.080376
TabPFN-3.5-fast (GridSearch),connectionist-mines-vs-rocks,isotonic,2,0.958578,0.171195,0.078089
TabPFN-3.5-fast (GridSearch),connectionist-mines-vs-rocks,venn_abers,2,0.971842,0.170118,0.074237
TabPFN-3.5-fast (GridSearch),contraceptive-method-choice,raw,3,0.618711,0.535409,0.037536
TabPFN-3.5-fast (GridSearch),contraceptive-method-choice,isotonic,3,0.608433,0.541301,0.0443
TabPFN-3.5-fast (GridSearch),contraceptive-method-choice,venn_abers,3,0.611317,0.54033,0.03745
TabPFN-3.5-fast (GridSearch),dermatology,raw,6,0.997403,0.026272,0.016043
TabPFN-3.5-fast (GridSearch),dermatology,isotonic,6,0.988026,0.031309,0.012751
TabPFN-3.5-fast (GridSearch),dermatology,venn_abers,6,0.996524,0.050023,0.093227
TabPFN-3.5-fast (GridSearch),eeg-eye-state,raw,2,0.99966,0.011087,0.002801
TabPFN-3.5-fast (GridSearch),eeg-eye-state,isotonic,2,0.999012,0.010759,0.001819
TabPFN-3.5-fast (GridSearch),eeg-eye-state,venn_abers,2,0.999615,0.010882,0.003252
TabPFN-3.5-fast (GridSearch),flare,raw,6,0.751167,0.319665,0.024082
TabPFN-3.5-fast (GridSearch),flare,isotonic,6,0.74748,0.325044,0.025491
TabPFN-3.5-fast (GridSearch),flare,venn_abers,6,0.749295,0.326462,0.046128
TabPFN-3.5-fast (GridSearch),glioma16,raw,2,0.890457,0.281097,0.125859
TabPFN-3.5-fast (GridSearch),glioma16,isotonic,2,0.865414,0.322997,0.142346
TabPFN-3.5-fast (GridSearch),glioma16,venn_abers,2,0.896409,0.305179,0.206043
TabPFN-3.5-fast (GridSearch),habermans-survival,raw,2,0.485707,0.449101,0.084035
TabPFN-3.5-fast (GridSearch),habermans-survival,isotonic,2,0.441992,0.372608,0.077476
TabPFN-3.5-fast (GridSearch),habermans-survival,venn_abers,2,0.452659,0.369833,0.117239
TabPFN-3.5-fast (GridSearch),hayes-roth,raw,3,0.961147,0.136101,0.079054
TabPFN-3.5-fast (GridSearch),hayes-roth,isotonic,3,0.956669,0.129979,0.035453
TabPFN-3.5-fast (GridSearch),hayes-roth,venn_abers,3,0.965185,0.149294,0.106597
TabPFN-3.5-fast (GridSearch),heart-disease-processed-hungarian,raw,2,0.851917,0.255281,0.055267
TabPFN-3.5-fast (GridSearch),heart-disease-processed-hungarian,isotonic,2,0.822256,0.246822,0.078503
TabPFN-3.5-fast (GridSearch),heart-disease-processed-hungarian,venn_abers,2,0.829937,0.251577,0.074418
TabPFN-3.5-fast (GridSearch),hepatitis,raw,2,0.9582,0.312265,0.102561
TabPFN-3.5-fast (GridSearch),hepatitis,isotonic,2,0.942889,0.271054,0.085628
TabPFN-3.5-fast (GridSearch),hepatitis,venn_abers,2,0.956084,0.256113,0.08766
TabPFN-3.5-fast (GridSearch),hill-valley-with-noise,raw,2,0.992097,0.097191,0.107919
TabPFN-3.5-fast (GridSearch),hill-valley-with-noise,isotonic,2,0.986401,0.067536,0.019661
TabPFN-3.5-fast (GridSearch),hill-valley-with-noise,venn_abers,2,0.990681,0.067115,0.02394
TabPFN-3.5-fast (GridSearch),hill-valley-without-noise,raw,2,0.999523,0.027654,0.035279
TabPFN-3.5-fast (GridSearch),hill-valley-without-noise,isotonic,2,0.995418,0.021077,0.009485
TabPFN-3.5-fast (GridSearch),hill-valley-without-noise,venn_abers,2,0.999432,0.021039,0.017957
TabPFN-3.5-fast (GridSearch),indian-liver-patient,raw,2,0.592114,0.382082,0.088914
TabPFN-3.5-fast (GridSearch),indian-liver-patient,isotonic,2,0.540866,0.329577,0.058205
TabPFN-3.5-fast (GridSearch),indian-liver-patient,venn_abers,2,0.577178,0.325811,0.043237
TabPFN-3.5-fast (GridSearch),ionosphere,raw,2,0.98795,0.090741,0.024392
TabPFN-3.5-fast (GridSearch),ionosphere,isotonic,2,0.971992,0.098022,0.036879
TabPFN-3.5-fast (GridSearch),ionosphere,venn_abers,2,0.985994,0.093662,0.041272
TabPFN-3.5-fast (GridSearch),iris,raw,3,0.989295,0.049096,0.02358
TabPFN-3.5-fast (GridSearch),iris,isotonic,3,0.971744,0.078793,0.046646
TabPFN-3.5-fast (GridSearch),iris,venn_abers,3,0.988727,0.085148,0.098737
TabPFN-3.5-fast (GridSearch),led7digit,raw,10,0.76636,0.388756,0.075993
TabPFN-3.5-fast (GridSearch),led7digit,isotonic,10,0.755268,0.405228,0.060768
TabPFN-3.5-fast (GridSearch),led7digit,venn_abers,10,0.763544,0.40951,0.083969
TabPFN-3.5-fast (GridSearch),leukemia-haslinger,raw,2,0.925204,0.234004,0.134455
TabPFN-3.5-fast (GridSearch),leukemia-haslinger,isotonic,2,0.882636,0.307832,0.120189
TabPFN-3.5-fast (GridSearch),leukemia-haslinger,venn_abers,2,0.915102,0.294999,0.136938
TabPFN-3.5-fast (GridSearch),lsvt-voice-rehabilitation,raw,2,0.970612,0.206768,0.09933
TabPFN-3.5-fast (GridSearch),lsvt-voice-rehabilitation,isotonic,2,0.942223,0.199987,0.087822
TabPFN-3.5-fast (GridSearch),lsvt-voice-rehabilitation,venn_abers,2,0.964505,0.198322,0.111846
TabPFN-3.5-fast (GridSearch),magic,raw,2,0.9385,0.15178,0.017451
TabPFN-3.5-fast (GridSearch),magic,isotonic,2,0.932841,0.148094,0.011987
TabPFN-3.5-fast (GridSearch),magic,venn_abers,2,0.934393,0.148055,0.012816
TabPFN-3.5-fast (GridSearch),mammographic-mass,raw,2,0.882266,0.238261,0.031566
TabPFN-3.5-fast (GridSearch),mammographic-mass,isotonic,2,0.86623,0.24559,0.032709
TabPFN-3.5-fast (GridSearch),mammographic-mass,venn_abers,2,0.869789,0.244502,0.039295
TabPFN-3.5-fast (GridSearch),mfeat-fourier,raw,10,0.941152,0.14071,0.019729
TabPFN-3.5-fast (GridSearch),mfeat-fourier,isotonic,10,0.932697,0.144236,0.018319
TabPFN-3.5-fast (GridSearch),mfeat-fourier,venn_abers,10,0.93986,0.147299,0.042435
TabPFN-3.5-fast (GridSearch),molecular-promotor-gene,raw,2,0.984762,0.107374,0.069315
TabPFN-3.5-fast (GridSearch),molecular-promotor-gene,isotonic,2,0.969712,0.136138,0.075735
TabPFN-3.5-fast (GridSearch),molecular-promotor-gene,venn_abers,2,0.98491,0.129564,0.094219
TabPFN-3.5-fast (GridSearch),molecular-splice-junction,raw,3,0.991036,0.046304,0.010613
TabPFN-3.5-fast (GridSearch),molecular-splice-junction,isotonic,3,0.991804,0.047829,0.009598
TabPFN-3.5-fast (GridSearch),molecular-splice-junction,venn_abers,3,0.990966,0.048222,0.012894
TabPFN-3.5-fast (GridSearch),monks1,raw,2,1.0,0.008752,0.046947
TabPFN-3.5-fast (GridSearch),monks1,isotonic,2,1.0,6e-05,0.001034
TabPFN-3.5-fast (GridSearch),monks1,venn_abers,2,0.995502,0.02592,0.031501
TabPFN-3.5-fast (GridSearch),monks3,raw,2,0.975278,0.023727,0.016586
TabPFN-3.5-fast (GridSearch),monks3,isotonic,2,0.98039,0.022176,0.007936
TabPFN-3.5-fast (GridSearch),monks3,venn_abers,2,0.98085,0.027903,0.019141
TabPFN-3.5-fast (GridSearch),mushroom,raw,2,1.0,0.0,4.2e-05
TabPFN-3.5-fast (GridSearch),mushroom,isotonic,2,1.0,0.0,0.0
TabPFN-3.5-fast (GridSearch),mushroom,venn_abers,2,1.0,0.000772,0.002206
TabPFN-3.5-fast (GridSearch),mushroom-expanded,raw,2,1.0,0.0,4.4e-05
TabPFN-3.5-fast (GridSearch),mushroom-expanded,isotonic,2,1.0,0.0,0.0
TabPFN-3.5-fast (GridSearch),mushroom-expanded,venn_abers,2,1.0,0.000638,0.002303
TabPFN-3.5-fast (GridSearch),nursery-4class,raw,4,1.0,0.000682,0.001477
TabPFN-3.5-fast (GridSearch),nursery-4class,isotonic,4,0.999552,0.00066,0.000443
TabPFN-3.5-fast (GridSearch),nursery-4class,venn_abers,4,1.0,0.000905,0.004136
TabPFN-3.5-fast (GridSearch),optdigits,raw,10,0.999907,0.007212,0.002897
TabPFN-3.5-fast (GridSearch),optdigits,isotonic,10,0.997951,0.008252,0.003318
TabPFN-3.5-fast (GridSearch),optdigits,venn_abers,10,0.999892,0.009772,0.016283
TabPFN-3.5-fast (GridSearch),ozone-eighthr,raw,2,0.561065,0.218877,0.042083
TabPFN-3.5-fast (GridSearch),ozone-eighthr,isotonic,2,0.513239,0.080023,0.016418
TabPFN-3.5-fast (GridSearch),ozone-eighthr,venn_abers,2,0.532387,0.07949,0.018374
TabPFN-3.5-fast (GridSearch),ozone-onehr,raw,2,0.330174,0.233774,0.044237
TabPFN-3.5-fast (GridSearch),ozone-onehr,isotonic,2,0.278275,0.04817,0.008034
TabPFN-3.5-fast (GridSearch),ozone-onehr,venn_abers,2,0.290758,0.047082,0.009733
TabPFN-3.5-fast (GridSearch),page-blocks,raw,5,0.991385,0.03556,0.003876
TabPFN-3.5-fast (GridSearch),page-blocks,isotonic,5,0.990334,0.036646,0.007842
TabPFN-3.5-fast (GridSearch),page-blocks,venn_abers,5,0.991033,0.036998,0.010597
TabPFN-3.5-fast (GridSearch),parkinsons,raw,2,0.998562,0.08576,0.039593
TabPFN-3.5-fast (GridSearch),parkinsons,isotonic,2,0.983979,0.066322,0.03797
TabPFN-3.5-fast (GridSearch),parkinsons,venn_abers,2,0.998069,0.070283,0.050339
TabPFN-3.5-fast (GridSearch),pendigits,raw,10,0.999529,0.003181,0.001556
TabPFN-3.5-fast (GridSearch),pendigits,isotonic,10,0.999416,0.004134,0.001482
TabPFN-3.5-fast (GridSearch),pendigits,venn_abers,10,0.999525,0.004275,0.009917
TabPFN-3.5-fast (GridSearch),phoneme,raw,2,0.950944,0.120839,0.009457
TabPFN-3.5-fast (GridSearch),phoneme,isotonic,2,0.944078,0.108542,0.010218
TabPFN-3.5-fast (GridSearch),phoneme,venn_abers,2,0.946647,0.1085,0.01144
TabPFN-3.5-fast (GridSearch),pima-indians-diabetes,raw,2,0.712887,0.328908,0.047063
TabPFN-3.5-fast (GridSearch),pima-indians-diabetes,isotonic,2,0.690292,0.313981,0.043247
TabPFN-3.5-fast (GridSearch),pima-indians-diabetes,venn_abers,2,0.703066,0.310694,0.046885
TabPFN-3.5-fast (GridSearch),planning-relax,raw,2,0.303398,0.493442,0.218411
TabPFN-3.5-fast (GridSearch),planning-relax,isotonic,2,0.349378,0.3848,0.011325
TabPFN-3.5-fast (GridSearch),planning-relax,venn_abers,2,0.336816,0.392179,0.027065
TabPFN-3.5-fast (GridSearch),qsar-biodegradation,raw,2,0.904703,0.197256,0.024034
TabPFN-3.5-fast (GridSearch),qsar-biodegradation,isotonic,2,0.888786,0.188324,0.03771
TabPFN-3.5-fast (GridSearch),qsar-biodegradation,venn_abers,2,0.897591,0.187295,0.041621
TabPFN-3.5-fast (GridSearch),ringnorm,raw,2,0.997538,0.031106,0.004156
TabPFN-3.5-fast (GridSearch),ringnorm,isotonic,2,0.996199,0.032105,0.005213
TabPFN-3.5-fast (GridSearch),ringnorm,venn_abers,2,0.997303,0.031994,0.005828
TabPFN-3.5-fast (GridSearch),robot-failure-lp1,raw,4,0.982815,0.101559,0.083504
TabPFN-3.5-fast (GridSearch),robot-failure-lp1,isotonic,4,0.969846,0.053939,0.046945
TabPFN-3.5-fast (GridSearch),robot-failure-lp1,venn_abers,4,0.979911,0.120408,0.188376
TabPFN-3.5-fast (GridSearch),robot-failure-lp4,raw,3,0.981172,0.106594,0.071245
TabPFN-3.5-fast (GridSearch),robot-failure-lp4,isotonic,3,0.955195,0.110327,0.061406
TabPFN-3.5-fast (GridSearch),robot-failure-lp4,venn_abers,3,0.981608,0.122716,0.118549
TabPFN-3.5-fast (GridSearch),robot-failure-lp5,raw,5,0.792153,0.352633,0.117066
TabPFN-3.5-fast (GridSearch),robot-failure-lp5,isotonic,5,0.755838,0.35621,0.088567
TabPFN-3.5-fast (GridSearch),robot-failure-lp5,venn_abers,5,0.779162,0.362707,0.109615
TabPFN-3.5-fast (GridSearch),robot-nav-sensor-readings-24,raw,4,0.999787,0.009901,0.004951
TabPFN-3.5-fast (GridSearch),robot-nav-sensor-readings-24,isotonic,4,0.999175,0.010616,0.004461
TabPFN-3.5-fast (GridSearch),robot-nav-sensor-readings-24,venn_abers,4,0.999773,0.01077,0.008465
TabPFN-3.5-fast (GridSearch),robot-nav-sensor-readings-2,raw,4,1.0,0.000147,0.000752
TabPFN-3.5-fast (GridSearch),robot-nav-sensor-readings-2,isotonic,4,1.0,9.8e-05,0.00016
TabPFN-3.5-fast (GridSearch),robot-nav-sensor-readings-2,venn_abers,4,1.0,0.001564,0.007678
TabPFN-3.5-fast (GridSearch),robot-nav-sensor-readings-4,raw,4,0.999997,0.000553,0.001103
TabPFN-3.5-fast (GridSearch),robot-nav-sensor-readings-4,isotonic,4,0.999644,0.000762,0.000559
TabPFN-3.5-fast (GridSearch),robot-nav-sensor-readings-4,venn_abers,4,0.99999,0.002015,0.008188
TabPFN-3.5-fast (GridSearch),saheart,raw,2,0.646773,0.396051,0.062706
TabPFN-3.5-fast (GridSearch),saheart,isotonic,2,0.60635,0.371348,0.049889
TabPFN-3.5-fast (GridSearch),saheart,venn_abers,2,0.628177,0.367501,0.063838
TabPFN-3.5-fast (GridSearch),seeds,raw,3,0.994771,0.061845,0.028805
TabPFN-3.5-fast (GridSearch),seeds,isotonic,3,0.967423,0.073301,0.045749
TabPFN-3.5-fast (GridSearch),seeds,venn_abers,3,0.994074,0.079003,0.085572
TabPFN-3.5-fast (GridSearch),seismic-bumps,raw,2,0.977518,0.376909,0.050069
TabPFN-3.5-fast (GridSearch),seismic-bumps,isotonic,2,0.97448,0.111589,0.011605
TabPFN-3.5-fast (GridSearch),seismic-bumps,venn_abers,2,0.97406,0.111491,0.010513
TabPFN-3.5-fast (GridSearch),semeion,raw,10,0.991582,0.063252,0.035898
TabPFN-3.5-fast (GridSearch),semeion,isotonic,10,0.987773,0.061199,0.012911
TabPFN-3.5-fast (GridSearch),semeion,venn_abers,10,0.991612,0.066499,0.051789
TabPFN-3.5-fast (GridSearch),skin-segmentation,raw,2,0.999998,0.001509,0.000502
TabPFN-3.5-fast (GridSearch),skin-segmentation,isotonic,2,0.999844,0.001348,0.000465
TabPFN-3.5-fast (GridSearch),skin-segmentation,venn_abers,2,0.999997,0.001445,0.002324
TabPFN-3.5-fast (GridSearch),spambase,raw,2,0.989298,0.057374,0.008463
TabPFN-3.5-fast (GridSearch),spambase,isotonic,2,0.987389,0.058612,0.009147
TabPFN-3.5-fast (GridSearch),spambase,venn_abers,2,0.988598,0.058607,0.010389
TabPFN-3.5-fast (GridSearch),spectf-heart,raw,2,0.984667,0.201995,0.070437
TabPFN-3.5-fast (GridSearch),spectf-heart,isotonic,2,0.973375,0.13659,0.044234
TabPFN-3.5-fast (GridSearch),spectf-heart,venn_abers,2,0.977168,0.142476,0.065428
TabPFN-3.5-fast (GridSearch),statlog-australian-credit,raw,2,0.92602,0.186446,0.021643
TabPFN-3.5-fast (GridSearch),statlog-australian-credit,isotonic,2,0.904437,0.196499,0.039828
TabPFN-3.5-fast (GridSearch),statlog-australian-credit,venn_abers,2,0.914829,0.194948,0.043073
TabPFN-3.5-fast (GridSearch),statlog-german-credit,raw,2,0.664856,0.356796,0.04202
TabPFN-3.5-fast (GridSearch),statlog-german-credit,isotonic,2,0.632987,0.311508,0.045708
TabPFN-3.5-fast (GridSearch),statlog-german-credit,venn_abers,2,0.638584,0.311143,0.041719
TabPFN-3.5-fast (GridSearch),statlog-heart,raw,2,0.907194,0.235816,0.057648
TabPFN-3.5-fast (GridSearch),statlog-heart,isotonic,2,0.882937,0.248894,0.075045
TabPFN-3.5-fast (GridSearch),statlog-heart,venn_abers,2,0.898843,0.246738,0.060991
TabPFN-3.5-fast (GridSearch),statlog-image-segmentation,raw,7,0.998854,0.019297,0.006608
TabPFN-3.5-fast (GridSearch),statlog-image-segmentation,isotonic,7,0.996677,0.021042,0.005795
TabPFN-3.5-fast (GridSearch),statlog-image-segmentation,venn_abers,7,0.99882,0.022129,0.025901
TabPFN-3.5-fast (GridSearch),statlog-landsat-satellite,raw,6,0.975262,0.098936,0.015981
TabPFN-3.5-fast (GridSearch),statlog-landsat-satellite,isotonic,6,0.972259,0.102262,0.014801
TabPFN-3.5-fast (GridSearch),statlog-landsat-satellite,venn_abers,6,0.974174,0.102091,0.023683
TabPFN-3.5-fast (GridSearch),statlog-vehicle-silhouettes,raw,4,0.956188,0.133207,0.022695
TabPFN-3.5-fast (GridSearch),statlog-vehicle-silhouettes,isotonic,4,0.94665,0.138898,0.025846
TabPFN-3.5-fast (GridSearch),statlog-vehicle-silhouettes,venn_abers,4,0.955466,0.139934,0.053388
TabPFN-3.5-fast (GridSearch),systhetic-control,raw,6,1.0,0.001058,0.002704
TabPFN-3.5-fast (GridSearch),systhetic-control,isotonic,6,1.0,0.000967,0.001781
TabPFN-3.5-fast (GridSearch),systhetic-control,venn_abers,6,1.0,0.019042,0.063645
TabPFN-3.5-fast (GridSearch),teaching-assistant-evaluation,raw,3,0.765063,0.439921,0.106527
TabPFN-3.5-fast (GridSearch),teaching-assistant-evaluation,isotonic,3,0.751421,0.451553,0.134831
TabPFN-3.5-fast (GridSearch),teaching-assistant-evaluation,venn_abers,3,0.75968,0.449395,0.106995
TabPFN-3.5-fast (GridSearch),thoracic-surgery,raw,2,0.902257,0.488209,0.099969
TabPFN-3.5-fast (GridSearch),thoracic-surgery,isotonic,2,0.880601,0.265579,0.066795
TabPFN-3.5-fast (GridSearch),thoracic-surgery,venn_abers,2,0.88719,0.273898,0.08911
TabPFN-3.5-fast (GridSearch),thyroid-allbp,raw,5,0.779836,0.383993,0.02366
TabPFN-3.5-fast (GridSearch),thyroid-allbp,isotonic,5,0.779404,0.385564,0.021463
TabPFN-3.5-fast (GridSearch),thyroid-allbp,venn_abers,5,0.778632,0.386054,0.027254
TabPFN-3.5-fast (GridSearch),thyroid-ann,raw,3,0.999767,0.006538,0.003365
TabPFN-3.5-fast (GridSearch),thyroid-ann,isotonic,3,0.998924,0.007174,0.00345
TabPFN-3.5-fast (GridSearch),thyroid-ann,venn_abers,3,0.999757,0.007118,0.006987
TabPFN-3.5-fast (GridSearch),thyroid-newthyroid,raw,3,0.994539,0.05504,0.028643
TabPFN-3.5-fast (GridSearch),thyroid-newthyroid,isotonic,3,0.970168,0.07157,0.040621
TabPFN-3.5-fast (GridSearch),thyroid-newthyroid,venn_abers,3,0.994418,0.071191,0.076471
TabPFN-3.5-fast (GridSearch),thyroid-sick,raw,5,0.778014,0.38728,0.033802
TabPFN-3.5-fast (GridSearch),thyroid-sick,isotonic,5,0.775341,0.388781,0.031676
TabPFN-3.5-fast (GridSearch),thyroid-sick,venn_abers,5,0.775766,0.389315,0.033606
TabPFN-3.5-fast (GridSearch),thyroid-sick-euthyroid,raw,2,0.928328,0.060117,0.015788
TabPFN-3.5-fast (GridSearch),thyroid-sick-euthyroid,isotonic,2,0.903352,0.036482,0.00968
TabPFN-3.5-fast (GridSearch),thyroid-sick-euthyroid,venn_abers,2,0.91697,0.036486,0.011353
TabPFN-3.5-fast (GridSearch),user-knowledge,raw,5,0.970087,0.097781,0.028187
TabPFN-3.5-fast (GridSearch),user-knowledge,isotonic,5,0.938567,0.120412,0.057696
TabPFN-3.5-fast (GridSearch),user-knowledge,venn_abers,5,0.966297,0.119265,0.078602
TabPFN-3.5-fast (GridSearch),vertebra-column-2c,raw,2,0.897515,0.21181,0.06276
TabPFN-3.5-fast (GridSearch),vertebra-column-2c,isotonic,2,0.862856,0.204498,0.057892
TabPFN-3.5-fast (GridSearch),vertebra-column-2c,venn_abers,2,0.882377,0.199838,0.073536
TabPFN-3.5-fast (GridSearch),vertebra-column-3c,raw,3,0.91934,0.190477,0.034234
TabPFN-3.5-fast (GridSearch),vertebra-column-3c,isotonic,3,0.895577,0.205198,0.051817
TabPFN-3.5-fast (GridSearch),vertebra-column-3c,venn_abers,3,0.916077,0.203511,0.061077
TabPFN-3.5-fast (GridSearch),volcanoes-a1,raw,5,0.993428,0.028129,0.005573
TabPFN-3.5-fast (GridSearch),volcanoes-a1,isotonic,5,0.989589,0.028811,0.007749
TabPFN-3.5-fast (GridSearch),volcanoes-a1,venn_abers,5,0.992739,0.029015,0.013572
TabPFN-3.5-fast (GridSearch),volcanoes-a2,raw,5,0.922625,0.184694,0.042122
TabPFN-3.5-fast (GridSearch),volcanoes-a2,isotonic,5,0.916069,0.201324,0.041859
TabPFN-3.5-fast (GridSearch),volcanoes-a2,venn_abers,5,0.918201,0.201682,0.051318
TabPFN-3.5-fast (GridSearch),volcanoes-a4,raw,5,0.919823,0.190547,0.078281
TabPFN-3.5-fast (GridSearch),volcanoes-a4,isotonic,5,0.909361,0.198277,0.058861
TabPFN-3.5-fast (GridSearch),volcanoes-a4,venn_abers,5,0.915831,0.201189,0.052213
TabPFN-3.5-fast (GridSearch),volcanoes-b1,raw,5,0.964816,0.055568,0.005419
TabPFN-3.5-fast (GridSearch),volcanoes-b1,isotonic,5,0.964071,0.056024,0.003861
TabPFN-3.5-fast (GridSearch),volcanoes-b1,venn_abers,5,0.964284,0.056346,0.007365
TabPFN-3.5-fast (GridSearch),volcanoes-b2,raw,5,0.967282,0.052791,0.004572
TabPFN-3.5-fast (GridSearch),volcanoes-b2,isotonic,5,0.966194,0.053582,0.004413
TabPFN-3.5-fast (GridSearch),volcanoes-b2,venn_abers,5,0.966828,0.053648,0.006387
TabPFN-3.5-fast (GridSearch),volcanoes-c1,raw,5,0.976839,0.040226,0.003324
TabPFN-3.5-fast (GridSearch),volcanoes-c1,isotonic,5,0.976298,0.041063,0.003517
TabPFN-3.5-fast (GridSearch),volcanoes-c1,venn_abers,5,0.976569,0.041019,0.006893
TabPFN-3.5-fast (GridSearch),volcanoes-d1,raw,5,0.93417,0.09708,0.002966
TabPFN-3.5-fast (GridSearch),volcanoes-d1,isotonic,5,0.932659,0.099289,0.00814
TabPFN-3.5-fast (GridSearch),volcanoes-d1,venn_abers,5,0.932924,0.099167,0.010128
TabPFN-3.5-fast (GridSearch),volcanoes-d2,raw,5,0.938042,0.094352,0.004406
TabPFN-3.5-fast (GridSearch),volcanoes-d2,isotonic,5,0.936982,0.095054,0.005644
TabPFN-3.5-fast (GridSearch),volcanoes-d2,venn_abers,5,0.937652,0.095348,0.007507
TabPFN-3.5-fast (GridSearch),waveform-v1,raw,3,0.953044,0.179597,0.016106
TabPFN-3.5-fast (GridSearch),waveform-v1,isotonic,3,0.948876,0.180823,0.019087
TabPFN-3.5-fast (GridSearch),waveform-v1,venn_abers,3,0.951805,0.180612,0.020833
TabPFN-3.5-fast (GridSearch),wdbc,raw,2,0.994339,0.042171,0.016881
TabPFN-3.5-fast (GridSearch),wdbc,isotonic,2,0.979635,0.045958,0.019001
TabPFN-3.5-fast (GridSearch),wdbc,venn_abers,2,0.994077,0.044748,0.027642
TabPFN-3.5-fast (GridSearch),wholesale-channel,raw,2,0.938327,0.137203,0.04468
TabPFN-3.5-fast (GridSearch),wholesale-channel,isotonic,2,0.911155,0.117801,0.033843
TabPFN-3.5-fast (GridSearch),wholesale-channel,venn_abers,2,0.929538,0.118783,0.039944
TabPFN-3.5-fast (GridSearch),wholesale-region,raw,3,0.57219,0.61576,0.086428
TabPFN-3.5-fast (GridSearch),wholesale-region,isotonic,3,0.564439,0.456427,0.099505
TabPFN-3.5-fast (GridSearch),wholesale-region,venn_abers,3,0.570253,0.452606,0.081932
TabPFN-3.5-fast (GridSearch),wilt,raw,2,0.96105,0.040299,0.006851
TabPFN-3.5-fast (GridSearch),wilt,isotonic,2,0.946419,0.01707,0.005515
TabPFN-3.5-fast (GridSearch),wilt,venn_abers,2,0.957327,0.017253,0.006045
TabPFN-3.5-fast (GridSearch),wine-quality-5class,raw,5,0.785415,0.398637,0.021245
TabPFN-3.5-fast (GridSearch),wine-quality-5class,isotonic,5,0.782619,0.400994,0.020467
TabPFN-3.5-fast (GridSearch),wine-quality-5class,venn_abers,5,0.783689,0.400793,0.020155
TabPFN-3.5-fast (GridSearch),yeast-4class,raw,4,0.702461,0.465992,0.03331
TabPFN-3.5-fast (GridSearch),yeast-4class,isotonic,4,0.697548,0.471381,0.026691
TabPFN-3.5-fast (GridSearch),yeast-4class,venn_abers,4,0.699856,0.470668,0.02397
XGBoost (Optuna),abalone-3class,raw,3,0.717772,0.439115,0.030625
XGBoost (Optuna),abalone-3class,isotonic,3,0.713121,0.440569,0.020469
XGBoost (Optuna),abalone-3class,venn_abers,3,0.715781,0.440287,0.026035
XGBoost (Optuna),abalone-7class,raw,7,0.330984,0.776296,0.07094
XGBoost (Optuna),abalone-7class,isotonic,7,0.323703,0.767907,0.040963
XGBoost (Optuna),abalone-7class,venn_abers,7,0.326135,0.767656,0.039317
XGBoost (Optuna),appendicitis,raw,2,0.738387,0.198032,0.094807
XGBoost (Optuna),appendicitis,isotonic,2,0.692243,0.23651,0.105195
XGBoost (Optuna),appendicitis,venn_abers,2,0.728308,0.221559,0.120853
XGBoost (Optuna),artificial-characters,raw,10,0.967821,0.124131,0.018201
XGBoost (Optuna),artificial-characters,isotonic,10,0.965191,0.124825,0.013466
XGBoost (Optuna),artificial-characters,venn_abers,10,0.967263,0.125075,0.016064
XGBoost (Optuna),autoUniv-au1-1000,raw,2,0.838532,0.346822,0.080777
XGBoost (Optuna),autoUniv-au1-1000,isotonic,2,0.832002,0.32995,0.059256
XGBoost (Optuna),autoUniv-au1-1000,venn_abers,2,0.833914,0.328327,0.058635
XGBoost (Optuna),autoUniv-au4-2500,raw,3,0.676981,0.494036,0.05957
XGBoost (Optuna),autoUniv-au4-2500,isotonic,3,0.62909,0.511085,0.083058
XGBoost (Optuna),autoUniv-au4-2500,venn_abers,3,0.633942,0.508971,0.077651
XGBoost (Optuna),autoUniv-au6-1000,raw,8,0.223498,0.84729,0.050164
XGBoost (Optuna),autoUniv-au6-1000,isotonic,8,0.215421,0.858095,0.041641
XGBoost (Optuna),autoUniv-au6-1000,venn_abers,8,0.22559,0.850515,0.043993
XGBoost (Optuna),autoUniv-au6-250-drift-au6-cd1-500,raw,8,0.23701,0.847821,0.049079
XGBoost (Optuna),autoUniv-au6-250-drift-au6-cd1-500,isotonic,8,0.228967,0.878897,0.102628
XGBoost (Optuna),autoUniv-au6-250-drift-au6-cd1-500,venn_abers,8,0.231885,0.853869,0.055773
XGBoost (Optuna),autoUniv-au6-cd1-400,raw,8,0.337309,0.838994,0.110048
XGBoost (Optuna),autoUniv-au6-cd1-400,isotonic,8,0.331747,0.833627,0.100706
XGBoost (Optuna),autoUniv-au6-cd1-400,venn_abers,8,0.337405,0.819454,0.113715
XGBoost (Optuna),autoUniv-au7-300-drift-au7-cpd1-800,raw,5,0.417632,0.741571,0.085565
XGBoost (Optuna),autoUniv-au7-300-drift-au7-cpd1-800,isotonic,5,0.396018,0.719462,0.042911
XGBoost (Optuna),autoUniv-au7-300-drift-au7-cpd1-800,venn_abers,5,0.401227,0.717599,0.045437
XGBoost (Optuna),autoUniv-au7-700,raw,3,0.547469,0.59349,0.096916
XGBoost (Optuna),autoUniv-au7-700,isotonic,3,0.538847,0.577827,0.051807
XGBoost (Optuna),autoUniv-au7-700,venn_abers,3,0.539236,0.574841,0.039422
XGBoost (Optuna),autoUniv-au7-cpd1-500,raw,5,0.460568,0.706932,0.096806
XGBoost (Optuna),autoUniv-au7-cpd1-500,isotonic,5,0.459884,0.697594,0.084514
XGBoost (Optuna),autoUniv-au7-cpd1-500,venn_abers,5,0.457532,0.694213,0.047899
XGBoost (Optuna),balance-scale,raw,3,0.959236,0.105855,0.05684
XGBoost (Optuna),balance-scale,isotonic,3,0.970184,0.091406,0.037365
XGBoost (Optuna),balance-scale,venn_abers,3,0.96833,0.095852,0.050941
XGBoost (Optuna),banana,raw,2,0.772356,0.36091,0.059254
XGBoost (Optuna),banana,isotonic,2,0.761364,0.353528,0.018509
XGBoost (Optuna),banana,venn_abers,2,0.764729,0.353356,0.014018
XGBoost (Optuna),bank-marketing,raw,2,0.543989,0.14069,0.020361
XGBoost (Optuna),bank-marketing,isotonic,2,0.524862,0.139302,0.011316
XGBoost (Optuna),bank-marketing,venn_abers,2,0.529078,0.139228,0.011506
XGBoost (Optuna),bank-marketing-full,raw,2,0.587976,0.132162,0.024525
XGBoost (Optuna),bank-marketing-full,isotonic,2,0.567173,0.131647,0.012159
XGBoost (Optuna),bank-marketing-full,venn_abers,2,0.571386,0.131518,0.01177
XGBoost (Optuna),blogger,raw,2,0.829761,0.361536,0.121344
XGBoost (Optuna),blogger,isotonic,2,0.803752,0.447164,0.148995
XGBoost (Optuna),blogger,venn_abers,2,0.80713,0.415545,0.156703
XGBoost (Optuna),blood-transfusion-service,raw,2,0.475667,0.328269,0.061608
XGBoost (Optuna),blood-transfusion-service,isotonic,2,0.426722,0.343256,0.110508
XGBoost (Optuna),blood-transfusion-service,venn_abers,2,0.441277,0.34058,0.099806
XGBoost (Optuna),breast-cancer-wisconsin,raw,2,0.976945,0.06523,0.027291
XGBoost (Optuna),breast-cancer-wisconsin,isotonic,2,0.95059,0.070017,0.036712
XGBoost (Optuna),breast-cancer-wisconsin,venn_abers,2,0.967722,0.072607,0.041929
XGBoost (Optuna),bupa,raw,2,0.823562,0.381417,0.092201
XGBoost (Optuna),bupa,isotonic,2,0.800643,0.372361,0.061072
XGBoost (Optuna),bupa,venn_abers,2,0.807474,0.372542,0.066135
XGBoost (Optuna),cardiotocography-3class,raw,3,0.997503,0.021437,0.028048
XGBoost (Optuna),cardiotocography-3class,isotonic,3,0.994959,0.019225,0.007575
XGBoost (Optuna),cardiotocography-3class,venn_abers,3,0.997389,0.019917,0.015851
XGBoost (Optuna),car-evaluation,raw,4,0.999632,0.014162,0.017729
XGBoost (Optuna),car-evaluation,isotonic,4,0.997028,0.012141,0.007412
XGBoost (Optuna),car-evaluation,venn_abers,4,0.999592,0.014832,0.021514
XGBoost (Optuna),climate-simulation-craches,raw,2,0.983492,0.140094,0.047089
XGBoost (Optuna),climate-simulation-craches,isotonic,2,0.96955,0.147163,0.054022
XGBoost (Optuna),climate-simulation-craches,venn_abers,2,0.980154,0.147824,0.050277
XGBoost (Optuna),colon32,raw,2,0.852074,0.218218,0.116575
XGBoost (Optuna),colon32,isotonic,2,0.815972,0.263187,0.129013
XGBoost (Optuna),colon32,venn_abers,2,0.829067,0.246158,0.116244
XGBoost (Optuna),connectionist-mines-vs-rocks,raw,2,0.922192,0.21568,0.053736
XGBoost (Optuna),connectionist-mines-vs-rocks,isotonic,2,0.879357,0.233538,0.079434
XGBoost (Optuna),connectionist-mines-vs-rocks,venn_abers,2,0.909634,0.227264,0.069612
XGBoost (Optuna),contraceptive-method-choice,raw,3,0.613929,0.547417,0.043215
XGBoost (Optuna),contraceptive-method-choice,isotonic,3,0.601247,0.554009,0.046039
XGBoost (Optuna),contraceptive-method-choice,venn_abers,3,0.603726,0.550875,0.048609
XGBoost (Optuna),dermatology,raw,6,0.994806,0.065512,0.107158
XGBoost (Optuna),dermatology,isotonic,6,0.986087,0.052321,0.027181
XGBoost (Optuna),dermatology,venn_abers,6,0.995496,0.098286,0.133889
XGBoost (Optuna),eeg-eye-state,raw,2,0.981554,0.096577,0.009498
XGBoost (Optuna),eeg-eye-state,isotonic,2,0.978989,0.096209,0.005677
XGBoost (Optuna),eeg-eye-state,venn_abers,2,0.980278,0.096244,0.006197
XGBoost (Optuna),flare,raw,6,0.733815,0.335209,0.060167
XGBoost (Optuna),flare,isotonic,6,0.728712,0.335895,0.038085
XGBoost (Optuna),flare,venn_abers,6,0.729883,0.337954,0.044886
XGBoost (Optuna),glioma16,raw,2,0.874045,0.328246,0.251274
XGBoost (Optuna),glioma16,isotonic,2,0.883912,0.35484,0.23131
XGBoost (Optuna),glioma16,venn_abers,2,0.857955,0.352178,0.179528
XGBoost (Optuna),habermans-survival,raw,2,0.431439,0.370428,0.059918
XGBoost (Optuna),habermans-survival,isotonic,2,0.387168,0.374016,0.058117
XGBoost (Optuna),habermans-survival,venn_abers,2,0.396725,0.376536,0.066936
XGBoost (Optuna),hayes-roth,raw,3,0.95571,0.202906,0.134831
XGBoost (Optuna),hayes-roth,isotonic,3,0.924533,0.181533,0.093107
XGBoost (Optuna),hayes-roth,venn_abers,3,0.955794,0.196461,0.105876
XGBoost (Optuna),heart-disease-processed-hungarian,raw,2,0.836609,0.333594,0.154335
XGBoost (Optuna),heart-disease-processed-hungarian,isotonic,2,0.744081,0.297293,0.109182
XGBoost (Optuna),heart-disease-processed-hungarian,venn_abers,2,0.756563,0.297709,0.118135
XGBoost (Optuna),hepatitis,raw,2,0.954509,0.24571,0.087665
XGBoost (Optuna),hepatitis,isotonic,2,0.940141,0.261747,0.087298
XGBoost (Optuna),hepatitis,venn_abers,2,0.950193,0.255834,0.075433
XGBoost (Optuna),hill-valley-with-noise,raw,2,0.642094,0.537247,0.162994
XGBoost (Optuna),hill-valley-with-noise,isotonic,2,0.61844,0.474746,0.035167
XGBoost (Optuna),hill-valley-with-noise,venn_abers,2,0.621804,0.473367,0.034121
XGBoost (Optuna),hill-valley-without-noise,raw,2,0.684993,0.496507,0.151819
XGBoost (Optuna),hill-valley-without-noise,isotonic,2,0.650951,0.45036,0.047425
XGBoost (Optuna),hill-valley-without-noise,venn_abers,2,0.659276,0.447825,0.044966
XGBoost (Optuna),indian-liver-patient,raw,2,0.480108,0.381999,0.075894
XGBoost (Optuna),indian-liver-patient,isotonic,2,0.424078,0.379702,0.053376
XGBoost (Optuna),indian-liver-patient,venn_abers,2,0.435357,0.378898,0.04955
XGBoost (Optuna),ionosphere,raw,2,0.969296,0.119175,0.042938
XGBoost (Optuna),ionosphere,isotonic,2,0.958416,0.117912,0.050249
XGBoost (Optuna),ionosphere,venn_abers,2,0.967295,0.121441,0.052361
XGBoost (Optuna),iris,raw,3,0.977555,0.326044,0.353698
XGBoost (Optuna),iris,isotonic,3,0.925427,0.224932,0.087812
XGBoost (Optuna),iris,venn_abers,3,0.960643,0.173059,0.139918
XGBoost (Optuna),led7digit,raw,10,0.769841,0.388724,0.08962
XGBoost (Optuna),led7digit,isotonic,10,0.75771,0.403492,0.073367
XGBoost (Optuna),led7digit,venn_abers,10,0.765452,0.413565,0.109749
XGBoost (Optuna),leukemia-haslinger,raw,2,0.900387,0.260381,0.098565
XGBoost (Optuna),leukemia-haslinger,isotonic,2,0.847719,0.325059,0.136686
XGBoost (Optuna),leukemia-haslinger,venn_abers,2,0.877496,0.30737,0.13215
XGBoost (Optuna),lsvt-voice-rehabilitation,raw,2,0.925417,0.255344,0.096134
XGBoost (Optuna),lsvt-voice-rehabilitation,isotonic,2,0.893708,0.295932,0.122207
XGBoost (Optuna),lsvt-voice-rehabilitation,venn_abers,2,0.905659,0.285449,0.124885
XGBoost (Optuna),magic,raw,2,0.908939,0.181964,0.011419
XGBoost (Optuna),magic,isotonic,2,0.901798,0.182734,0.009232
XGBoost (Optuna),magic,venn_abers,2,0.904155,0.18261,0.01106
XGBoost (Optuna),mammographic-mass,raw,2,0.876409,0.24375,0.032023
XGBoost (Optuna),mammographic-mass,isotonic,2,0.866415,0.244798,0.034886
XGBoost (Optuna),mammographic-mass,venn_abers,2,0.869518,0.244511,0.023963
XGBoost (Optuna),mfeat-fourier,raw,10,0.877572,0.238657,0.029588
XGBoost (Optuna),mfeat-fourier,isotonic,10,0.867517,0.23602,0.027669
XGBoost (Optuna),mfeat-fourier,venn_abers,10,0.874375,0.23746,0.031944
XGBoost (Optuna),molecular-promotor-gene,raw,2,0.932915,0.265404,0.185501
XGBoost (Optuna),molecular-promotor-gene,isotonic,2,0.897032,0.23297,0.123959
XGBoost (Optuna),molecular-promotor-gene,venn_abers,2,0.918951,0.247721,0.168626
XGBoost (Optuna),molecular-splice-junction,raw,3,0.991068,0.056308,0.029639
XGBoost (Optuna),molecular-splice-junction,isotonic,3,0.989033,0.057097,0.011527
XGBoost (Optuna),molecular-splice-junction,venn_abers,3,0.990899,0.057155,0.015388
XGBoost (Optuna),monks1,raw,2,1.0,0.011703,0.061704
XGBoost (Optuna),monks1,isotonic,2,1.0,0.000104,0.00058
XGBoost (Optuna),monks1,venn_abers,2,1.0,0.007578,0.022739
XGBoost (Optuna),monks3,raw,2,0.986215,0.108024,0.111641
XGBoost (Optuna),monks3,isotonic,2,0.855177,0.241153,0.116208
XGBoost (Optuna),monks3,venn_abers,2,0.974788,0.206528,0.120659
XGBoost (Optuna),mushroom,raw,2,1.0,0.001869,0.013178
XGBoost (Optuna),mushroom,isotonic,2,1.0,7.6e-05,0.000118
XGBoost (Optuna),mushroom,venn_abers,2,0.999999,0.000756,0.003333
XGBoost (Optuna),mushroom-expanded,raw,2,1.0,0.001593,0.008959
XGBoost (Optuna),mushroom-expanded,isotonic,2,1.0,2e-06,2.3e-05
XGBoost (Optuna),mushroom-expanded,venn_abers,2,1.0,0.000587,0.002633
XGBoost (Optuna),nursery-4class,raw,4,1.0,0.000714,0.004813
XGBoost (Optuna),nursery-4class,isotonic,4,1.0,4.6e-05,7.4e-05
XGBoost (Optuna),nursery-4class,venn_abers,4,1.0,0.000733,0.004767
XGBoost (Optuna),optdigits,raw,10,0.99818,0.026502,0.00543
XGBoost (Optuna),optdigits,isotonic,10,0.995933,0.027795,0.005221
XGBoost (Optuna),optdigits,venn_abers,10,0.998079,0.028498,0.018366
XGBoost (Optuna),ozone-eighthr,raw,2,0.504557,0.086952,0.023301
XGBoost (Optuna),ozone-eighthr,isotonic,2,0.4641,0.086673,0.014865
XGBoost (Optuna),ozone-eighthr,venn_abers,2,0.4834,0.08639,0.012836
XGBoost (Optuna),ozone-onehr,raw,2,0.345086,0.047467,0.009245
XGBoost (Optuna),ozone-onehr,isotonic,2,0.310378,0.048607,0.009692
XGBoost (Optuna),ozone-onehr,venn_abers,2,0.322019,0.047198,0.009506
XGBoost (Optuna),page-blocks,raw,5,0.989757,0.04318,0.005984
XGBoost (Optuna),page-blocks,isotonic,5,0.988532,0.045216,0.007392
XGBoost (Optuna),page-blocks,venn_abers,5,0.989895,0.044784,0.012505
XGBoost (Optuna),parkinsons,raw,2,0.980647,0.158547,0.076439
XGBoost (Optuna),parkinsons,isotonic,2,0.962962,0.180097,0.073474
XGBoost (Optuna),parkinsons,venn_abers,2,0.979584,0.171205,0.083848
XGBoost (Optuna),pendigits,raw,10,0.998807,0.013072,0.002116
XGBoost (Optuna),pendigits,isotonic,10,0.998384,0.013228,0.002853
XGBoost (Optuna),pendigits,venn_abers,10,0.998904,0.013732,0.011171
XGBoost (Optuna),phoneme,raw,2,0.913517,0.143916,0.0208
XGBoost (Optuna),phoneme,isotonic,2,0.899998,0.144096,0.013824
XGBoost (Optuna),phoneme,venn_abers,2,0.907437,0.144069,0.012757
XGBoost (Optuna),pima-indians-diabetes,raw,2,0.716708,0.326537,0.061678
XGBoost (Optuna),pima-indians-diabetes,isotonic,2,0.68003,0.331709,0.065373
XGBoost (Optuna),pima-indians-diabetes,venn_abers,2,0.699819,0.328753,0.060208
XGBoost (Optuna),planning-relax,raw,2,0.279963,0.511914,0.194651
XGBoost (Optuna),planning-relax,isotonic,2,0.277202,0.447154,0.066164
XGBoost (Optuna),planning-relax,venn_abers,2,0.276907,0.426637,0.049754
XGBoost (Optuna),qsar-biodegradation,raw,2,0.88507,0.199164,0.041307
XGBoost (Optuna),qsar-biodegradation,isotonic,2,0.860831,0.203431,0.031314
XGBoost (Optuna),qsar-biodegradation,venn_abers,2,0.871876,0.20317,0.033686
XGBoost (Optuna),ringnorm,raw,2,0.995803,0.04535,0.005833
XGBoost (Optuna),ringnorm,isotonic,2,0.99302,0.046654,0.007622
XGBoost (Optuna),ringnorm,venn_abers,2,0.995324,0.046723,0.010577
XGBoost (Optuna),robot-failure-lp1,raw,4,0.887168,0.398395,0.198705
XGBoost (Optuna),robot-failure-lp1,isotonic,4,0.830467,0.270178,0.125236
XGBoost (Optuna),robot-failure-lp1,venn_abers,4,0.866547,0.281512,0.199443
XGBoost (Optuna),robot-failure-lp4,raw,3,0.972436,0.164802,0.092746
XGBoost (Optuna),robot-failure-lp4,isotonic,3,0.943106,0.139383,0.081194
XGBoost (Optuna),robot-failure-lp4,venn_abers,3,0.969083,0.175721,0.136507
XGBoost (Optuna),robot-failure-lp5,raw,5,0.741237,0.479504,0.127722
XGBoost (Optuna),robot-failure-lp5,isotonic,5,0.742757,0.457557,0.108776
XGBoost (Optuna),robot-failure-lp5,venn_abers,5,0.752991,0.465169,0.173612
XGBoost (Optuna),robot-nav-sensor-readings-24,raw,4,0.999943,0.005856,0.003107
XGBoost (Optuna),robot-nav-sensor-readings-24,isotonic,4,0.999571,0.006281,0.00267
XGBoost (Optuna),robot-nav-sensor-readings-24,venn_abers,4,0.999938,0.006725,0.007817
XGBoost (Optuna),robot-nav-sensor-readings-2,raw,4,0.999868,0.003522,0.003697
XGBoost (Optuna),robot-nav-sensor-readings-2,isotonic,4,0.99891,0.005635,0.003554
XGBoost (Optuna),robot-nav-sensor-readings-2,venn_abers,4,0.99978,0.027898,0.036846
XGBoost (Optuna),robot-nav-sensor-readings-4,raw,4,0.999762,0.004298,0.001432
XGBoost (Optuna),robot-nav-sensor-readings-4,isotonic,4,0.999037,0.004208,0.002075
XGBoost (Optuna),robot-nav-sensor-readings-4,venn_abers,4,0.999748,0.00469,0.008527
XGBoost (Optuna),saheart,raw,2,0.613974,0.406599,0.067594
XGBoost (Optuna),saheart,isotonic,2,0.520407,0.425613,0.103707
XGBoost (Optuna),saheart,venn_abers,2,0.527701,0.410784,0.096249
XGBoost (Optuna),seeds,raw,3,0.980403,0.110946,0.027106
XGBoost (Optuna),seeds,isotonic,3,0.950883,0.119257,0.060979
XGBoost (Optuna),seeds,venn_abers,3,0.981058,0.12654,0.099436
XGBoost (Optuna),seismic-bumps,raw,2,0.974583,0.116958,0.034045
XGBoost (Optuna),seismic-bumps,isotonic,2,0.968827,0.117197,0.017135
XGBoost (Optuna),seismic-bumps,venn_abers,2,0.971901,0.121156,0.019917
XGBoost (Optuna),semeion,raw,10,0.980485,0.102132,0.033235
XGBoost (Optuna),semeion,isotonic,10,0.975732,0.102997,0.013729
XGBoost (Optuna),semeion,venn_abers,10,0.980008,0.105159,0.047842
XGBoost (Optuna),skin-segmentation,raw,2,0.999937,0.00482,0.001943
XGBoost (Optuna),skin-segmentation,isotonic,2,0.99966,0.004626,0.001191
XGBoost (Optuna),skin-segmentation,venn_abers,2,0.999935,0.004597,0.003305
XGBoost (Optuna),spambase,raw,2,0.982964,0.069524,0.00975
XGBoost (Optuna),spambase,isotonic,2,0.979465,0.071641,0.013318
XGBoost (Optuna),spambase,venn_abers,2,0.980364,0.071728,0.012261
XGBoost (Optuna),spectf-heart,raw,2,0.977664,0.184271,0.078255
XGBoost (Optuna),spectf-heart,isotonic,2,0.945842,0.232267,0.122631
XGBoost (Optuna),spectf-heart,venn_abers,2,0.963393,0.221816,0.116371
XGBoost (Optuna),statlog-australian-credit,raw,2,0.917425,0.206173,0.059838
XGBoost (Optuna),statlog-australian-credit,isotonic,2,0.898235,0.215708,0.062465
XGBoost (Optuna),statlog-australian-credit,venn_abers,2,0.905243,0.217559,0.060837
XGBoost (Optuna),statlog-german-credit,raw,2,0.648271,0.322142,0.055721
XGBoost (Optuna),statlog-german-credit,isotonic,2,0.606508,0.326046,0.04529
XGBoost (Optuna),statlog-german-credit,venn_abers,2,0.618668,0.323654,0.040425
XGBoost (Optuna),statlog-heart,raw,2,0.895424,0.264484,0.069674
XGBoost (Optuna),statlog-heart,isotonic,2,0.858374,0.287796,0.088724
XGBoost (Optuna),statlog-heart,venn_abers,2,0.877697,0.283748,0.086394
XGBoost (Optuna),statlog-image-segmentation,raw,7,0.997151,0.02796,0.006413
XGBoost (Optuna),statlog-image-segmentation,isotonic,7,0.995305,0.029352,0.007627
XGBoost (Optuna),statlog-image-segmentation,venn_abers,7,0.996984,0.03098,0.025415
XGBoost (Optuna),statlog-landsat-satellite,raw,6,0.964024,0.123211,0.032741
XGBoost (Optuna),statlog-landsat-satellite,isotonic,6,0.961313,0.122377,0.016629
XGBoost (Optuna),statlog-landsat-satellite,venn_abers,6,0.963968,0.121944,0.017916
XGBoost (Optuna),statlog-vehicle-silhouettes,raw,4,0.832088,0.317918,0.065653
XGBoost (Optuna),statlog-vehicle-silhouettes,isotonic,4,0.819023,0.340015,0.092033
XGBoost (Optuna),statlog-vehicle-silhouettes,venn_abers,4,0.829345,0.345986,0.100624
XGBoost (Optuna),systhetic-control,raw,6,0.997758,0.042954,0.054041
XGBoost (Optuna),systhetic-control,isotonic,6,0.987494,0.040403,0.017863
XGBoost (Optuna),systhetic-control,venn_abers,6,0.997685,0.055253,0.082662
XGBoost (Optuna),teaching-assistant-evaluation,raw,3,0.635496,0.576951,0.191609
XGBoost (Optuna),teaching-assistant-evaluation,isotonic,3,0.625895,0.598994,0.140959
XGBoost (Optuna),teaching-assistant-evaluation,venn_abers,3,0.627946,0.570004,0.140622
XGBoost (Optuna),thoracic-surgery,raw,2,0.896363,0.259703,0.066137
XGBoost (Optuna),thoracic-surgery,isotonic,2,0.888634,0.255675,0.04399
XGBoost (Optuna),thoracic-surgery,venn_abers,2,0.888503,0.255972,0.047864
XGBoost (Optuna),thyroid-allbp,raw,5,0.774783,0.392042,0.02505
XGBoost (Optuna),thyroid-allbp,isotonic,5,0.774454,0.393002,0.019554
XGBoost (Optuna),thyroid-allbp,venn_abers,5,0.774551,0.393498,0.030926
XGBoost (Optuna),thyroid-ann,raw,3,0.999694,0.009387,0.016354
XGBoost (Optuna),thyroid-ann,isotonic,3,0.998836,0.006045,0.00247
XGBoost (Optuna),thyroid-ann,venn_abers,3,0.999564,0.007174,0.009372
XGBoost (Optuna),thyroid-newthyroid,raw,3,0.992922,0.135088,0.07563
XGBoost (Optuna),thyroid-newthyroid,isotonic,3,0.968101,0.097107,0.069115
XGBoost (Optuna),thyroid-newthyroid,venn_abers,3,0.992346,0.135598,0.12873
XGBoost (Optuna),thyroid-sick,raw,5,0.767552,0.400611,0.03877
XGBoost (Optuna),thyroid-sick,isotonic,5,0.765061,0.400113,0.014882
XGBoost (Optuna),thyroid-sick,venn_abers,5,0.765937,0.39999,0.030657
XGBoost (Optuna),thyroid-sick-euthyroid,raw,2,0.913085,0.061006,0.048716
XGBoost (Optuna),thyroid-sick-euthyroid,isotonic,2,0.880487,0.047209,0.011766
XGBoost (Optuna),thyroid-sick-euthyroid,venn_abers,2,0.888594,0.048158,0.021439
XGBoost (Optuna),user-knowledge,raw,5,0.949286,0.157004,0.045789
XGBoost (Optuna),user-knowledge,isotonic,5,0.930578,0.161498,0.061513
XGBoost (Optuna),user-knowledge,venn_abers,5,0.944966,0.160227,0.056383
XGBoost (Optuna),vertebra-column-2c,raw,2,0.867326,0.204064,0.060126
XGBoost (Optuna),vertebra-column-2c,isotonic,2,0.824266,0.21717,0.066825
XGBoost (Optuna),vertebra-column-2c,venn_abers,2,0.852354,0.215381,0.061028
XGBoost (Optuna),vertebra-column-3c,raw,3,0.893855,0.237514,0.068461
XGBoost (Optuna),vertebra-column-3c,isotonic,3,0.877073,0.250162,0.066367
XGBoost (Optuna),vertebra-column-3c,venn_abers,3,0.888685,0.250259,0.063942
XGBoost (Optuna),volcanoes-a1,raw,5,0.986804,0.036786,0.009995
XGBoost (Optuna),volcanoes-a1,isotonic,5,0.984252,0.037866,0.0083
XGBoost (Optuna),volcanoes-a1,venn_abers,5,0.986786,0.038527,0.02218
XGBoost (Optuna),volcanoes-a2,raw,5,0.926155,0.139624,0.058002
XGBoost (Optuna),volcanoes-a2,isotonic,5,0.916912,0.130898,0.021805
XGBoost (Optuna),volcanoes-a2,venn_abers,5,0.920547,0.129553,0.037019
XGBoost (Optuna),volcanoes-a4,raw,5,0.91668,0.149467,0.056131
XGBoost (Optuna),volcanoes-a4,isotonic,5,0.909833,0.149705,0.034751
XGBoost (Optuna),volcanoes-a4,venn_abers,5,0.91341,0.149852,0.043699
XGBoost (Optuna),volcanoes-b1,raw,5,0.96431,0.057308,0.008804
XGBoost (Optuna),volcanoes-b1,isotonic,5,0.963216,0.057431,0.003146
XGBoost (Optuna),volcanoes-b1,venn_abers,5,0.963656,0.057597,0.009532
XGBoost (Optuna),volcanoes-b2,raw,5,0.965191,0.056426,0.010248
XGBoost (Optuna),volcanoes-b2,isotonic,5,0.963812,0.05802,0.009565
XGBoost (Optuna),volcanoes-b2,venn_abers,5,0.964493,0.058192,0.012312
XGBoost (Optuna),volcanoes-c1,raw,5,0.975994,0.041538,0.006682
XGBoost (Optuna),volcanoes-c1,isotonic,5,0.974963,0.042319,0.004671
XGBoost (Optuna),volcanoes-c1,venn_abers,5,0.97526,0.042681,0.009072
XGBoost (Optuna),volcanoes-d1,raw,5,0.932732,0.097776,0.00873
XGBoost (Optuna),volcanoes-d1,isotonic,5,0.931847,0.098932,0.004511
XGBoost (Optuna),volcanoes-d1,venn_abers,5,0.932079,0.099201,0.009698
XGBoost (Optuna),volcanoes-d2,raw,5,0.936064,0.094934,0.008279
XGBoost (Optuna),volcanoes-d2,isotonic,5,0.935394,0.095351,0.005047
XGBoost (Optuna),volcanoes-d2,venn_abers,5,0.935748,0.095479,0.008107
XGBoost (Optuna),waveform-v1,raw,3,0.942975,0.197288,0.024652
XGBoost (Optuna),waveform-v1,isotonic,3,0.94048,0.197374,0.01702
XGBoost (Optuna),waveform-v1,venn_abers,3,0.942935,0.1975,0.020297
XGBoost (Optuna),wdbc,raw,2,0.993078,0.049718,0.017907
XGBoost (Optuna),wdbc,isotonic,2,0.976256,0.062425,0.030128
XGBoost (Optuna),wdbc,venn_abers,2,0.992261,0.060606,0.033666
XGBoost (Optuna),wholesale-channel,raw,2,0.922061,0.241254,0.155872
XGBoost (Optuna),wholesale-channel,isotonic,2,0.878403,0.139126,0.045775
XGBoost (Optuna),wholesale-channel,venn_abers,2,0.893716,0.138859,0.042802
XGBoost (Optuna),wholesale-region,raw,3,0.583907,0.495488,0.103404
XGBoost (Optuna),wholesale-region,isotonic,3,0.582751,0.44963,0.045534
XGBoost (Optuna),wholesale-region,venn_abers,3,0.583956,0.447172,0.062117
XGBoost (Optuna),wilt,raw,2,0.921459,0.023023,0.004543
XGBoost (Optuna),wilt,isotonic,2,0.911604,0.023042,0.004939
XGBoost (Optuna),wilt,venn_abers,2,0.917171,0.023124,0.006709
XGBoost (Optuna),wine-quality-5class,raw,5,0.741233,0.454174,0.077062
XGBoost (Optuna),wine-quality-5class,isotonic,5,0.739764,0.455164,0.043773
XGBoost (Optuna),wine-quality-5class,venn_abers,5,0.739713,0.455002,0.040784
XGBoost (Optuna),yeast-4class,raw,4,0.686249,0.489913,0.074369
XGBoost (Optuna),yeast-4class,isotonic,4,0.675313,0.488636,0.033045
XGBoost (Optuna),yeast-4class,venn_abers,4,0.677442,0.486746,0.038391
AutoGluon (sec=300),abalone-3class,raw,3,0.729376,0.426915,0.019863
AutoGluon (sec=300),abalone-3class,isotonic,3,0.726353,0.428661,0.02396
AutoGluon (sec=300),abalone-3class,venn_abers,3,0.728225,0.428519,0.021615
AutoGluon (sec=300),abalone-7class,raw,7,0.331285,0.748499,0.037187
AutoGluon (sec=300),abalone-7class,isotonic,7,0.326892,0.751717,0.031638
AutoGluon (sec=300),abalone-7class,venn_abers,7,0.328118,0.751347,0.027604
AutoGluon (sec=300),appendicitis,raw,2,0.702771,0.221252,0.078508
AutoGluon (sec=300),appendicitis,isotonic,2,0.548555,0.270745,0.087491
AutoGluon (sec=300),appendicitis,venn_abers,2,0.621677,0.249814,0.109474
AutoGluon (sec=300),artificial-characters,raw,10,0.94534,0.163229,0.013915
AutoGluon (sec=300),artificial-characters,isotonic,10,0.941651,0.165108,0.008976
AutoGluon (sec=300),artificial-characters,venn_abers,10,0.944598,0.165137,0.01864
AutoGluon (sec=300),autoUniv-au1-1000,raw,2,0.826321,0.318995,0.077069
AutoGluon (sec=300),autoUniv-au1-1000,isotonic,2,0.822133,0.316753,0.047243
AutoGluon (sec=300),autoUniv-au1-1000,venn_abers,2,0.823251,0.314899,0.04333
AutoGluon (sec=300),autoUniv-au4-2500,raw,3,0.710703,0.436884,0.026612
AutoGluon (sec=300),autoUniv-au4-2500,isotonic,3,0.707068,0.440779,0.031573
AutoGluon (sec=300),autoUniv-au4-2500,venn_abers,3,0.707763,0.440235,0.027457
AutoGluon (sec=300),autoUniv-au6-1000,raw,8,0.239698,0.833082,0.058599
AutoGluon (sec=300),autoUniv-au6-1000,isotonic,8,0.236007,0.833009,0.02464
AutoGluon (sec=300),autoUniv-au6-1000,venn_abers,8,0.239843,0.833914,0.029049
AutoGluon (sec=300),autoUniv-au6-250-drift-au6-cd1-500,raw,8,0.248678,0.837792,0.058592
AutoGluon (sec=300),autoUniv-au6-250-drift-au6-cd1-500,isotonic,8,0.247788,0.831679,0.048259
AutoGluon (sec=300),autoUniv-au6-250-drift-au6-cd1-500,venn_abers,8,0.244382,0.831417,0.052422
AutoGluon (sec=300),autoUniv-au6-cd1-400,raw,8,0.353657,0.779786,0.088834
AutoGluon (sec=300),autoUniv-au6-cd1-400,isotonic,8,0.345388,0.775271,0.063362
AutoGluon (sec=300),autoUniv-au6-cd1-400,venn_abers,8,0.351044,0.779072,0.077867
AutoGluon (sec=300),autoUniv-au7-300-drift-au7-cpd1-800,raw,5,0.416558,0.695657,0.043272
AutoGluon (sec=300),autoUniv-au7-300-drift-au7-cpd1-800,isotonic,5,0.414978,0.697877,0.05693
AutoGluon (sec=300),autoUniv-au7-300-drift-au7-cpd1-800,venn_abers,5,0.417025,0.695704,0.049184
AutoGluon (sec=300),autoUniv-au7-700,raw,3,0.557099,0.560916,0.057092
AutoGluon (sec=300),autoUniv-au7-700,isotonic,3,0.546111,0.563579,0.064024
AutoGluon (sec=300),autoUniv-au7-700,venn_abers,3,0.549764,0.560519,0.050242
AutoGluon (sec=300),autoUniv-au7-cpd1-500,raw,5,0.496244,0.653113,0.077378
AutoGluon (sec=300),autoUniv-au7-cpd1-500,isotonic,5,0.49321,0.648312,0.048135
AutoGluon (sec=300),autoUniv-au7-cpd1-500,venn_abers,5,0.487934,0.64723,0.062494
AutoGluon (sec=300),balance-scale,raw,3,0.993074,0.046128,0.012103
AutoGluon (sec=300),balance-scale,isotonic,3,0.985392,0.045129,0.009113
AutoGluon (sec=300),balance-scale,venn_abers,3,0.991962,0.048504,0.037268
AutoGluon (sec=300),banana,raw,2,0.968536,0.13391,0.008732
AutoGluon (sec=300),banana,isotonic,2,0.964295,0.134793,0.011566
AutoGluon (sec=300),banana,venn_abers,2,0.966021,0.134821,0.010778
AutoGluon (sec=300),bank-marketing,raw,2,0.574016,0.134827,0.021526
AutoGluon (sec=300),bank-marketing,isotonic,2,0.547358,0.132548,0.014857
AutoGluon (sec=300),bank-marketing,venn_abers,2,0.553872,0.132613,0.014367
AutoGluon (sec=300),bank-marketing-full,raw,2,0.608404,0.125262,0.015444
AutoGluon (sec=300),bank-marketing-full,isotonic,2,0.585176,0.125272,0.006439
AutoGluon (sec=300),bank-marketing-full,venn_abers,2,0.590992,0.12507,0.005425
AutoGluon (sec=300),blogger,raw,2,0.91257,0.2802,0.111
AutoGluon (sec=300),blogger,isotonic,2,0.846679,0.317224,0.127437
AutoGluon (sec=300),blogger,venn_abers,2,0.879557,0.314827,0.107878
AutoGluon (sec=300),blood-transfusion-service,raw,2,0.519584,0.308517,0.043575
AutoGluon (sec=300),blood-transfusion-service,isotonic,2,0.476502,0.315306,0.060531
AutoGluon (sec=300),blood-transfusion-service,venn_abers,2,0.502764,0.311785,0.04527
AutoGluon (sec=300),breast-cancer-wisconsin,raw,2,0.987487,0.053576,0.020765
AutoGluon (sec=300),breast-cancer-wisconsin,isotonic,2,0.978209,0.056039,0.015344
AutoGluon (sec=300),breast-cancer-wisconsin,venn_abers,2,0.985982,0.055647,0.027773
AutoGluon (sec=300),bupa,raw,2,0.813428,0.360689,0.072295
AutoGluon (sec=300),bupa,isotonic,2,0.789644,0.382498,0.081224
AutoGluon (sec=300),bupa,venn_abers,2,0.79789,0.379195,0.073412
AutoGluon (sec=300),cardiotocography-3class,raw,3,0.997069,0.015589,0.004735
AutoGluon (sec=300),cardiotocography-3class,isotonic,3,0.995092,0.016532,0.005168
AutoGluon (sec=300),cardiotocography-3class,venn_abers,3,0.996946,0.017809,0.013348
AutoGluon (sec=300),car-evaluation,raw,4,0.999959,0.005532,0.003389
AutoGluon (sec=300),car-evaluation,isotonic,4,0.998947,0.006216,0.003168
AutoGluon (sec=300),car-evaluation,venn_abers,4,0.999942,0.008692,0.021002
AutoGluon (sec=300),climate-simulation-craches,raw,2,0.985862,0.134787,0.028067
AutoGluon (sec=300),climate-simulation-craches,isotonic,2,0.972591,0.142745,0.037746
AutoGluon (sec=300),climate-simulation-craches,venn_abers,2,0.984095,0.139927,0.031298
AutoGluon (sec=300),colon32,raw,2,0.857474,0.209199,0.111373
AutoGluon (sec=300),colon32,isotonic,2,0.79752,0.243196,0.135502
AutoGluon (sec=300),colon32,venn_abers,2,0.825298,0.243326,0.161391
AutoGluon (sec=300),connectionist-mines-vs-rocks,raw,2,0.940931,0.193409,0.081088
AutoGluon (sec=300),connectionist-mines-vs-rocks,isotonic,2,0.908147,0.193953,0.087296
AutoGluon (sec=300),connectionist-mines-vs-rocks,venn_abers,2,0.93996,0.192443,0.089612
AutoGluon (sec=300),contraceptive-method-choice,raw,3,0.606468,0.541898,0.046167
AutoGluon (sec=300),contraceptive-method-choice,isotonic,3,0.595274,0.547216,0.044941
AutoGluon (sec=300),contraceptive-method-choice,venn_abers,3,0.597275,0.546359,0.042426
AutoGluon (sec=300),dermatology,raw,6,0.989507,0.054856,0.027723
AutoGluon (sec=300),dermatology,isotonic,6,0.979788,0.06617,0.036318
AutoGluon (sec=300),dermatology,venn_abers,6,0.989515,0.077476,0.08043
AutoGluon (sec=300),eeg-eye-state,raw,2,0.982984,0.093136,0.009783
AutoGluon (sec=300),eeg-eye-state,isotonic,2,0.980622,0.093296,0.007434
AutoGluon (sec=300),eeg-eye-state,venn_abers,2,0.981692,0.093273,0.007436
AutoGluon (sec=300),flare,raw,6,0.721788,0.353606,0.082502
AutoGluon (sec=300),flare,isotonic,6,0.717533,0.342735,0.052447
AutoGluon (sec=300),flare,venn_abers,6,0.720564,0.342562,0.056587
AutoGluon (sec=300),glioma16,raw,2,0.909099,0.200919,0.155939
AutoGluon (sec=300),glioma16,isotonic,2,0.895294,0.244648,0.129989
AutoGluon (sec=300),glioma16,venn_abers,2,0.905272,0.229067,0.155317
AutoGluon (sec=300),habermans-survival,raw,2,0.415654,0.368677,0.056473
AutoGluon (sec=300),habermans-survival,isotonic,2,0.387585,0.374654,0.060662
AutoGluon (sec=300),habermans-survival,venn_abers,2,0.389622,0.376089,0.052625
AutoGluon (sec=300),hayes-roth,raw,3,0.933708,0.219885,0.102933
AutoGluon (sec=300),hayes-roth,isotonic,3,0.896449,0.239193,0.093903
AutoGluon (sec=300),hayes-roth,venn_abers,3,0.935399,0.225434,0.139798
AutoGluon (sec=300),heart-disease-processed-hungarian,raw,2,0.836396,0.267847,0.073238
AutoGluon (sec=300),heart-disease-processed-hungarian,isotonic,2,0.804519,0.257471,0.07277
AutoGluon (sec=300),heart-disease-processed-hungarian,venn_abers,2,0.813822,0.26165,0.098139
AutoGluon (sec=300),hepatitis,raw,2,0.951402,0.245087,0.054036
AutoGluon (sec=300),hepatitis,isotonic,2,0.928341,0.270878,0.104859
AutoGluon (sec=300),hepatitis,venn_abers,2,0.938792,0.268313,0.073723
AutoGluon (sec=300),hill-valley-with-noise,raw,2,0.98105,0.125764,0.141479
AutoGluon (sec=300),hill-valley-with-noise,isotonic,2,0.972935,0.087174,0.027424
AutoGluon (sec=300),hill-valley-with-noise,venn_abers,2,0.976631,0.087362,0.027435
AutoGluon (sec=300),hill-valley-without-noise,raw,2,0.994436,0.06821,0.09085
AutoGluon (sec=300),hill-valley-without-noise,isotonic,2,0.991901,0.05579,0.017251
AutoGluon (sec=300),hill-valley-without-noise,venn_abers,2,0.993683,0.054571,0.02326
AutoGluon (sec=300),indian-liver-patient,raw,2,0.524243,0.340264,0.065478
AutoGluon (sec=300),indian-liver-patient,isotonic,2,0.496067,0.341382,0.057058
AutoGluon (sec=300),indian-liver-patient,venn_abers,2,0.498123,0.340993,0.052516
AutoGluon (sec=300),ionosphere,raw,2,0.981414,0.113617,0.041073
AutoGluon (sec=300),ionosphere,isotonic,2,0.962838,0.137704,0.048673
AutoGluon (sec=300),ionosphere,venn_abers,2,0.97505,0.135309,0.023678
AutoGluon (sec=300),iris,raw,3,0.99124,0.059249,0.035312
AutoGluon (sec=300),iris,isotonic,3,0.963391,0.076805,0.043414
AutoGluon (sec=300),iris,venn_abers,3,0.989064,0.08893,0.103247
AutoGluon (sec=300),led7digit,raw,10,0.754579,0.399473,0.060958
AutoGluon (sec=300),led7digit,isotonic,10,0.75367,0.403636,0.048749
AutoGluon (sec=300),led7digit,venn_abers,10,0.756498,0.413819,0.084362
AutoGluon (sec=300),leukemia-haslinger,raw,2,0.927614,0.228527,0.089297
AutoGluon (sec=300),leukemia-haslinger,isotonic,2,0.879998,0.278387,0.135759
AutoGluon (sec=300),leukemia-haslinger,venn_abers,2,0.913314,0.262718,0.144108
AutoGluon (sec=300),lsvt-voice-rehabilitation,raw,2,0.937755,0.233149,0.100674
AutoGluon (sec=300),lsvt-voice-rehabilitation,isotonic,2,0.897095,0.262445,0.094069
AutoGluon (sec=300),lsvt-voice-rehabilitation,venn_abers,2,0.924805,0.248658,0.108443
AutoGluon (sec=300),magic,raw,2,0.919196,0.169899,0.009571
AutoGluon (sec=300),magic,isotonic,2,0.912155,0.169732,0.008393
AutoGluon (sec=300),magic,venn_abers,2,0.914737,0.169702,0.010288
AutoGluon (sec=300),mammographic-mass,raw,2,0.869009,0.244727,0.033219
AutoGluon (sec=300),mammographic-mass,isotonic,2,0.859264,0.252216,0.051091
AutoGluon (sec=300),mammographic-mass,venn_abers,2,0.867058,0.251465,0.050423
AutoGluon (sec=300),mfeat-fourier,raw,10,0.883313,0.207942,0.029452
AutoGluon (sec=300),mfeat-fourier,isotonic,10,0.87652,0.210608,0.025652
AutoGluon (sec=300),mfeat-fourier,venn_abers,10,0.881534,0.210492,0.029871
AutoGluon (sec=300),molecular-promotor-gene,raw,2,0.966225,0.171321,0.064192
AutoGluon (sec=300),molecular-promotor-gene,isotonic,2,0.921039,0.204532,0.096849
AutoGluon (sec=300),molecular-promotor-gene,venn_abers,2,0.957235,0.20093,0.135481
AutoGluon (sec=300),molecular-splice-junction,raw,3,0.991041,0.051467,0.007567
AutoGluon (sec=300),molecular-splice-junction,isotonic,3,0.990584,0.05266,0.010157
AutoGluon (sec=300),molecular-splice-junction,venn_abers,3,0.99133,0.052676,0.013171
AutoGluon (sec=300),monks1,raw,2,1.0,0.0,1.6e-05
AutoGluon (sec=300),monks1,isotonic,2,1.0,0.0,1e-06
AutoGluon (sec=300),monks1,venn_abers,2,1.0,0.006529,0.021501
AutoGluon (sec=300),monks3,raw,2,0.994855,0.025274,0.015724
AutoGluon (sec=300),monks3,isotonic,2,0.985711,0.022658,0.009951
AutoGluon (sec=300),monks3,venn_abers,2,0.99447,0.028495,0.024003
AutoGluon (sec=300),mushroom,raw,2,1.0,0.0,1e-06
AutoGluon (sec=300),mushroom,isotonic,2,1.0,0.0,0.0
AutoGluon (sec=300),mushroom,venn_abers,2,0.999998,0.000638,0.002091
AutoGluon (sec=300),mushroom-expanded,raw,2,1.0,8.3e-05,0.000196
AutoGluon (sec=300),mushroom-expanded,isotonic,2,1.0,8.3e-05,0.000196
AutoGluon (sec=300),mushroom-expanded,venn_abers,2,0.999853,0.002998,0.002107
AutoGluon (sec=300),nursery-4class,raw,4,0.999999,0.000573,0.000452
AutoGluon (sec=300),nursery-4class,isotonic,4,0.999851,0.000671,0.00041
AutoGluon (sec=300),nursery-4class,venn_abers,4,0.999998,0.007582,0.031444
AutoGluon (sec=300),optdigits,raw,10,0.999021,0.018744,0.0052
AutoGluon (sec=300),optdigits,isotonic,10,0.997385,0.020231,0.003926
AutoGluon (sec=300),optdigits,venn_abers,10,0.998961,0.02125,0.017856
AutoGluon (sec=300),ozone-eighthr,raw,2,0.535067,0.081737,0.010975
AutoGluon (sec=300),ozone-eighthr,isotonic,2,0.489373,0.083465,0.016351
AutoGluon (sec=300),ozone-eighthr,venn_abers,2,0.497205,0.083828,0.015654
AutoGluon (sec=300),ozone-onehr,raw,2,0.359441,0.046163,0.006427
AutoGluon (sec=300),ozone-onehr,isotonic,2,0.273728,0.050252,0.009669
AutoGluon (sec=300),ozone-onehr,venn_abers,2,0.287524,0.049304,0.009996
AutoGluon (sec=300),page-blocks,raw,5,0.991076,0.037698,0.005109
AutoGluon (sec=300),page-blocks,isotonic,5,0.990378,0.038738,0.004842
AutoGluon (sec=300),page-blocks,venn_abers,5,0.991026,0.039229,0.009143
AutoGluon (sec=300),parkinsons,raw,2,0.989249,0.13036,0.041298
AutoGluon (sec=300),parkinsons,isotonic,2,0.978354,0.148353,0.072622
AutoGluon (sec=300),parkinsons,venn_abers,2,0.988425,0.151506,0.078712
AutoGluon (sec=300),pendigits,raw,10,0.999115,0.008243,0.002324
AutoGluon (sec=300),pendigits,isotonic,10,0.99852,0.008561,0.002464
AutoGluon (sec=300),pendigits,venn_abers,10,0.999113,0.009212,0.010643
AutoGluon (sec=300),phoneme,raw,2,0.925394,0.13353,0.009398
AutoGluon (sec=300),phoneme,isotonic,2,0.91693,0.133596,0.012117
AutoGluon (sec=300),phoneme,venn_abers,2,0.920046,0.133747,0.014084
AutoGluon (sec=300),pima-indians-diabetes,raw,2,0.721385,0.311894,0.035994
AutoGluon (sec=300),pima-indians-diabetes,isotonic,2,0.69158,0.323875,0.042159
AutoGluon (sec=300),pima-indians-diabetes,venn_abers,2,0.700283,0.321906,0.057708
AutoGluon (sec=300),planning-relax,raw,2,0.277215,0.443224,0.145477
AutoGluon (sec=300),planning-relax,isotonic,2,0.296021,0.425572,0.037578
AutoGluon (sec=300),planning-relax,venn_abers,2,0.288969,0.413552,0.033663
AutoGluon (sec=300),qsar-biodegradation,raw,2,0.89657,0.186818,0.038612
AutoGluon (sec=300),qsar-biodegradation,isotonic,2,0.876806,0.195,0.039131
AutoGluon (sec=300),qsar-biodegradation,venn_abers,2,0.88664,0.194737,0.044034
AutoGluon (sec=300),ringnorm,raw,2,0.997053,0.03676,0.003952
AutoGluon (sec=300),ringnorm,isotonic,2,0.995823,0.037078,0.007601
AutoGluon (sec=300),ringnorm,venn_abers,2,0.996724,0.037126,0.007209
AutoGluon (sec=300),robot-failure-lp1,raw,4,0.936264,0.26084,0.117029
AutoGluon (sec=300),robot-failure-lp1,isotonic,4,0.915199,0.228324,0.134104
AutoGluon (sec=300),robot-failure-lp1,venn_abers,4,0.937928,0.246489,0.143172
AutoGluon (sec=300),robot-failure-lp4,raw,3,0.965253,0.146378,0.074811
AutoGluon (sec=300),robot-failure-lp4,isotonic,3,0.960618,0.172474,0.064521
AutoGluon (sec=300),robot-failure-lp4,venn_abers,3,0.963215,0.176537,0.096549
AutoGluon (sec=300),robot-failure-lp5,raw,5,0.738256,0.426757,0.099754
AutoGluon (sec=300),robot-failure-lp5,isotonic,5,0.749725,0.389977,0.113922
AutoGluon (sec=300),robot-failure-lp5,venn_abers,5,0.757538,0.400458,0.11399
AutoGluon (sec=300),robot-nav-sensor-readings-24,raw,4,0.999979,0.003956,0.002446
AutoGluon (sec=300),robot-nav-sensor-readings-24,isotonic,4,0.99909,0.00452,0.001991
AutoGluon (sec=300),robot-nav-sensor-readings-24,venn_abers,4,0.999979,0.004755,0.006873
AutoGluon (sec=300),robot-nav-sensor-readings-2,raw,4,1.0,0.000107,0.000214
AutoGluon (sec=300),robot-nav-sensor-readings-2,isotonic,4,1.0,9.1e-05,0.000147
AutoGluon (sec=300),robot-nav-sensor-readings-2,venn_abers,4,1.0,0.004341,0.026036
AutoGluon (sec=300),robot-nav-sensor-readings-4,raw,4,1.0,2e-05,7.4e-05
AutoGluon (sec=300),robot-nav-sensor-readings-4,isotonic,4,1.0,2.3e-05,5.9e-05
AutoGluon (sec=300),robot-nav-sensor-readings-4,venn_abers,4,1.0,0.041544,0.088596
AutoGluon (sec=300),saheart,raw,2,0.656043,0.363936,0.066988
AutoGluon (sec=300),saheart,isotonic,2,0.602296,0.373673,0.060131
AutoGluon (sec=300),saheart,venn_abers,2,0.626104,0.369584,0.06843
AutoGluon (sec=300),seeds,raw,3,0.991491,0.065492,0.036749
AutoGluon (sec=300),seeds,isotonic,3,0.964695,0.077265,0.04612
AutoGluon (sec=300),seeds,venn_abers,3,0.988073,0.084553,0.073744
AutoGluon (sec=300),seismic-bumps,raw,2,0.975549,0.113891,0.008384
AutoGluon (sec=300),seismic-bumps,isotonic,2,0.971455,0.11396,0.011703
AutoGluon (sec=300),seismic-bumps,venn_abers,2,0.972986,0.114232,0.010782
AutoGluon (sec=300),semeion,raw,10,0.987617,0.073329,0.018606
AutoGluon (sec=300),semeion,isotonic,10,0.982333,0.077883,0.017538
AutoGluon (sec=300),semeion,venn_abers,10,0.987123,0.080694,0.042925
AutoGluon (sec=300),skin-segmentation,raw,2,0.999995,0.001347,0.000475
AutoGluon (sec=300),skin-segmentation,isotonic,2,0.999811,0.002042,0.000956
AutoGluon (sec=300),skin-segmentation,venn_abers,2,0.999995,0.001878,0.003346
AutoGluon (sec=300),spambase,raw,2,0.984399,0.063348,0.008096
AutoGluon (sec=300),spambase,isotonic,2,0.981743,0.064537,0.007905
AutoGluon (sec=300),spambase,venn_abers,2,0.983308,0.064636,0.009019
AutoGluon (sec=300),spectf-heart,raw,2,0.981512,0.151873,0.047795
AutoGluon (sec=300),spectf-heart,isotonic,2,0.973215,0.144543,0.06268
AutoGluon (sec=300),spectf-heart,venn_abers,2,0.979131,0.145523,0.060965
AutoGluon (sec=300),statlog-australian-credit,raw,2,0.918551,0.18957,0.03249
AutoGluon (sec=300),statlog-australian-credit,isotonic,2,0.896327,0.19892,0.04279
AutoGluon (sec=300),statlog-australian-credit,venn_abers,2,0.913074,0.197418,0.039652
AutoGluon (sec=300),statlog-german-credit,raw,2,0.653908,0.31785,0.018347
AutoGluon (sec=300),statlog-german-credit,isotonic,2,0.614202,0.324368,0.033264
AutoGluon (sec=300),statlog-german-credit,venn_abers,2,0.634949,0.323689,0.032884
AutoGluon (sec=300),statlog-heart,raw,2,0.903653,0.239089,0.047413
AutoGluon (sec=300),statlog-heart,isotonic,2,0.87506,0.257346,0.07509
AutoGluon (sec=300),statlog-heart,venn_abers,2,0.89121,0.252453,0.076205
AutoGluon (sec=300),statlog-image-segmentation,raw,7,0.997173,0.027423,0.007381
AutoGluon (sec=300),statlog-image-segmentation,isotonic,7,0.99563,0.028548,0.008395
AutoGluon (sec=300),statlog-image-segmentation,venn_abers,7,0.997146,0.029877,0.025081
AutoGluon (sec=300),statlog-landsat-satellite,raw,6,0.968266,0.113306,0.0146
AutoGluon (sec=300),statlog-landsat-satellite,isotonic,6,0.96567,0.115854,0.015826
AutoGluon (sec=300),statlog-landsat-satellite,venn_abers,6,0.967763,0.115927,0.020574
AutoGluon (sec=300),statlog-vehicle-silhouettes,raw,4,0.890487,0.222375,0.034262
AutoGluon (sec=300),statlog-vehicle-silhouettes,isotonic,4,0.868779,0.232973,0.042255
AutoGluon (sec=300),statlog-vehicle-silhouettes,venn_abers,4,0.887128,0.231783,0.042674
AutoGluon (sec=300),systhetic-control,raw,6,0.999303,0.021487,0.012044
AutoGluon (sec=300),systhetic-control,isotonic,6,0.991151,0.037271,0.023468
AutoGluon (sec=300),systhetic-control,venn_abers,6,0.999356,0.047704,0.067805
AutoGluon (sec=300),teaching-assistant-evaluation,raw,3,0.662079,0.53024,0.117726
AutoGluon (sec=300),teaching-assistant-evaluation,isotonic,3,0.609853,0.573342,0.118041
AutoGluon (sec=300),teaching-assistant-evaluation,venn_abers,3,0.639646,0.553165,0.112501
AutoGluon (sec=300),thoracic-surgery,raw,2,0.911393,0.256607,0.059701
AutoGluon (sec=300),thoracic-surgery,isotonic,2,0.875311,0.256729,0.053689
AutoGluon (sec=300),thoracic-surgery,venn_abers,2,0.903253,0.256898,0.052857
AutoGluon (sec=300),thyroid-allbp,raw,5,0.772846,0.390527,0.02114
AutoGluon (sec=300),thyroid-allbp,isotonic,5,0.771464,0.393386,0.028563
AutoGluon (sec=300),thyroid-allbp,venn_abers,5,0.772575,0.393625,0.032948
AutoGluon (sec=300),thyroid-ann,raw,3,0.999818,0.003676,0.001555
AutoGluon (sec=300),thyroid-ann,isotonic,3,0.998898,0.005008,0.002608
AutoGluon (sec=300),thyroid-ann,venn_abers,3,0.999823,0.004997,0.007511
AutoGluon (sec=300),thyroid-newthyroid,raw,3,0.988435,0.07427,0.037193
AutoGluon (sec=300),thyroid-newthyroid,isotonic,3,0.96318,0.090373,0.044905
AutoGluon (sec=300),thyroid-newthyroid,venn_abers,3,0.989392,0.088119,0.071774
AutoGluon (sec=300),thyroid-sick,raw,5,0.771632,0.393156,0.01847
AutoGluon (sec=300),thyroid-sick,isotonic,5,0.768947,0.394613,0.023983
AutoGluon (sec=300),thyroid-sick,venn_abers,5,0.769362,0.395275,0.027928
AutoGluon (sec=300),thyroid-sick-euthyroid,raw,2,0.920504,0.035473,0.006073
AutoGluon (sec=300),thyroid-sick-euthyroid,isotonic,2,0.901344,0.036884,0.007794
AutoGluon (sec=300),thyroid-sick-euthyroid,venn_abers,2,0.914182,0.036153,0.00942
AutoGluon (sec=300),user-knowledge,raw,5,0.962433,0.115414,0.033457
AutoGluon (sec=300),user-knowledge,isotonic,5,0.945559,0.119326,0.039831
AutoGluon (sec=300),user-knowledge,venn_abers,5,0.965968,0.123991,0.070361
AutoGluon (sec=300),vertebra-column-2c,raw,2,0.884231,0.205117,0.052974
AutoGluon (sec=300),vertebra-column-2c,isotonic,2,0.845482,0.21079,0.066208
AutoGluon (sec=300),vertebra-column-2c,venn_abers,2,0.869181,0.205485,0.068614
AutoGluon (sec=300),vertebra-column-3c,raw,3,0.909756,0.209432,0.04507
AutoGluon (sec=300),vertebra-column-3c,isotonic,3,0.890794,0.221347,0.050181
AutoGluon (sec=300),vertebra-column-3c,venn_abers,3,0.908124,0.218579,0.080826
AutoGluon (sec=300),volcanoes-a1,raw,5,0.989948,0.032126,0.010736
AutoGluon (sec=300),volcanoes-a1,isotonic,5,0.987505,0.033506,0.006564
AutoGluon (sec=300),volcanoes-a1,venn_abers,5,0.98992,0.033831,0.019572
AutoGluon (sec=300),volcanoes-a2,raw,5,0.92587,0.125019,0.018466
AutoGluon (sec=300),volcanoes-a2,isotonic,5,0.926736,0.125949,0.020144
AutoGluon (sec=300),volcanoes-a2,venn_abers,5,0.926754,0.127118,0.026489
AutoGluon (sec=300),volcanoes-a4,raw,5,0.916078,0.137778,0.024446
AutoGluon (sec=300),volcanoes-a4,isotonic,5,0.914693,0.140587,0.018976
AutoGluon (sec=300),volcanoes-a4,venn_abers,5,0.915524,0.140921,0.032469
AutoGluon (sec=300),volcanoes-b1,raw,5,0.964117,0.056071,0.003519
AutoGluon (sec=300),volcanoes-b1,isotonic,5,0.963399,0.056336,0.004219
AutoGluon (sec=300),volcanoes-b1,venn_abers,5,0.964261,0.056497,0.007509
AutoGluon (sec=300),volcanoes-b2,raw,5,0.966163,0.053507,0.003335
AutoGluon (sec=300),volcanoes-b2,isotonic,5,0.965625,0.054284,0.005332
AutoGluon (sec=300),volcanoes-b2,venn_abers,5,0.965795,0.054433,0.007479
AutoGluon (sec=300),volcanoes-c1,raw,5,0.976399,0.04083,0.001697
AutoGluon (sec=300),volcanoes-c1,isotonic,5,0.97569,0.041586,0.003205
AutoGluon (sec=300),volcanoes-c1,venn_abers,5,0.976233,0.041671,0.00765
AutoGluon (sec=300),volcanoes-d1,raw,5,0.93504,0.097477,0.004819
AutoGluon (sec=300),volcanoes-d1,isotonic,5,0.934345,0.098911,0.005772
AutoGluon (sec=300),volcanoes-d1,venn_abers,5,0.93476,0.09886,0.008448
AutoGluon (sec=300),volcanoes-d2,raw,5,0.937877,0.094465,0.006268
AutoGluon (sec=300),volcanoes-d2,isotonic,5,0.93681,0.094908,0.004274
AutoGluon (sec=300),volcanoes-d2,venn_abers,5,0.937594,0.095065,0.007309
AutoGluon (sec=300),waveform-v1,raw,3,0.948302,0.185775,0.017684
AutoGluon (sec=300),waveform-v1,isotonic,3,0.945017,0.187223,0.014161
AutoGluon (sec=300),waveform-v1,venn_abers,3,0.947586,0.187287,0.017088
AutoGluon (sec=300),wdbc,raw,2,0.993763,0.037363,0.022902
AutoGluon (sec=300),wdbc,isotonic,2,0.986249,0.039036,0.015747
AutoGluon (sec=300),wdbc,venn_abers,2,0.993328,0.039564,0.03058
AutoGluon (sec=300),wholesale-channel,raw,2,0.946811,0.122547,0.033652
AutoGluon (sec=300),wholesale-channel,isotonic,2,0.924985,0.124854,0.031189
AutoGluon (sec=300),wholesale-channel,venn_abers,2,0.941577,0.125318,0.045782
AutoGluon (sec=300),wholesale-region,raw,3,0.578403,0.449155,0.102849
AutoGluon (sec=300),wholesale-region,isotonic,3,0.577335,0.453046,0.068387
AutoGluon (sec=300),wholesale-region,venn_abers,3,0.575761,0.449473,0.059849
AutoGluon (sec=300),wilt,raw,2,0.955238,0.017174,0.003075
AutoGluon (sec=300),wilt,isotonic,2,0.93064,0.018838,0.005143
AutoGluon (sec=300),wilt,venn_abers,2,0.952566,0.01873,0.006233
AutoGluon (sec=300),wine-quality-5class,raw,5,0.769522,0.414762,0.028704
AutoGluon (sec=300),wine-quality-5class,isotonic,5,0.767268,0.416407,0.021837
AutoGluon (sec=300),wine-quality-5class,venn_abers,5,0.767726,0.416365,0.017492
AutoGluon (sec=300),yeast-4class,raw,4,0.694352,0.469185,0.027426
AutoGluon (sec=300),yeast-4class,isotonic,4,0.685364,0.475262,0.044522
AutoGluon (sec=300),yeast-4class,venn_abers,4,0.688949,0.474548,0.048178
MLJAR (sec=300),abalone-3class,raw,3,0.72214,0.43071,0.019016
MLJAR (sec=300),abalone-3class,isotonic,3,0.717312,0.433482,0.017467
MLJAR (sec=300),abalone-3class,venn_abers,3,0.720534,0.433211,0.013695
MLJAR (sec=300),abalone-7class,raw,7,0.336881,0.746169,0.024017
MLJAR (sec=300),abalone-7class,isotonic,7,0.334261,0.749907,0.036361
MLJAR (sec=300),abalone-7class,venn_abers,7,0.336733,0.749406,0.030041
MLJAR (sec=300),appendicitis,raw,2,0.552726,0.294624,0.134432
MLJAR (sec=300),appendicitis,isotonic,2,0.510104,0.255277,0.066955
MLJAR (sec=300),appendicitis,venn_abers,2,0.528443,0.257369,0.096091
MLJAR (sec=300),artificial-characters,raw,10,0.961376,0.136794,0.042532
MLJAR (sec=300),artificial-characters,isotonic,10,0.959024,0.132884,0.010913
MLJAR (sec=300),artificial-characters,venn_abers,10,0.961458,0.133123,0.017219
MLJAR (sec=300),autoUniv-au1-1000,raw,2,0.839875,0.310166,0.068165
MLJAR (sec=300),autoUniv-au1-1000,isotonic,2,0.831254,0.305916,0.031521
MLJAR (sec=300),autoUniv-au1-1000,venn_abers,2,0.835736,0.302082,0.033736
MLJAR (sec=300),autoUniv-au4-2500,raw,3,0.710111,0.436784,0.029245
MLJAR (sec=300),autoUniv-au4-2500,isotonic,3,0.703914,0.439423,0.03162
MLJAR (sec=300),autoUniv-au4-2500,venn_abers,3,0.708309,0.439125,0.021075
MLJAR (sec=300),autoUniv-au6-1000,raw,8,0.262844,0.812296,0.054102
MLJAR (sec=300),autoUniv-au6-1000,isotonic,8,0.25902,0.816711,0.047626
MLJAR (sec=300),autoUniv-au6-1000,venn_abers,8,0.259794,0.817844,0.034742
MLJAR (sec=300),autoUniv-au6-250-drift-au6-cd1-500,raw,8,0.277058,0.814555,0.032284
MLJAR (sec=300),autoUniv-au6-250-drift-au6-cd1-500,isotonic,8,0.262525,0.826167,0.045966
MLJAR (sec=300),autoUniv-au6-250-drift-au6-cd1-500,venn_abers,8,0.271928,0.824442,0.053428
MLJAR (sec=300),autoUniv-au6-cd1-400,raw,8,0.422394,0.72648,0.098406
MLJAR (sec=300),autoUniv-au6-cd1-400,isotonic,8,0.418762,0.738603,0.072374
MLJAR (sec=300),autoUniv-au6-cd1-400,venn_abers,8,0.414734,0.73745,0.051922
MLJAR (sec=300),autoUniv-au7-300-drift-au7-cpd1-800,raw,5,0.439437,0.676004,0.050207
MLJAR (sec=300),autoUniv-au7-300-drift-au7-cpd1-800,isotonic,5,0.432093,0.686012,0.05104
MLJAR (sec=300),autoUniv-au7-300-drift-au7-cpd1-800,venn_abers,5,0.436602,0.683904,0.046059
MLJAR (sec=300),autoUniv-au7-700,raw,3,0.559571,0.545108,0.075643
MLJAR (sec=300),autoUniv-au7-700,isotonic,3,0.558061,0.541667,0.064463
MLJAR (sec=300),autoUniv-au7-700,venn_abers,3,0.561594,0.540072,0.048496
MLJAR (sec=300),autoUniv-au7-cpd1-500,raw,5,0.503813,0.636603,0.090931
MLJAR (sec=300),autoUniv-au7-cpd1-500,isotonic,5,0.505122,0.634659,0.053816
MLJAR (sec=300),autoUniv-au7-cpd1-500,venn_abers,5,0.506278,0.62996,0.063374
MLJAR (sec=300),balance-scale,raw,3,0.973809,0.089642,0.057434
MLJAR (sec=300),balance-scale,isotonic,3,0.974933,0.079001,0.025943
MLJAR (sec=300),balance-scale,venn_abers,3,0.979301,0.082829,0.051835
MLJAR (sec=300),banana,raw,2,0.966971,0.136005,0.015038
MLJAR (sec=300),banana,isotonic,2,0.960953,0.136552,0.010194
MLJAR (sec=300),banana,venn_abers,2,0.964108,0.136637,0.01159
MLJAR (sec=300),bank-marketing,raw,2,0.55149,0.139733,0.021649
MLJAR (sec=300),bank-marketing,isotonic,2,0.521229,0.136045,0.016895
MLJAR (sec=300),bank-marketing,venn_abers,2,0.531644,0.135947,0.017761
MLJAR (sec=300),bank-marketing-full,raw,2,0.591188,0.127461,0.0182
MLJAR (sec=300),bank-marketing-full,isotonic,2,0.573413,0.126059,0.008023
MLJAR (sec=300),bank-marketing-full,venn_abers,2,0.577379,0.125958,0.010177
MLJAR (sec=300),blogger,raw,2,0.894983,0.347918,0.190913
MLJAR (sec=300),blogger,isotonic,2,0.844175,0.36947,0.167589
MLJAR (sec=300),blogger,venn_abers,2,0.856976,0.360357,0.146507
MLJAR (sec=300),blood-transfusion-service,raw,2,0.496714,0.313806,0.035037
MLJAR (sec=300),blood-transfusion-service,isotonic,2,0.446544,0.322004,0.053808
MLJAR (sec=300),blood-transfusion-service,venn_abers,2,0.457169,0.318894,0.043861
MLJAR (sec=300),breast-cancer-wisconsin,raw,2,0.970419,0.071005,0.024961
MLJAR (sec=300),breast-cancer-wisconsin,isotonic,2,0.949115,0.078813,0.021213
MLJAR (sec=300),breast-cancer-wisconsin,venn_abers,2,0.960392,0.076528,0.023994
MLJAR (sec=300),bupa,raw,2,0.781441,0.394368,0.083754
MLJAR (sec=300),bupa,isotonic,2,0.761116,0.393582,0.04638
MLJAR (sec=300),bupa,venn_abers,2,0.756986,0.385509,0.063476
MLJAR (sec=300),cardiotocography-3class,raw,3,0.986564,0.023501,0.007625
MLJAR (sec=300),cardiotocography-3class,isotonic,3,0.984718,0.024397,0.00695
MLJAR (sec=300),cardiotocography-3class,venn_abers,3,0.986611,0.026194,0.014417
MLJAR (sec=300),car-evaluation,raw,4,0.999916,0.006601,0.006263
MLJAR (sec=300),car-evaluation,isotonic,4,0.997722,0.007686,0.005056
MLJAR (sec=300),car-evaluation,venn_abers,4,0.999903,0.009927,0.020151
MLJAR (sec=300),climate-simulation-craches,raw,2,0.980339,0.141941,0.03448
MLJAR (sec=300),climate-simulation-craches,isotonic,2,0.976405,0.145072,0.025032
MLJAR (sec=300),climate-simulation-craches,venn_abers,2,0.977052,0.145739,0.039817
MLJAR (sec=300),colon32,raw,2,0.722817,0.347049,0.19719
MLJAR (sec=300),colon32,isotonic,2,0.687054,0.27713,0.123703
MLJAR (sec=300),colon32,venn_abers,2,0.67872,0.274529,0.116895
MLJAR (sec=300),connectionist-mines-vs-rocks,raw,2,0.928206,0.256735,0.114538
MLJAR (sec=300),connectionist-mines-vs-rocks,isotonic,2,0.890181,0.252809,0.107624
MLJAR (sec=300),connectionist-mines-vs-rocks,venn_abers,2,0.921649,0.246588,0.092562
MLJAR (sec=300),contraceptive-method-choice,raw,3,0.605774,0.544917,0.037277
MLJAR (sec=300),contraceptive-method-choice,isotonic,3,0.602747,0.546912,0.043358
MLJAR (sec=300),contraceptive-method-choice,venn_abers,3,0.602371,0.546993,0.029611
MLJAR (sec=300),dermatology,raw,6,0.993044,0.043605,0.024272
MLJAR (sec=300),dermatology,isotonic,6,0.979551,0.054156,0.021193
MLJAR (sec=300),dermatology,venn_abers,6,0.992962,0.066631,0.081988
MLJAR (sec=300),eeg-eye-state,raw,2,0.987201,0.07811,0.007592
MLJAR (sec=300),eeg-eye-state,isotonic,2,0.985122,0.077581,0.008685
MLJAR (sec=300),eeg-eye-state,venn_abers,2,0.986073,0.077684,0.007987
MLJAR (sec=300),flare,raw,6,0.744175,0.32588,0.027254
MLJAR (sec=300),flare,isotonic,6,0.732357,0.336589,0.034456
MLJAR (sec=300),flare,venn_abers,6,0.736116,0.335066,0.04237
MLJAR (sec=300),glioma16,raw,2,0.8726,0.33048,0.196937
MLJAR (sec=300),glioma16,isotonic,2,0.825252,0.333398,0.126586
MLJAR (sec=300),glioma16,venn_abers,2,0.847828,0.290545,0.167981
MLJAR (sec=300),habermans-survival,raw,2,0.433115,0.371753,0.072934
MLJAR (sec=300),habermans-survival,isotonic,2,0.377679,0.377887,0.080292
MLJAR (sec=300),habermans-survival,venn_abers,2,0.405276,0.371566,0.086136
MLJAR (sec=300),hayes-roth,raw,3,0.948787,0.16719,0.071427
MLJAR (sec=300),hayes-roth,isotonic,3,0.943085,0.151019,0.039434
MLJAR (sec=300),hayes-roth,venn_abers,3,0.940454,0.216537,0.118808
MLJAR (sec=300),heart-disease-processed-hungarian,raw,2,0.772027,0.29768,0.086082
MLJAR (sec=300),heart-disease-processed-hungarian,isotonic,2,0.736963,0.302931,0.078377
MLJAR (sec=300),heart-disease-processed-hungarian,venn_abers,2,0.753496,0.299683,0.072501
MLJAR (sec=300),hepatitis,raw,2,0.93518,0.344683,0.171637
MLJAR (sec=300),hepatitis,isotonic,2,0.896047,0.323481,0.092181
MLJAR (sec=300),hepatitis,venn_abers,2,0.906057,0.311945,0.088699
MLJAR (sec=300),hill-valley-with-noise,raw,2,0.817883,0.353127,0.04002
MLJAR (sec=300),hill-valley-with-noise,isotonic,2,0.795562,0.359762,0.052976
MLJAR (sec=300),hill-valley-with-noise,venn_abers,2,0.803777,0.358514,0.034146
MLJAR (sec=300),hill-valley-without-noise,raw,2,0.997525,0.00738,0.004012
MLJAR (sec=300),hill-valley-without-noise,isotonic,2,0.990282,0.020401,0.013423
MLJAR (sec=300),hill-valley-without-noise,venn_abers,2,0.996932,0.070599,0.074715
MLJAR (sec=300),indian-liver-patient,raw,2,0.499187,0.352975,0.060782
MLJAR (sec=300),indian-liver-patient,isotonic,2,0.473427,0.355591,0.062958
MLJAR (sec=300),indian-liver-patient,venn_abers,2,0.480801,0.354787,0.065217
MLJAR (sec=300),ionosphere,raw,2,0.962127,0.130045,0.063102
MLJAR (sec=300),ionosphere,isotonic,2,0.930918,0.132003,0.054087
MLJAR (sec=300),ionosphere,venn_abers,2,0.940697,0.136349,0.063912
MLJAR (sec=300),iris,raw,3,0.984588,0.056723,0.04479
MLJAR (sec=300),iris,isotonic,3,0.973353,0.062249,0.046954
MLJAR (sec=300),iris,venn_abers,3,0.981633,0.086196,0.114534
MLJAR (sec=300),led7digit,raw,10,0.763045,0.387099,0.062844
MLJAR (sec=300),led7digit,isotonic,10,0.754793,0.400836,0.079834
MLJAR (sec=300),led7digit,venn_abers,10,0.762033,0.407251,0.106381
MLJAR (sec=300),leukemia-haslinger,raw,2,0.883333,0.328083,0.142864
MLJAR (sec=300),leukemia-haslinger,isotonic,2,0.823005,0.351722,0.111297
MLJAR (sec=300),leukemia-haslinger,venn_abers,2,0.86415,0.337405,0.126291
MLJAR (sec=300),lsvt-voice-rehabilitation,raw,2,0.872417,0.310539,0.119008
MLJAR (sec=300),lsvt-voice-rehabilitation,isotonic,2,0.841006,0.318677,0.11899
MLJAR (sec=300),lsvt-voice-rehabilitation,venn_abers,2,0.858996,0.308269,0.078543
MLJAR (sec=300),magic,raw,2,0.911522,0.177858,0.008095
MLJAR (sec=300),magic,isotonic,2,0.904429,0.178977,0.009201
MLJAR (sec=300),magic,venn_abers,2,0.907059,0.178886,0.008725
MLJAR (sec=300),mammographic-mass,raw,2,0.879942,0.238609,0.039134
MLJAR (sec=300),mammographic-mass,isotonic,2,0.862832,0.242484,0.035662
MLJAR (sec=300),mammographic-mass,venn_abers,2,0.868994,0.240512,0.030602
MLJAR (sec=300),mfeat-fourier,raw,10,0.88359,0.218833,0.017432
MLJAR (sec=300),mfeat-fourier,isotonic,10,0.874943,0.221609,0.031687
MLJAR (sec=300),mfeat-fourier,venn_abers,10,0.882716,0.222394,0.031128
MLJAR (sec=300),molecular-promotor-gene,raw,2,0.965836,0.174092,0.090893
MLJAR (sec=300),molecular-promotor-gene,isotonic,2,0.904506,0.174174,0.128501
MLJAR (sec=300),molecular-promotor-gene,venn_abers,2,0.936124,0.189736,0.121322
MLJAR (sec=300),molecular-splice-junction,raw,3,0.991718,0.051405,0.010726
MLJAR (sec=300),molecular-splice-junction,isotonic,3,0.990476,0.053289,0.00912
MLJAR (sec=300),molecular-splice-junction,venn_abers,3,0.991439,0.053903,0.013943
MLJAR (sec=300),monks1,raw,2,1.0,0.0,8e-06
MLJAR (sec=300),monks1,isotonic,2,1.0,0.0,0.0
MLJAR (sec=300),monks1,venn_abers,2,0.999396,0.008427,0.019574
MLJAR (sec=300),monks3,raw,2,0.984824,0.029725,0.018699
MLJAR (sec=300),monks3,isotonic,2,0.985788,0.03327,0.026065
MLJAR (sec=300),monks3,venn_abers,2,0.986154,0.043479,0.038069
MLJAR (sec=300),mushroom,raw,2,1.0,0.0,1e-06
MLJAR (sec=300),mushroom,isotonic,2,1.0,0.0,0.0
MLJAR (sec=300),mushroom,venn_abers,2,0.999997,0.000701,0.002685
MLJAR (sec=300),mushroom-expanded,raw,2,1.0,1e-06,1.7e-05
MLJAR (sec=300),mushroom-expanded,isotonic,2,1.0,1e-06,1.6e-05
MLJAR (sec=300),mushroom-expanded,venn_abers,2,0.999997,0.000898,0.004527
MLJAR (sec=300),nursery-4class,raw,4,0.999999,0.000407,0.000636
MLJAR (sec=300),nursery-4class,isotonic,4,0.999851,0.000467,0.000331
MLJAR (sec=300),nursery-4class,venn_abers,4,0.999998,0.001438,0.006172
MLJAR (sec=300),optdigits,raw,10,0.997702,0.028949,0.007946
MLJAR (sec=300),optdigits,isotonic,10,0.995616,0.02918,0.006229
MLJAR (sec=300),optdigits,venn_abers,10,0.997651,0.029969,0.017939
MLJAR (sec=300),ozone-eighthr,raw,2,0.512525,0.087218,0.022405
MLJAR (sec=300),ozone-eighthr,isotonic,2,0.461064,0.089329,0.024545
MLJAR (sec=300),ozone-eighthr,venn_abers,2,0.480838,0.089496,0.026385
MLJAR (sec=300),ozone-onehr,raw,2,0.242933,0.052606,0.008422
MLJAR (sec=300),ozone-onehr,isotonic,2,0.207957,0.051268,0.014353
MLJAR (sec=300),ozone-onehr,venn_abers,2,0.2229,0.051578,0.020151
MLJAR (sec=300),page-blocks,raw,5,0.990958,0.038746,0.005117
MLJAR (sec=300),page-blocks,isotonic,5,0.98997,0.03861,0.006666
MLJAR (sec=300),page-blocks,venn_abers,5,0.991008,0.038778,0.010445
MLJAR (sec=300),parkinsons,raw,2,0.990687,0.125732,0.041231
MLJAR (sec=300),parkinsons,isotonic,2,0.975228,0.12766,0.06217
MLJAR (sec=300),parkinsons,venn_abers,2,0.988796,0.136407,0.070925
MLJAR (sec=300),pendigits,raw,10,0.998648,0.013735,0.001935
MLJAR (sec=300),pendigits,isotonic,10,0.997995,0.013558,0.002703
MLJAR (sec=300),pendigits,venn_abers,10,0.998618,0.014117,0.012323
MLJAR (sec=300),phoneme,raw,2,0.918189,0.137513,0.009527
MLJAR (sec=300),phoneme,isotonic,2,0.908909,0.138686,0.01065
MLJAR (sec=300),phoneme,venn_abers,2,0.912329,0.138406,0.014229
MLJAR (sec=300),pima-indians-diabetes,raw,2,0.699636,0.333238,0.055255
MLJAR (sec=300),pima-indians-diabetes,isotonic,2,0.67535,0.339923,0.046805
MLJAR (sec=300),pima-indians-diabetes,venn_abers,2,0.681209,0.338059,0.027024
MLJAR (sec=300),planning-relax,raw,2,0.306747,0.520736,0.16483
MLJAR (sec=300),planning-relax,isotonic,2,0.2779,0.449112,0.083127
MLJAR (sec=300),planning-relax,venn_abers,2,0.277618,0.421196,0.073629
MLJAR (sec=300),qsar-biodegradation,raw,2,0.885801,0.188687,0.03507
MLJAR (sec=300),qsar-biodegradation,isotonic,2,0.864394,0.196501,0.033902
MLJAR (sec=300),qsar-biodegradation,venn_abers,2,0.871086,0.196351,0.025453
MLJAR (sec=300),ringnorm,raw,2,0.996755,0.034462,0.004981
MLJAR (sec=300),ringnorm,isotonic,2,0.994559,0.0355,0.006704
MLJAR (sec=300),ringnorm,venn_abers,2,0.996432,0.035534,0.009142
MLJAR (sec=300),robot-failure-lp1,raw,4,0.942609,0.145359,0.09655
MLJAR (sec=300),robot-failure-lp1,isotonic,4,0.919293,0.143831,0.109187
MLJAR (sec=300),robot-failure-lp1,venn_abers,4,0.952988,0.195231,0.178613
MLJAR (sec=300),robot-failure-lp4,raw,3,0.974734,0.112723,0.077271
MLJAR (sec=300),robot-failure-lp4,isotonic,3,0.96886,0.107591,0.052067
MLJAR (sec=300),robot-failure-lp4,venn_abers,3,0.977793,0.126974,0.097271
MLJAR (sec=300),robot-failure-lp5,raw,5,0.759064,0.41549,0.120381
MLJAR (sec=300),robot-failure-lp5,isotonic,5,0.752097,0.397765,0.106644
MLJAR (sec=300),robot-failure-lp5,venn_abers,5,0.767889,0.404778,0.09729
MLJAR (sec=300),robot-nav-sensor-readings-24,raw,4,0.999974,0.004139,0.002574
MLJAR (sec=300),robot-nav-sensor-readings-24,isotonic,4,0.999197,0.004966,0.002219
MLJAR (sec=300),robot-nav-sensor-readings-24,venn_abers,4,0.999977,0.005183,0.007862
MLJAR (sec=300),robot-nav-sensor-readings-2,raw,4,1.0,0.000114,0.000196
MLJAR (sec=300),robot-nav-sensor-readings-2,isotonic,4,1.0,0.000114,0.000196
MLJAR (sec=300),robot-nav-sensor-readings-2,venn_abers,4,0.999999,0.000368,0.000976
MLJAR (sec=300),robot-nav-sensor-readings-4,raw,4,1.0,0.0,0.0
MLJAR (sec=300),robot-nav-sensor-readings-4,isotonic,4,1.0,0.0,0.0
MLJAR (sec=300),robot-nav-sensor-readings-4,venn_abers,4,1.0,1e-06,0.000977
MLJAR (sec=300),saheart,raw,2,0.619977,0.384783,0.056113
MLJAR (sec=300),saheart,isotonic,2,0.565234,0.393685,0.090633
MLJAR (sec=300),saheart,venn_abers,2,0.571285,0.389429,0.084596
MLJAR (sec=300),seeds,raw,3,0.950799,0.123951,0.069208
MLJAR (sec=300),seeds,isotonic,3,0.943264,0.130768,0.078184
MLJAR (sec=300),seeds,venn_abers,3,0.947993,0.137085,0.080057
MLJAR (sec=300),seismic-bumps,raw,2,0.97348,0.114684,0.017419
MLJAR (sec=300),seismic-bumps,isotonic,2,0.970122,0.115854,0.01504
MLJAR (sec=300),seismic-bumps,venn_abers,2,0.971326,0.115045,0.015156
MLJAR (sec=300),semeion,raw,10,0.978236,0.10773,0.028167
MLJAR (sec=300),semeion,isotonic,10,0.969242,0.109454,0.027045
MLJAR (sec=300),semeion,venn_abers,10,0.978279,0.118141,0.060536
MLJAR (sec=300),skin-segmentation,raw,2,0.999983,0.002189,0.001574
MLJAR (sec=300),skin-segmentation,isotonic,2,0.999811,0.0024,0.000883
MLJAR (sec=300),skin-segmentation,venn_abers,2,0.999968,0.002378,0.002553
MLJAR (sec=300),spambase,raw,2,0.983942,0.064387,0.009057
MLJAR (sec=300),spambase,isotonic,2,0.981349,0.065144,0.008953
MLJAR (sec=300),spambase,venn_abers,2,0.983199,0.065258,0.009235
MLJAR (sec=300),spectf-heart,raw,2,0.976696,0.181138,0.067588
MLJAR (sec=300),spectf-heart,isotonic,2,0.949609,0.154165,0.047644
MLJAR (sec=300),spectf-heart,venn_abers,2,0.964536,0.156709,0.059025
MLJAR (sec=300),statlog-australian-credit,raw,2,0.912764,0.212369,0.044125
MLJAR (sec=300),statlog-australian-credit,isotonic,2,0.887076,0.228169,0.063796
MLJAR (sec=300),statlog-australian-credit,venn_abers,2,0.902151,0.225872,0.056797
MLJAR (sec=300),statlog-german-credit,raw,2,0.532897,0.366687,0.050484
MLJAR (sec=300),statlog-german-credit,isotonic,2,0.48326,0.372601,0.056354
MLJAR (sec=300),statlog-german-credit,venn_abers,2,0.490197,0.368533,0.048429
MLJAR (sec=300),statlog-heart,raw,2,0.869267,0.32506,0.144291
MLJAR (sec=300),statlog-heart,isotonic,2,0.808253,0.318782,0.105705
MLJAR (sec=300),statlog-heart,venn_abers,2,0.840813,0.312475,0.085593
MLJAR (sec=300),statlog-image-segmentation,raw,7,0.997356,0.026367,0.006315
MLJAR (sec=300),statlog-image-segmentation,isotonic,7,0.996009,0.028693,0.008437
MLJAR (sec=300),statlog-image-segmentation,venn_abers,7,0.997398,0.03054,0.031303
MLJAR (sec=300),statlog-landsat-satellite,raw,6,0.96192,0.123564,0.011913
MLJAR (sec=300),statlog-landsat-satellite,isotonic,6,0.959207,0.127197,0.012681
MLJAR (sec=300),statlog-landsat-satellite,venn_abers,6,0.960672,0.127098,0.020685
MLJAR (sec=300),statlog-vehicle-silhouettes,raw,4,0.867864,0.246453,0.021646
MLJAR (sec=300),statlog-vehicle-silhouettes,isotonic,4,0.845433,0.25371,0.045913
MLJAR (sec=300),statlog-vehicle-silhouettes,venn_abers,4,0.863008,0.251855,0.048587
MLJAR (sec=300),systhetic-control,raw,6,0.999171,0.028518,0.028514
MLJAR (sec=300),systhetic-control,isotonic,6,0.996453,0.030277,0.01999
MLJAR (sec=300),systhetic-control,venn_abers,6,0.999294,0.038424,0.066346
MLJAR (sec=300),teaching-assistant-evaluation,raw,3,0.73415,0.469453,0.146901
MLJAR (sec=300),teaching-assistant-evaluation,isotonic,3,0.719019,0.465935,0.106242
MLJAR (sec=300),teaching-assistant-evaluation,venn_abers,3,0.723535,0.467301,0.124675
MLJAR (sec=300),thoracic-surgery,raw,2,0.906613,0.254322,0.060441
MLJAR (sec=300),thoracic-surgery,isotonic,2,0.887599,0.255009,0.046776
MLJAR (sec=300),thoracic-surgery,venn_abers,2,0.894338,0.254017,0.046028
MLJAR (sec=300),thyroid-allbp,raw,5,0.772971,0.39159,0.022798
MLJAR (sec=300),thyroid-allbp,isotonic,5,0.771793,0.395492,0.020586
MLJAR (sec=300),thyroid-allbp,venn_abers,5,0.77278,0.395636,0.029311
MLJAR (sec=300),thyroid-ann,raw,3,0.999672,0.004841,0.001941
MLJAR (sec=300),thyroid-ann,isotonic,3,0.997999,0.005589,0.002432
MLJAR (sec=300),thyroid-ann,venn_abers,3,0.999498,0.005831,0.007987
MLJAR (sec=300),thyroid-newthyroid,raw,3,0.995361,0.043423,0.017642
MLJAR (sec=300),thyroid-newthyroid,isotonic,3,0.972207,0.054748,0.0295
MLJAR (sec=300),thyroid-newthyroid,venn_abers,3,0.995513,0.060718,0.074604
MLJAR (sec=300),thyroid-sick,raw,5,0.77398,0.392055,0.02356
MLJAR (sec=300),thyroid-sick,isotonic,5,0.77265,0.395308,0.022598
MLJAR (sec=300),thyroid-sick,venn_abers,5,0.774269,0.395352,0.025769
MLJAR (sec=300),thyroid-sick-euthyroid,raw,2,0.913751,0.038537,0.007676
MLJAR (sec=300),thyroid-sick-euthyroid,isotonic,2,0.889031,0.039646,0.007693
MLJAR (sec=300),thyroid-sick-euthyroid,venn_abers,2,0.900807,0.039912,0.009769
MLJAR (sec=300),user-knowledge,raw,5,0.958722,0.137075,0.049583
MLJAR (sec=300),user-knowledge,isotonic,5,0.940814,0.158512,0.054185
MLJAR (sec=300),user-knowledge,venn_abers,5,0.956599,0.157934,0.052385
MLJAR (sec=300),vertebra-column-2c,raw,2,0.830167,0.233679,0.064291
MLJAR (sec=300),vertebra-column-2c,isotonic,2,0.780561,0.259907,0.080117
MLJAR (sec=300),vertebra-column-2c,venn_abers,2,0.809225,0.250201,0.094837
MLJAR (sec=300),vertebra-column-3c,raw,3,0.897496,0.229429,0.055054
MLJAR (sec=300),vertebra-column-3c,isotonic,3,0.878359,0.256196,0.063245
MLJAR (sec=300),vertebra-column-3c,venn_abers,3,0.890296,0.250631,0.063186
MLJAR (sec=300),volcanoes-a1,raw,5,0.986107,0.046204,0.026494
MLJAR (sec=300),volcanoes-a1,isotonic,5,0.983953,0.036646,0.012666
MLJAR (sec=300),volcanoes-a1,venn_abers,5,0.985897,0.038901,0.018519
MLJAR (sec=300),volcanoes-a2,raw,5,0.927391,0.124163,0.015698
MLJAR (sec=300),volcanoes-a2,isotonic,5,0.924481,0.126705,0.014615
MLJAR (sec=300),volcanoes-a2,venn_abers,5,0.926494,0.126443,0.027953
MLJAR (sec=300),volcanoes-a4,raw,5,0.914845,0.13664,0.020716
MLJAR (sec=300),volcanoes-a4,isotonic,5,0.916001,0.138055,0.017616
MLJAR (sec=300),volcanoes-a4,venn_abers,5,0.916071,0.139169,0.034112
MLJAR (sec=300),volcanoes-b1,raw,5,0.963376,0.056306,0.005747
MLJAR (sec=300),volcanoes-b1,isotonic,5,0.963065,0.056372,0.003401
MLJAR (sec=300),volcanoes-b1,venn_abers,5,0.963109,0.056605,0.006892
MLJAR (sec=300),volcanoes-b2,raw,5,0.965741,0.053376,0.003567
MLJAR (sec=300),volcanoes-b2,isotonic,5,0.965212,0.054199,0.004942
MLJAR (sec=300),volcanoes-b2,venn_abers,5,0.965242,0.054324,0.006817
MLJAR (sec=300),volcanoes-c1,raw,5,0.976312,0.040484,0.003257
MLJAR (sec=300),volcanoes-c1,isotonic,5,0.975356,0.041123,0.002459
MLJAR (sec=300),volcanoes-c1,venn_abers,5,0.975883,0.041254,0.006613
MLJAR (sec=300),volcanoes-d1,raw,5,0.934887,0.097585,0.005797
MLJAR (sec=300),volcanoes-d1,isotonic,5,0.933295,0.099019,0.007461
MLJAR (sec=300),volcanoes-d1,venn_abers,5,0.93399,0.098844,0.009307
MLJAR (sec=300),volcanoes-d2,raw,5,0.937485,0.094502,0.005003
MLJAR (sec=300),volcanoes-d2,isotonic,5,0.936307,0.094946,0.003961
MLJAR (sec=300),volcanoes-d2,venn_abers,5,0.937212,0.095233,0.008734
MLJAR (sec=300),waveform-v1,raw,3,0.947956,0.187769,0.01283
MLJAR (sec=300),waveform-v1,isotonic,3,0.9448,0.189521,0.009605
MLJAR (sec=300),waveform-v1,venn_abers,3,0.947334,0.189602,0.01297
MLJAR (sec=300),wdbc,raw,2,0.989532,0.05939,0.02418
MLJAR (sec=300),wdbc,isotonic,2,0.977274,0.061924,0.030034
MLJAR (sec=300),wdbc,venn_abers,2,0.987312,0.064862,0.035428
MLJAR (sec=300),wholesale-channel,raw,2,0.900521,0.131375,0.049752
MLJAR (sec=300),wholesale-channel,isotonic,2,0.880955,0.139854,0.037151
MLJAR (sec=300),wholesale-channel,venn_abers,2,0.884488,0.138705,0.038331
MLJAR (sec=300),wholesale-region,raw,3,0.572066,0.450381,0.06927
MLJAR (sec=300),wholesale-region,isotonic,3,0.567705,0.456577,0.057923
MLJAR (sec=300),wholesale-region,venn_abers,3,0.572815,0.461118,0.045142
MLJAR (sec=300),wilt,raw,2,0.943626,0.02022,0.005505
MLJAR (sec=300),wilt,isotonic,2,0.927494,0.02065,0.004976
MLJAR (sec=300),wilt,venn_abers,2,0.937222,0.02059,0.006894
MLJAR (sec=300),wine-quality-5class,raw,5,0.696173,0.469331,0.02641
MLJAR (sec=300),wine-quality-5class,isotonic,5,0.6941,0.468453,0.012441
MLJAR (sec=300),wine-quality-5class,venn_abers,5,0.694611,0.468577,0.016143
MLJAR (sec=300),yeast-4class,raw,4,0.697087,0.467801,0.044172
MLJAR (sec=300),yeast-4class,isotonic,4,0.690398,0.47106,0.030976
MLJAR (sec=300),yeast-4class,venn_abers,4,0.696601,0.470417,0.036007
CatBoost (Optuna) backup,abalone-3class,raw,3,0.717495,0.43499,0.012455
CatBoost (Optuna) backup,abalone-3class,isotonic,3,0.715439,0.435819,0.02688
CatBoost (Optuna) backup,abalone-3class,venn_abers,3,0.717053,0.435605,0.028152
CatBoost (Optuna) backup,abalone-7class,raw,7,0.329573,0.752531,0.02065
CatBoost (Optuna) backup,abalone-7class,isotonic,7,0.323932,0.756749,0.026581
CatBoost (Optuna) backup,abalone-7class,venn_abers,7,0.325286,0.755871,0.018165
CatBoost (Optuna) backup,appendicitis,raw,2,0.738576,0.344561,0.24013
CatBoost (Optuna) backup,appendicitis,isotonic,2,0.63,0.31682,0.187292
CatBoost (Optuna) backup,appendicitis,venn_abers,2,0.668658,0.292922,0.153784
CatBoost (Optuna) backup,artificial-characters,raw,10,0.950066,0.15939,0.042159
CatBoost (Optuna) backup,artificial-characters,isotonic,10,0.947261,0.154328,0.015832
CatBoost (Optuna) backup,artificial-characters,venn_abers,10,0.949057,0.154925,0.020967
CatBoost (Optuna) backup,autoUniv-au1-1000,raw,2,0.850072,0.395748,0.143956
CatBoost (Optuna) backup,autoUniv-au1-1000,isotonic,2,0.83063,0.415801,0.157717
CatBoost (Optuna) backup,autoUniv-au1-1000,venn_abers,2,0.839034,0.406161,0.146589
CatBoost (Optuna) backup,autoUniv-au4-2500,raw,3,0.699542,0.461814,0.046759
CatBoost (Optuna) backup,autoUniv-au4-2500,isotonic,3,0.681748,0.474355,0.072059
CatBoost (Optuna) backup,autoUniv-au4-2500,venn_abers,3,0.688002,0.47004,0.067057
CatBoost (Optuna) backup,autoUniv-au6-1000,raw,8,0.228699,0.837258,0.045909
CatBoost (Optuna) backup,autoUniv-au6-1000,isotonic,8,0.222162,0.844693,0.043954
CatBoost (Optuna) backup,autoUniv-au6-1000,venn_abers,8,0.221974,0.845275,0.051276
CatBoost (Optuna) backup,autoUniv-au6-250-drift-au6-cd1-500,raw,8,0.220053,0.854612,0.048942
CatBoost (Optuna) backup,autoUniv-au6-250-drift-au6-cd1-500,isotonic,8,0.21959,0.855643,0.057926
CatBoost (Optuna) backup,autoUniv-au6-250-drift-au6-cd1-500,venn_abers,8,0.215632,0.852224,0.051764
CatBoost (Optuna) backup,autoUniv-au6-cd1-400,raw,8,0.334574,0.856585,0.166501
CatBoost (Optuna) backup,autoUniv-au6-cd1-400,isotonic,8,0.302304,0.83689,0.117131
CatBoost (Optuna) backup,autoUniv-au6-cd1-400,venn_abers,8,0.314522,0.822302,0.109551
CatBoost (Optuna) backup,autoUniv-au7-300-drift-au7-cpd1-800,raw,5,0.395881,0.723854,0.057443
CatBoost (Optuna) backup,autoUniv-au7-300-drift-au7-cpd1-800,isotonic,5,0.395438,0.723807,0.046714
CatBoost (Optuna) backup,autoUniv-au7-300-drift-au7-cpd1-800,venn_abers,5,0.395183,0.720721,0.044094
CatBoost (Optuna) backup,autoUniv-au7-700,raw,3,0.552031,0.585971,0.06352
CatBoost (Optuna) backup,autoUniv-au7-700,isotonic,3,0.528925,0.589577,0.048568
CatBoost (Optuna) backup,autoUniv-au7-700,venn_abers,3,0.537365,0.585376,0.060429
CatBoost (Optuna) backup,autoUniv-au7-cpd1-500,raw,5,0.473692,0.680192,0.076136
CatBoost (Optuna) backup,autoUniv-au7-cpd1-500,isotonic,5,0.456115,0.698637,0.09476
CatBoost (Optuna) backup,autoUniv-au7-cpd1-500,venn_abers,5,0.463294,0.690454,0.087495
CatBoost (Optuna) backup,balance-scale,raw,3,0.957892,0.107288,0.06201
CatBoost (Optuna) backup,balance-scale,isotonic,3,0.968913,0.095042,0.037667
CatBoost (Optuna) backup,balance-scale,venn_abers,3,0.968058,0.09674,0.051812
CatBoost (Optuna) backup,banana,raw,2,0.967346,0.135547,0.018291
CatBoost (Optuna) backup,banana,isotonic,2,0.96327,0.136524,0.009791
CatBoost (Optuna) backup,banana,venn_abers,2,0.964955,0.13634,0.008719
CatBoost (Optuna) backup,bank-marketing,raw,2,0.55785,0.143163,0.027982
CatBoost (Optuna) backup,bank-marketing,isotonic,2,0.525828,0.140805,0.01498
CatBoost (Optuna) backup,bank-marketing,venn_abers,2,0.535702,0.140966,0.016324
CatBoost (Optuna) backup,bank-marketing-full,raw,2,0.589905,0.129315,0.015655
CatBoost (Optuna) backup,bank-marketing-full,isotonic,2,0.565314,0.128987,0.007356
CatBoost (Optuna) backup,bank-marketing-full,venn_abers,2,0.57124,0.12893,0.008083
CatBoost (Optuna) backup,blogger,raw,2,0.851452,0.376825,0.155726
CatBoost (Optuna) backup,blogger,isotonic,2,0.810585,0.374603,0.147046
CatBoost (Optuna) backup,blogger,venn_abers,2,0.824591,0.370481,0.109589
CatBoost (Optuna) backup,blood-transfusion-service,raw,2,0.516236,0.31958,0.075233
CatBoost (Optuna) backup,blood-transfusion-service,isotonic,2,0.478117,0.308049,0.044806
CatBoost (Optuna) backup,blood-transfusion-service,venn_abers,2,0.492796,0.30614,0.043596
CatBoost (Optuna) backup,breast-cancer-wisconsin,raw,2,0.983216,0.058069,0.024168
CatBoost (Optuna) backup,breast-cancer-wisconsin,isotonic,2,0.971377,0.062772,0.031755
CatBoost (Optuna) backup,breast-cancer-wisconsin,venn_abers,2,0.982228,0.066765,0.042051
CatBoost (Optuna) backup,bupa,raw,2,0.790531,0.382524,0.099284
CatBoost (Optuna) backup,bupa,isotonic,2,0.759045,0.399771,0.099699
CatBoost (Optuna) backup,bupa,venn_abers,2,0.77667,0.389357,0.093382
CatBoost (Optuna) backup,cardiotocography-3class,raw,3,0.996721,0.020767,0.007055
CatBoost (Optuna) backup,cardiotocography-3class,isotonic,3,0.992826,0.022299,0.007978
CatBoost (Optuna) backup,cardiotocography-3class,venn_abers,3,0.995091,0.023986,0.02172
CatBoost (Optuna) backup,car-evaluation,raw,4,0.999179,0.011982,0.013988
CatBoost (Optuna) backup,car-evaluation,isotonic,4,0.997581,0.008009,0.006205
CatBoost (Optuna) backup,car-evaluation,venn_abers,4,0.999328,0.012081,0.023855
CatBoost (Optuna) backup,climate-simulation-craches,raw,2,0.984064,0.205925,0.145338
CatBoost (Optuna) backup,climate-simulation-craches,isotonic,2,0.940293,0.181118,0.08675
CatBoost (Optuna) backup,climate-simulation-craches,venn_abers,2,0.957979,0.189639,0.099801
CatBoost (Optuna) backup,colon32,raw,2,0.875744,0.354983,0.230919
CatBoost (Optuna) backup,colon32,isotonic,2,0.616319,0.407747,0.214754
CatBoost (Optuna) backup,colon32,venn_abers,2,0.618056,0.376788,0.178676
CatBoost (Optuna) backup,connectionist-mines-vs-rocks,raw,2,0.962714,0.189912,0.069158
CatBoost (Optuna) backup,connectionist-mines-vs-rocks,isotonic,2,0.917428,0.210707,0.095275
CatBoost (Optuna) backup,connectionist-mines-vs-rocks,venn_abers,2,0.953495,0.204176,0.074409
CatBoost (Optuna) backup,contraceptive-method-choice,raw,3,0.615878,0.542355,0.042218
CatBoost (Optuna) backup,contraceptive-method-choice,isotonic,3,0.60823,0.548243,0.054938
CatBoost (Optuna) backup,contraceptive-method-choice,venn_abers,3,0.608821,0.547218,0.056539
CatBoost (Optuna) backup,dermatology,raw,6,0.994229,0.04809,0.052752
CatBoost (Optuna) backup,dermatology,isotonic,6,0.98832,0.052521,0.032944
CatBoost (Optuna) backup,dermatology,venn_abers,6,0.993351,0.075392,0.092736
CatBoost (Optuna) backup,eeg-eye-state,raw,2,0.986162,0.083436,0.008033
CatBoost (Optuna) backup,eeg-eye-state,isotonic,2,0.983858,0.083532,0.00629
CatBoost (Optuna) backup,eeg-eye-state,venn_abers,2,0.985009,0.083626,0.007748
CatBoost (Optuna) backup,flare,raw,6,0.734919,0.333748,0.043456
CatBoost (Optuna) backup,flare,isotonic,6,0.732315,0.350725,0.047939
CatBoost (Optuna) backup,flare,venn_abers,6,0.733226,0.379126,0.093857
CatBoost (Optuna) backup,glioma16,raw,2,0.907804,0.258212,0.155716
CatBoost (Optuna) backup,glioma16,isotonic,2,0.840627,0.326476,0.146121
CatBoost (Optuna) backup,glioma16,venn_abers,2,0.823057,0.260716,0.101086
CatBoost (Optuna) backup,habermans-survival,raw,2,0.440076,0.383329,0.108165
CatBoost (Optuna) backup,habermans-survival,isotonic,2,0.373785,0.383283,0.086313
CatBoost (Optuna) backup,habermans-survival,venn_abers,2,0.378951,0.376953,0.085593
CatBoost (Optuna) backup,hayes-roth,raw,3,0.938266,0.212215,0.118385
CatBoost (Optuna) backup,hayes-roth,isotonic,3,0.925823,0.199779,0.079927
CatBoost (Optuna) backup,hayes-roth,venn_abers,3,0.938723,0.202015,0.106574
CatBoost (Optuna) backup,heart-disease-processed-hungarian,raw,2,0.850147,0.316621,0.137191
CatBoost (Optuna) backup,heart-disease-processed-hungarian,isotonic,2,0.735729,0.299162,0.081909
CatBoost (Optuna) backup,heart-disease-processed-hungarian,venn_abers,2,0.770124,0.293914,0.079248
CatBoost (Optuna) backup,hepatitis,raw,2,0.958003,0.334162,0.184299
CatBoost (Optuna) backup,hepatitis,isotonic,2,0.825607,0.412599,0.177447
CatBoost (Optuna) backup,hepatitis,venn_abers,2,0.844114,0.384344,0.147562
CatBoost (Optuna) backup,hill-valley-with-noise,raw,2,0.556032,0.576605,0.17239
CatBoost (Optuna) backup,hill-valley-with-noise,isotonic,2,0.550652,0.501821,0.029772
CatBoost (Optuna) backup,hill-valley-with-noise,venn_abers,2,0.547806,0.49879,0.039361
CatBoost (Optuna) backup,hill-valley-without-noise,raw,2,0.619862,0.584239,0.217322
CatBoost (Optuna) backup,hill-valley-without-noise,isotonic,2,0.595284,0.484021,0.049713
CatBoost (Optuna) backup,hill-valley-without-noise,venn_abers,2,0.598374,0.480785,0.058486
CatBoost (Optuna) backup,indian-liver-patient,raw,2,0.501778,0.380305,0.098427
CatBoost (Optuna) backup,indian-liver-patient,isotonic,2,0.415043,0.385874,0.078494
CatBoost (Optuna) backup,indian-liver-patient,venn_abers,2,0.44169,0.383057,0.075942
CatBoost (Optuna) backup,ionosphere,raw,2,0.976767,0.115327,0.047392
CatBoost (Optuna) backup,ionosphere,isotonic,2,0.937925,0.135572,0.050481
CatBoost (Optuna) backup,ionosphere,venn_abers,2,0.953088,0.133887,0.058141
CatBoost (Optuna) backup,iris,raw,3,0.992776,0.16578,0.155491
CatBoost (Optuna) backup,iris,isotonic,3,0.983351,0.134976,0.131144
CatBoost (Optuna) backup,iris,venn_abers,3,0.981497,0.194616,0.180579
CatBoost (Optuna) backup,led7digit,raw,10,0.764288,0.663566,0.450834
CatBoost (Optuna) backup,led7digit,isotonic,10,0.74226,0.437926,0.09706
CatBoost (Optuna) backup,led7digit,venn_abers,10,0.762876,0.457592,0.180849
CatBoost (Optuna) backup,leukemia-haslinger,raw,2,0.916777,0.397385,0.262754
CatBoost (Optuna) backup,leukemia-haslinger,isotonic,2,0.817936,0.36581,0.227287
CatBoost (Optuna) backup,leukemia-haslinger,venn_abers,2,0.871803,0.354638,0.185754
CatBoost (Optuna) backup,lsvt-voice-rehabilitation,raw,2,0.912149,0.300026,0.135758
CatBoost (Optuna) backup,lsvt-voice-rehabilitation,isotonic,2,0.883953,0.339975,0.15472
CatBoost (Optuna) backup,lsvt-voice-rehabilitation,venn_abers,2,0.895151,0.335029,0.184085
CatBoost (Optuna) backup,magic,raw,2,0.911528,0.177394,0.00869
CatBoost (Optuna) backup,magic,isotonic,2,0.904324,0.178669,0.006263
CatBoost (Optuna) backup,magic,venn_abers,2,0.906807,0.178588,0.005774
CatBoost (Optuna) backup,mammographic-mass,raw,2,0.873064,0.318476,0.162865
CatBoost (Optuna) backup,mammographic-mass,isotonic,2,0.845614,0.264908,0.049342
CatBoost (Optuna) backup,mammographic-mass,venn_abers,2,0.845027,0.26653,0.060759
CatBoost (Optuna) backup,mfeat-fourier,raw,10,0.87238,0.237959,0.04968
CatBoost (Optuna) backup,mfeat-fourier,isotonic,10,0.865201,0.22662,0.028779
CatBoost (Optuna) backup,mfeat-fourier,venn_abers,10,0.869251,0.227405,0.03748
CatBoost (Optuna) backup,molecular-promotor-gene,raw,2,0.93479,0.318672,0.237745
CatBoost (Optuna) backup,molecular-promotor-gene,isotonic,2,0.8926,0.231942,0.089944
CatBoost (Optuna) backup,molecular-promotor-gene,venn_abers,2,0.927503,0.236611,0.100514
CatBoost (Optuna) backup,molecular-splice-junction,raw,3,0.988647,0.064648,0.014071
CatBoost (Optuna) backup,molecular-splice-junction,isotonic,3,0.986694,0.067077,0.012783
CatBoost (Optuna) backup,molecular-splice-junction,venn_abers,3,0.988473,0.067526,0.017732
CatBoost (Optuna) backup,monks1,raw,2,1.0,0.001066,0.016586
CatBoost (Optuna) backup,monks1,isotonic,2,1.0,1e-06,4.2e-05
CatBoost (Optuna) backup,monks1,venn_abers,2,1.0,0.00704,0.022722
CatBoost (Optuna) backup,monks3,raw,2,0.994897,0.113352,0.147929
CatBoost (Optuna) backup,monks3,isotonic,2,0.975769,0.034369,0.011744
CatBoost (Optuna) backup,monks3,venn_abers,2,0.988789,0.044736,0.039247
CatBoost (Optuna) backup,mushroom,raw,2,1.0,2e-06,0.00035
CatBoost (Optuna) backup,mushroom,isotonic,2,1.0,0.0,2e-06
CatBoost (Optuna) backup,mushroom,venn_abers,2,1.0,0.000554,0.002507
CatBoost (Optuna) backup,mushroom-expanded,raw,2,1.0,3e-06,0.000283
CatBoost (Optuna) backup,mushroom-expanded,isotonic,2,1.0,2e-06,2.1e-05
CatBoost (Optuna) backup,mushroom-expanded,venn_abers,2,1.0,0.000642,0.002489
CatBoost (Optuna) backup,nursery-4class,raw,4,1.0,0.000408,0.00458
CatBoost (Optuna) backup,nursery-4class,isotonic,4,1.0,1.5e-05,5.2e-05
CatBoost (Optuna) backup,nursery-4class,venn_abers,4,1.0,0.001245,0.005516
CatBoost (Optuna) backup,optdigits,raw,10,0.998611,0.021153,0.007098
CatBoost (Optuna) backup,optdigits,isotonic,10,0.996352,0.021868,0.005512
CatBoost (Optuna) backup,optdigits,venn_abers,10,0.998648,0.022402,0.016608
CatBoost (Optuna) backup,ozone-eighthr,raw,2,0.508044,0.091523,0.031389
CatBoost (Optuna) backup,ozone-eighthr,isotonic,2,0.443763,0.094848,0.030482
CatBoost (Optuna) backup,ozone-eighthr,venn_abers,2,0.461474,0.094467,0.025145
CatBoost (Optuna) backup,ozone-onehr,raw,2,0.317715,0.049242,0.010253
CatBoost (Optuna) backup,ozone-onehr,isotonic,2,0.258025,0.049627,0.012834
CatBoost (Optuna) backup,ozone-onehr,venn_abers,2,0.28222,0.049498,0.016903
CatBoost (Optuna) backup,page-blocks,raw,5,0.990282,0.041327,0.007936
CatBoost (Optuna) backup,page-blocks,isotonic,5,0.989029,0.042887,0.009172
CatBoost (Optuna) backup,page-blocks,venn_abers,5,0.990013,0.042948,0.0121
CatBoost (Optuna) backup,parkinsons,raw,2,0.992358,0.110112,0.0622
CatBoost (Optuna) backup,parkinsons,isotonic,2,0.980798,0.12319,0.049219
CatBoost (Optuna) backup,parkinsons,venn_abers,2,0.990447,0.133176,0.075772
CatBoost (Optuna) backup,pendigits,raw,10,0.999061,0.009855,0.002969
CatBoost (Optuna) backup,pendigits,isotonic,10,0.998437,0.010073,0.002148
CatBoost (Optuna) backup,pendigits,venn_abers,10,0.999081,0.010719,0.012581
CatBoost (Optuna) backup,phoneme,raw,2,0.91911,0.142117,0.049966
CatBoost (Optuna) backup,phoneme,isotonic,2,0.908136,0.136482,0.019122
CatBoost (Optuna) backup,phoneme,venn_abers,2,0.913464,0.136408,0.015868
CatBoost (Optuna) backup,pima-indians-diabetes,raw,2,0.727361,0.307426,0.037479
CatBoost (Optuna) backup,pima-indians-diabetes,isotonic,2,0.696872,0.312975,0.045672
CatBoost (Optuna) backup,pima-indians-diabetes,venn_abers,2,0.712329,0.311642,0.05011
CatBoost (Optuna) backup,planning-relax,raw,2,0.363742,0.544029,0.252173
CatBoost (Optuna) backup,planning-relax,isotonic,2,0.332663,0.421031,0.053047
CatBoost (Optuna) backup,planning-relax,venn_abers,2,0.347086,0.405325,0.034365
CatBoost (Optuna) backup,qsar-biodegradation,raw,2,0.883066,0.207845,0.056874
CatBoost (Optuna) backup,qsar-biodegradation,isotonic,2,0.853938,0.211198,0.061221
CatBoost (Optuna) backup,qsar-biodegradation,venn_abers,2,0.865871,0.210825,0.067386
CatBoost (Optuna) backup,ringnorm,raw,2,0.995867,0.045299,0.011292
CatBoost (Optuna) backup,ringnorm,isotonic,2,0.993811,0.045382,0.011188
CatBoost (Optuna) backup,ringnorm,venn_abers,2,0.995396,0.045712,0.011516
CatBoost (Optuna) backup,robot-failure-lp1,raw,4,0.934001,0.368057,0.279342
CatBoost (Optuna) backup,robot-failure-lp1,isotonic,4,0.907114,0.247219,0.130422
CatBoost (Optuna) backup,robot-failure-lp1,venn_abers,4,0.942327,0.256656,0.183373
CatBoost (Optuna) backup,robot-failure-lp4,raw,3,0.975037,0.210396,0.151521
CatBoost (Optuna) backup,robot-failure-lp4,isotonic,3,0.921089,0.286099,0.159165
CatBoost (Optuna) backup,robot-failure-lp4,venn_abers,3,0.969556,0.222276,0.133853
CatBoost (Optuna) backup,robot-failure-lp5,raw,5,0.745027,0.437905,0.121325
CatBoost (Optuna) backup,robot-failure-lp5,isotonic,5,0.753324,0.434292,0.111216
CatBoost (Optuna) backup,robot-failure-lp5,venn_abers,5,0.76226,0.419007,0.14507
CatBoost (Optuna) backup,robot-nav-sensor-readings-24,raw,4,0.999873,0.004587,0.001945
CatBoost (Optuna) backup,robot-nav-sensor-readings-24,isotonic,4,0.998825,0.004624,0.002411
CatBoost (Optuna) backup,robot-nav-sensor-readings-24,venn_abers,4,0.999858,0.005133,0.009633
CatBoost (Optuna) backup,robot-nav-sensor-readings-2,raw,4,0.999983,0.002366,0.002697
CatBoost (Optuna) backup,robot-nav-sensor-readings-2,isotonic,4,0.99903,0.003085,0.002199
CatBoost (Optuna) backup,robot-nav-sensor-readings-2,venn_abers,4,0.999977,0.004662,0.013633
CatBoost (Optuna) backup,robot-nav-sensor-readings-4,raw,4,0.999978,0.003079,0.002319
CatBoost (Optuna) backup,robot-nav-sensor-readings-4,isotonic,4,0.998979,0.003491,0.003075
CatBoost (Optuna) backup,robot-nav-sensor-readings-4,venn_abers,4,0.99998,0.011781,0.038623
CatBoost (Optuna) backup,saheart,raw,2,0.62437,0.397867,0.097431
CatBoost (Optuna) backup,saheart,isotonic,2,0.570245,0.385677,0.088424
CatBoost (Optuna) backup,saheart,venn_abers,2,0.586189,0.382227,0.081363
CatBoost (Optuna) backup,seeds,raw,3,0.984162,0.243821,0.205702
CatBoost (Optuna) backup,seeds,isotonic,3,0.861189,0.312438,0.18052
CatBoost (Optuna) backup,seeds,venn_abers,3,0.980592,0.198941,0.163098
CatBoost (Optuna) backup,seismic-bumps,raw,2,0.974858,0.149601,0.097022
CatBoost (Optuna) backup,seismic-bumps,isotonic,2,0.955183,0.123334,0.048155
CatBoost (Optuna) backup,seismic-bumps,venn_abers,2,0.960104,0.125275,0.050489
CatBoost (Optuna) backup,semeion,raw,10,0.987953,0.075583,0.021158
CatBoost (Optuna) backup,semeion,isotonic,10,0.983612,0.079223,0.018401
CatBoost (Optuna) backup,semeion,venn_abers,10,0.987233,0.082838,0.048653
CatBoost (Optuna) backup,skin-segmentation,raw,2,0.999958,0.003093,0.001368
CatBoost (Optuna) backup,skin-segmentation,isotonic,2,0.999772,0.002337,0.000865
CatBoost (Optuna) backup,skin-segmentation,venn_abers,2,0.999955,0.002446,0.002203
CatBoost (Optuna) backup,spambase,raw,2,0.98199,0.067029,0.015142
CatBoost (Optuna) backup,spambase,isotonic,2,0.978779,0.067284,0.012197
CatBoost (Optuna) backup,spambase,venn_abers,2,0.980387,0.067509,0.012071
CatBoost (Optuna) backup,spectf-heart,raw,2,0.983242,0.188981,0.105444
CatBoost (Optuna) backup,spectf-heart,isotonic,2,0.952251,0.169792,0.069167
CatBoost (Optuna) backup,spectf-heart,venn_abers,2,0.966104,0.175432,0.086304
CatBoost (Optuna) backup,statlog-australian-credit,raw,2,0.921501,0.221907,0.088219
CatBoost (Optuna) backup,statlog-australian-credit,isotonic,2,0.891538,0.226918,0.061528
CatBoost (Optuna) backup,statlog-australian-credit,venn_abers,2,0.905707,0.224406,0.05117
CatBoost (Optuna) backup,statlog-german-credit,raw,2,0.625282,0.325712,0.054805
CatBoost (Optuna) backup,statlog-german-credit,isotonic,2,0.607493,0.328478,0.045087
CatBoost (Optuna) backup,statlog-german-credit,venn_abers,2,0.607275,0.328178,0.047931
CatBoost (Optuna) backup,statlog-heart,raw,2,0.909764,0.289248,0.158026
CatBoost (Optuna) backup,statlog-heart,isotonic,2,0.879303,0.251127,0.056436
CatBoost (Optuna) backup,statlog-heart,venn_abers,2,0.898472,0.250745,0.075001
CatBoost (Optuna) backup,statlog-image-segmentation,raw,7,0.997021,0.028289,0.012602
CatBoost (Optuna) backup,statlog-image-segmentation,isotonic,7,0.995157,0.028444,0.006748
CatBoost (Optuna) backup,statlog-image-segmentation,venn_abers,7,0.996911,0.029987,0.030357
CatBoost (Optuna) backup,statlog-landsat-satellite,raw,6,0.966796,0.128474,0.040261
CatBoost (Optuna) backup,statlog-landsat-satellite,isotonic,6,0.961832,0.126914,0.013238
CatBoost (Optuna) backup,statlog-landsat-satellite,venn_abers,6,0.965543,0.127252,0.019135
CatBoost (Optuna) backup,statlog-vehicle-silhouettes,raw,4,0.838694,0.286906,0.033525
CatBoost (Optuna) backup,statlog-vehicle-silhouettes,isotonic,4,0.826625,0.288446,0.061333
CatBoost (Optuna) backup,statlog-vehicle-silhouettes,venn_abers,4,0.834551,0.289284,0.051217
CatBoost (Optuna) backup,systhetic-control,raw,6,0.999176,0.028136,0.035753
CatBoost (Optuna) backup,systhetic-control,isotonic,6,0.994712,0.025921,0.013878
CatBoost (Optuna) backup,systhetic-control,venn_abers,6,0.999093,0.044559,0.076165
CatBoost (Optuna) backup,teaching-assistant-evaluation,raw,3,0.673535,0.626529,0.257171
CatBoost (Optuna) backup,teaching-assistant-evaluation,isotonic,3,0.562518,0.585574,0.135764
CatBoost (Optuna) backup,teaching-assistant-evaluation,venn_abers,3,0.632347,0.562224,0.073857
CatBoost (Optuna) backup,thoracic-surgery,raw,2,0.902429,0.294937,0.120049
CatBoost (Optuna) backup,thoracic-surgery,isotonic,2,0.861845,0.261116,0.05234
CatBoost (Optuna) backup,thoracic-surgery,venn_abers,2,0.865448,0.263536,0.051003
CatBoost (Optuna) backup,thyroid-allbp,raw,5,0.775028,0.395563,0.043831
CatBoost (Optuna) backup,thyroid-allbp,isotonic,5,0.774454,0.391881,0.022695
CatBoost (Optuna) backup,thyroid-allbp,venn_abers,5,0.774692,0.391797,0.021365
CatBoost (Optuna) backup,thyroid-ann,raw,3,0.999784,0.003525,0.002016
CatBoost (Optuna) backup,thyroid-ann,isotonic,3,0.998653,0.004674,0.002337
CatBoost (Optuna) backup,thyroid-ann,venn_abers,3,0.999795,0.004907,0.007879
CatBoost (Optuna) backup,thyroid-newthyroid,raw,3,0.992986,0.289813,0.279747
CatBoost (Optuna) backup,thyroid-newthyroid,isotonic,3,0.97051,0.342972,0.12133
CatBoost (Optuna) backup,thyroid-newthyroid,venn_abers,3,0.978951,0.271647,0.10982
CatBoost (Optuna) backup,thyroid-sick,raw,5,0.772932,0.396562,0.041543
CatBoost (Optuna) backup,thyroid-sick,isotonic,5,0.769143,0.398001,0.03065
CatBoost (Optuna) backup,thyroid-sick,venn_abers,5,0.770916,0.397553,0.03074
CatBoost (Optuna) backup,thyroid-sick-euthyroid,raw,2,0.921174,0.037218,0.00944
CatBoost (Optuna) backup,thyroid-sick-euthyroid,isotonic,2,0.886009,0.038317,0.013054
CatBoost (Optuna) backup,thyroid-sick-euthyroid,venn_abers,2,0.898045,0.038727,0.016779
CatBoost (Optuna) backup,user-knowledge,raw,5,0.957256,0.131816,0.045063
CatBoost (Optuna) backup,user-knowledge,isotonic,5,0.933982,0.138528,0.057204
CatBoost (Optuna) backup,user-knowledge,venn_abers,5,0.953209,0.150313,0.076636
CatBoost (Optuna) backup,vertebra-column-2c,raw,2,0.87929,0.229834,0.041566
CatBoost (Optuna) backup,vertebra-column-2c,isotonic,2,0.792561,0.25759,0.10975
CatBoost (Optuna) backup,vertebra-column-2c,venn_abers,2,0.851661,0.254129,0.091121
CatBoost (Optuna) backup,vertebra-column-3c,raw,3,0.906257,0.269734,0.096664
CatBoost (Optuna) backup,vertebra-column-3c,isotonic,3,0.87859,0.296602,0.129501
CatBoost (Optuna) backup,vertebra-column-3c,venn_abers,3,0.891759,0.304718,0.120834
CatBoost (Optuna) backup,volcanoes-a1,raw,5,0.987176,0.040687,0.016415
CatBoost (Optuna) backup,volcanoes-a1,isotonic,5,0.985228,0.047132,0.010921
CatBoost (Optuna) backup,volcanoes-a1,venn_abers,5,0.986902,0.047112,0.022594
CatBoost (Optuna) backup,volcanoes-a2,raw,5,0.927234,0.169997,0.14147
CatBoost (Optuna) backup,volcanoes-a2,isotonic,5,0.917058,0.139481,0.049355
CatBoost (Optuna) backup,volcanoes-a2,venn_abers,5,0.920435,0.1485,0.064526
CatBoost (Optuna) backup,volcanoes-a4,raw,5,0.918452,0.233507,0.201773
CatBoost (Optuna) backup,volcanoes-a4,isotonic,5,0.902126,0.186288,0.094748
CatBoost (Optuna) backup,volcanoes-a4,venn_abers,5,0.905676,0.199257,0.113753
CatBoost (Optuna) backup,volcanoes-b1,raw,5,0.964895,0.059889,0.034811
CatBoost (Optuna) backup,volcanoes-b1,isotonic,5,0.96316,0.058874,0.007334
CatBoost (Optuna) backup,volcanoes-b1,venn_abers,5,0.963433,0.058812,0.012502
CatBoost (Optuna) backup,volcanoes-b2,raw,5,0.965964,0.055313,0.0211
CatBoost (Optuna) backup,volcanoes-b2,isotonic,5,0.96423,0.054924,0.012765
CatBoost (Optuna) backup,volcanoes-b2,venn_abers,5,0.96484,0.055803,0.020782
CatBoost (Optuna) backup,volcanoes-c1,raw,5,0.976195,0.077573,0.129278
CatBoost (Optuna) backup,volcanoes-c1,isotonic,5,0.970052,0.048111,0.013539
CatBoost (Optuna) backup,volcanoes-c1,venn_abers,5,0.970813,0.049375,0.018732
CatBoost (Optuna) backup,volcanoes-d1,raw,5,0.933178,0.104051,0.03567
CatBoost (Optuna) backup,volcanoes-d1,isotonic,5,0.932001,0.107876,0.047433
CatBoost (Optuna) backup,volcanoes-d1,venn_abers,5,0.933789,0.110243,0.050675
CatBoost (Optuna) backup,volcanoes-d2,raw,5,0.937792,0.131672,0.089012
CatBoost (Optuna) backup,volcanoes-d2,isotonic,5,0.934439,0.129111,0.088704
CatBoost (Optuna) backup,volcanoes-d2,venn_abers,5,0.936395,0.138723,0.097083
CatBoost (Optuna) backup,waveform-v1,raw,3,0.944104,0.199517,0.048792
CatBoost (Optuna) backup,waveform-v1,isotonic,3,0.941402,0.195226,0.011684
CatBoost (Optuna) backup,waveform-v1,venn_abers,3,0.944049,0.1954,0.011573
CatBoost (Optuna) backup,wdbc,raw,2,0.993536,0.044712,0.024252
CatBoost (Optuna) backup,wdbc,isotonic,2,0.978475,0.055893,0.033166
CatBoost (Optuna) backup,wdbc,venn_abers,2,0.992366,0.053528,0.030341
CatBoost (Optuna) backup,wholesale-channel,raw,2,0.936224,0.19179,0.122254
CatBoost (Optuna) backup,wholesale-channel,isotonic,2,0.852967,0.169905,0.081567
CatBoost (Optuna) backup,wholesale-channel,venn_abers,2,0.877944,0.172697,0.076494
CatBoost (Optuna) backup,wholesale-region,raw,3,0.562425,0.517047,0.171221
CatBoost (Optuna) backup,wholesale-region,isotonic,3,0.571131,0.458541,0.075783
CatBoost (Optuna) backup,wholesale-region,venn_abers,3,0.572558,0.454671,0.058401
CatBoost (Optuna) backup,wilt,raw,2,0.935842,0.021658,0.005871
CatBoost (Optuna) backup,wilt,isotonic,2,0.913132,0.021964,0.00694
CatBoost (Optuna) backup,wilt,venn_abers,2,0.927275,0.021986,0.00842
CatBoost (Optuna) backup,wine-quality-5class,raw,5,0.735132,0.475025,0.134857
CatBoost (Optuna) backup,wine-quality-5class,isotonic,5,0.73568,0.451564,0.033496
CatBoost (Optuna) backup,wine-quality-5class,venn_abers,5,0.73667,0.451591,0.031898
CatBoost (Optuna) backup,yeast-4class,raw,4,0.688685,0.476154,0.04407
CatBoost (Optuna) backup,yeast-4class,isotonic,4,0.687621,0.47823,0.043652
CatBoost (Optuna) backup,yeast-4class,venn_abers,4,0.685999,0.47762,0.043825
